사고번호,사고일시,요일,시군구,사고내용,사망자수,중상자수,경상자수,부상신고자수,사고유형,법규위반,노면상태,기상상태,도로형태,가해운전자 차종,가해운전자 성별,가해운전자 연령,가해운전자 상해정도,피해운전자 차종,피해운전자 성별,피해운전자 연령,피해운전자 상해정도
2013010800100178,2013년 1월 8일 11시,화요일,강원도 원주시 개운동,경상사고,0,0,2,0,차대차 - 측면직각충돌,신호위반,건조,맑음,교차로 - 교차로안,승용,여,58세,상해없음,승용,남,43세,경상
2013010800100199,2013년 1월 8일 12시,화요일,강원도 원주시 우산동,경상사고,0,0,1,0,차대차 - 측면직각충돌,교차로운행방법위반,습기,맑음,교차로 - 교차로안,승용,남,44세,상해없음,승용,남,56세,경상
2013010800100200,2013년 1월 8일 12시,화요일,강원도 원주시 단계동,경상사고,0,0,1,0,차대차 - 추돌 - 주정차중,안전거리미확보,건조,맑음,교차로 - 교차로부근,승용,남,47세,상해없음,승용,여,43세,경상
2013010800100201,2013년 1월 8일 12시,화요일,강원도 원주시 단구동,중상사고,0,1,0,0,차대차 - 측면직각충돌,교차로운행방법위반,결빙,맑음,교차로 - 교차로안,이륜,여,67세,중상,승합,남,51세,상해없음
2013010800100202,2013년 1월 8일 12시,화요일,강원도 홍천군 서면,중상사고,0,1,0,0,차대차 - 기타,안전운전불이행,건조,맑음,교차로 - 교차로안,화물,남,22세,상해없음,화물,남,62세,중상
2013010800100227,2013년 1월 8일 13시,화요일,강원도 춘천시 사북면,경상사고,0,0,1,0,차대차 - 기타,안전운전불이행,건조,맑음,교차로 - 교차로안,승합,남,34세,상해없음,승용,남,41세,경상
2013010800100228,2013년 1월 8일 13시,화요일,강원도 태백시 황지동,중상사고,0,1,1,0,차대차 - 측면직각충돌,교차로운행방법위반,건조,맑음,교차로 - 교차로안,승용,남,57세,상해없음,승용,여,53세,경상
2013010800100283,2013년 1월 8일 15시,화요일,강원도 춘천시 남산면,경상사고,0,0,2,0,차대차 - 기타,중앙선침범,결빙,맑음,단일로 - 기타,승용,여,39세,상해없음,승용,남,38세,경상
2013010800100284,2013년 1월 8일 15시,화요일,강원도 화천군 하남면,중상사고,0,2,0,0,차량단독 - 공작물충돌,안전운전불이행,기타,맑음,단일로 - 기타,승용,남,76세,중상,,,,
2013010800100299,2013년 1월 8일 16시,화요일,강원도 강릉시 입암동,중상사고,0,1,0,0,차대차 - 측면직각충돌,신호위반,건조,맑음,교차로 - 교차로안,승용,여,25세,상해없음,화물,남,38세,중상
2013010800100333,2013년 1월 8일 17시,화요일,강원도 춘천시 근화동,경상사고,0,0,1,0,차대차 - 기타,안전운전불이행,건조,맑음,단일로 - 기타,기타불명,기타불명,기타불명,기타불명,승용,남,45세,경상
2013010800100334,2013년 1월 8일 17시,화요일,강원도 삼척시 남양동,경상사고,0,0,1,0,차대차 - 측면직각충돌,중앙선침범,건조,맑음,교차로 - 교차로부근,승용,남,47세,상해없음,승용,여,32세,경상
2013010800100369,2013년 1월 8일 18시,화요일,강원도 춘천시 우두동,중상사고,0,1,0,0,차대사람 - 횡단중,안전운전불이행,건조,맑음,단일로 - 기타,승용,남,56세,상해없음,보행자,남,75세,중상
2013010800100370,2013년 1월 8일 18시,화요일,강원도 동해시 부곡동,사망사고,1,0,0,0,차대사람 - 횡단중,보행자보호의무위반,건조,맑음,단일로 - 횡단보도상,승용,남,63세,상해없음,보행자,남,71세,사망
2013010800100410,2013년 1월 8일 19시,화요일,강원도 원주시 판부면,경상사고,0,0,1,0,차대사람 - 횡단중,안전운전불이행,건조,맑음,교차로 - 교차로안,승용,남,36세,상해없음,보행자,여,31세,경상
2013010800100433,2013년 1월 8일 20시,화요일,강원도 원주시 명륜동,경상사고,0,0,2,0,차대차 - 기타,안전거리미확보,습기,맑음,교차로 - 교차로안,승용,여,49세,상해없음,승용,남,34세,경상
2013010800100457,2013년 1월 8일 21시,화요일,강원도 강릉시 교동,경상사고,0,0,1,0,차대사람 - 횡단중,보행자보호의무위반,건조,맑음,단일로 - 횡단보도상,승용,여,44세,상해없음,보행자,여,31세,경상
2013010800100458,2013년 1월 8일 21시,화요일,강원도 원주시 단구동,경상사고,0,0,2,0,차대차 - 추돌 - 진행중,안전거리미확보,건조,맑음,단일로 - 기타,승용,남,59세,상해없음,승용,남,27세,경상
2013010800100459,2013년 1월 8일 21시,화요일,강원도 춘천시 동산면,경상사고,0,0,2,0,차대차 - 기타,안전운전불이행,습기,맑음,단일로 - 기타,기타불명,기타불명,기타불명,기타불명,승용,여,43세,경상
2013010800100483,2013년 1월 8일 22시,화요일,강원도 춘천시 후평동,경상사고,0,0,1,0,차대차 - 기타,안전운전불이행,기타,맑음,기타 - 기타,승용,남,45세,상해없음,승용,남,23세,경상
2013010800100515,2013년 1월 8일 23시,화요일,강원도 춘천시 석사동,부상신고사고,0,0,0,1,차대차 - 측면직각충돌,중앙선침범,결빙,흐림,교차로 - 교차로부근,승용,남,28세,상해없음,승용,남,25세,부상신고
2013010800100516,2013년 1월 8일 23시,화요일,강원도 원주시 단구동,경상사고,0,0,2,0,차대차 - 추돌 - 주정차중,안전운전불이행,결빙,맑음,교차로 - 교차로부근,승용,남,56세,상해없음,승용,남,29세,경상
2013010900100030,2013년 1월 9일 01시,수요일,강원도 원주시 우산동,경상사고,0,0,2,0,차대차 - 기타,안전운전불이행,건조,맑음,교차로 - 교차로안,승용,남,28세,상해없음,승용,남,41세,경상
2013010900100075,2013년 1월 9일 06시,수요일,강원도 춘천시 퇴계동,경상사고,0,0,2,0,차대차 - 측면직각충돌,교차로운행방법위반,건조,맑음,교차로 - 교차로안,승용,여,36세,경상,승용,여,57세,경상
2013010900100141,2013년 1월 9일 09시,수요일,강원도 강릉시 옥천동,중상사고,0,1,0,0,차대사람 - 횡단중,보행자보호의무위반,건조,맑음,단일로 - 횡단보도상,승합,남,50세,상해없음,보행자,남,22세,중상
2013010900100169,2013년 1월 9일 10시,수요일,강원도 춘천시 후평동,경상사고,0,0,2,0,차대차 - 측면직각충돌,신호위반,습기,맑음,교차로 - 교차로안,승용,여,40세,경상,승용,여,50세,경상
2013010900100216,2013년 1월 9일 12시,수요일,강원도 춘천시 효자동,경상사고,0,0,1,0,차대차 - 측면직각충돌,신호위반,건조,맑음,교차로 - 교차로안,승용,여,53세,상해없음,승용,남,51세,경상
2013010900100217,2013년 1월 9일 12시,수요일,강원도 원주시 판부면,경상사고,0,0,1,0,차대차 - 측면직각충돌,교차로운행방법위반,결빙,맑음,교차로 - 교차로안,승용,여,57세,상해없음,화물,남,55세,경상
2013010900100242,2013년 1월 9일 13시,수요일,강원도 춘천시 동면,경상사고,0,0,3,0,차대차 - 측면직각충돌,교차로운행방법위반,습기,맑음,교차로 - 교차로안,승용,여,56세,기타불명,승용,남,57세,경상
2013010900100243,2013년 1월 9일 13시,수요일,강원도 삼척시 도계읍,경상사고,0,0,3,0,차대차 - 추돌 - 주정차중,안전거리미확보,건조,맑음,단일로 - 기타,화물,남,40세,상해없음,승용,여,29세,경상
2013010900100269,2013년 1월 9일 14시,수요일,강원도 고성군 간성읍,경상사고,0,0,1,0,차대사람 - 횡단중,안전운전불이행,건조,맑음,교차로 - 교차로부근,승용,남,63세,상해없음,보행자,남,13세,경상
2013010900100300,2013년 1월 9일 15시,수요일,강원도 삼척시 남양동,중상사고,0,1,3,0,차대차 - 측면직각충돌,신호위반,건조,맑음,교차로 - 교차로안,승용,남,73세,경상,승용,남,56세,경상
2013010900100425,2013년 1월 9일 19시,수요일,강원도 춘천시 근화동,경상사고,0,0,1,0,차대차 - 추돌 - 진행중,안전운전불이행,건조,맑음,단일로 - 기타,승용,남,52세,상해없음,원동기,여,38세,경상
2013010900100456,2013년 1월 9일 20시,수요일,강원도 속초시 교동,중상사고,0,1,0,0,차대사람 - 횡단중,중앙선침범,건조,맑음,교차로 - 교차로안,승용,남,43세,상해없음,보행자,남,42세,중상
2013010900100457,2013년 1월 9일 20시,수요일,강원도 고성군 간성읍,중상사고,0,1,0,0,차대차 - 측면직각충돌,안전운전불이행,건조,맑음,교차로 - 교차로안,이륜,남,40세,중상,승용,남,19세,상해없음
2013010900100479,2013년 1월 9일 21시,수요일,강원도 춘천시 우두동,부상신고사고,0,0,0,1,차대차 - 기타,안전거리미확보,습기,맑음,단일로 - 기타,승용,여,52세,상해없음,승용,남,54세,상해없음
2013010900100480,2013년 1월 9일 21시,수요일,강원도 정선군 고한읍,중상사고,0,1,0,0,차대차 - 추돌 - 진행중,신호위반,결빙,맑음,단일로 - 기타,승용,남,62세,상해없음,승용,남,36세,중상
2013010900100505,2013년 1월 9일 22시,수요일,강원도 춘천시 우두동,경상사고,0,0,2,0,차대차 - 측면직각충돌,안전거리미확보,건조,맑음,단일로 - 기타,승용,남,46세,상해없음,승용,남,28세,경상
2013010900100506,2013년 1월 9일 22시,수요일,강원도 춘천시 남산면,경상사고,0,0,3,0,차대차 - 정면충돌,중앙선침범,건조,맑음,단일로 - 기타,승용,남,38세,경상,승용,남,32세,경상
2013010900100533,2013년 1월 9일 23시,수요일,강원도 강릉시 주문진읍,경상사고,0,0,1,0,차대차 - 추돌 - 진행중,안전운전불이행,건조,맑음,교차로 - 교차로부근,승용,남,19세,상해없음,승용,남,27세,경상
2013011000100048,2013년 1월 10일 02시,목요일,강원도 춘천시 퇴계동,중상사고,0,1,0,0,차대차 - 추돌 - 주정차중,안전운전불이행,결빙,맑음,단일로 - 기타,승용,남,48세,상해없음,건설기계,남,43세,기타불명
2013011000100067,2013년 1월 10일 04시,목요일,강원도 원주시 중앙동,경상사고,0,0,1,0,차대사람 - 횡단중,보행자보호의무위반,건조,맑음,교차로 - 교차로안,화물,남,39세,상해없음,보행자,여,76세,경상
2013011000100089,2013년 1월 10일 06시,목요일,강원도 원주시 문막읍,중상사고,0,1,2,0,차대차 - 추돌 - 주정차중,안전운전불이행,건조,흐림,단일로 - 기타,화물,남,23세,중상,화물,남,47세,경상
2013011000100137,2013년 1월 10일 08시,목요일,강원도 원주시 무실동,경상사고,0,0,2,0,차대차 - 추돌 - 진행중,신호위반,건조,맑음,교차로 - 교차로안,승합,남,59세,상해없음,건설기계,남,55세,경상
2013011000100138,2013년 1월 10일 08시,목요일,강원도 횡성군 안흥면,중상사고,0,1,0,0,차대차 - 측면직각충돌,안전운전불이행,건조,맑음,단일로 - 기타,화물,남,66세,상해없음,승용,남,48세,중상
2013011000100174,2013년 1월 10일 09시,목요일,강원도 철원군 김화읍,중상사고,0,1,4,0,차대차 - 측면직각충돌,안전운전불이행,결빙,맑음,단일로 - 기타,승용,남,26세,경상,화물,남,56세,중상
2013011000100222,2013년 1월 10일 11시,목요일,강원도 춘천시 운교동,중상사고,0,1,0,0,차대사람 - 차도통행중,중앙선침범,건조,맑음,단일로 - 기타,승용,여,44세,상해없음,보행자,여,76세,중상
2013011000100223,2013년 1월 10일 11시,목요일,강원도 원주시 일산동,중상사고,0,1,0,0,차대사람 - 횡단중,보행자보호의무위반,건조,맑음,단일로 - 기타,화물,남,45세,상해없음,보행자,남,42세,중상
2013011000100245,2013년 1월 10일 12시,목요일,강원도 원주시 무실동,부상신고사고,0,0,0,1,차대차 - 추돌 - 주정차중,안전운전불이행,습기,맑음,교차로 - 교차로부근,승용,남,41세,부상신고,승용,남,42세,상해없음
2013011000100310,2013년 1월 10일 15시,목요일,강원도 춘천시 요선동,경상사고,0,0,1,0,차대사람 - 기타,안전운전불이행,적설,흐림,단일로 - 기타,승용,남,75세,상해없음,보행자,남,24세,경상
2013011000100311,2013년 1월 10일 15시,목요일,강원도 홍천군 서면,경상사고,0,0,2,0,차대차 - 기타,중앙선침범,결빙,맑음,기타 - 기타,화물,남,27세,상해없음,승용,남,31세,경상
2013011000100360,2013년 1월 10일 17시,목요일,강원도 춘천시 서면,중상사고,0,1,0,0,차대차 - 추돌 - 진행중,안전운전불이행,습기,맑음,단일로 - 교량,화물,남,29세,상해없음,자전거,남,22세,중상
2013011000100361,2013년 1월 10일 17시,목요일,강원도 원주시 무실동,경상사고,0,0,1,0,차대차 - 측면직각충돌,신호위반,건조,맑음,교차로 - 교차로안,승용,남,35세,상해없음,승용,여,37세,경상
2013011000100495,2013년 1월 10일 21시,목요일,강원도 속초시 동명동,경상사고,0,0,1,0,차대차 - 측면직각충돌,신호위반,건조,맑음,교차로 - 교차로안,승용,남,48세,상해없음,승용,남,72세,경상
2013011000100557,2013년 1월 10일 23시,목요일,강원도 춘천시 동내면,경상사고,0,0,2,0,차대차 - 기타,안전운전불이행,건조,맑음,교차로 - 교차로안,승용,남,29세,상해없음,승용,남,49세,경상
2013011100100045,2013년 1월 11일 01시,금요일,강원도 원주시 명륜동,경상사고,0,0,1,0,차대차 - 추돌 - 진행중,안전운전불이행,건조,맑음,단일로 - 기타,화물,남,60세,상해없음,승용,남,59세,경상
2013011100100093,2013년 1월 11일 05시,금요일,강원도 춘천시 효자동,경상사고,0,0,2,0,차대차 - 측면직각충돌,중앙선침범,적설,눈,단일로 - 기타,승용,남,26세,상해없음,승용,남,65세,경상
2013011100100134,2013년 1월 11일 07시,금요일,강원도 삼척시 정상동,경상사고,0,0,1,0,차대차 - 측면직각충돌,교차로운행방법위반,건조,맑음,교차로 - 교차로부근,승합,남,74세,상해없음,승용,남,31세,경상
2013011100100182,2013년 1월 11일 09시,금요일,강원도 원주시 지정면,경상사고,0,0,1,0,차대차 - 기타,직진우회전진행방해,습기,맑음,교차로 - 교차로안,화물,남,44세,상해없음,승용,남,46세,경상
2013011100100209,2013년 1월 11일 10시,금요일,강원도 강릉시 포남동,경상사고,0,0,2,0,차대차 - 측면직각충돌,신호위반,건조,맑음,교차로 - 교차로안,승용,남,45세,상해없음,승용,남,54세,경상
2013011100100279,2013년 1월 11일 13시,금요일,강원도 삼척시 하장면,경상사고,0,0,1,0,차대차 - 정면충돌,중앙선침범,건조,맑음,단일로 - 기타,승용,남,51세,상해없음,건설기계,남,40세,경상
2013011100100304,2013년 1월 11일 14시,금요일,강원도 춘천시 신동면,중상사고,0,1,0,0,차대차 - 추돌 - 주정차중,안전운전불이행,결빙,맑음,단일로 - 기타,승용,남,50세,상해없음,승용,남,41세,기타불명
2013011100100305,2013년 1월 11일 14시,금요일,강원도 평창군 봉평면,경상사고,0,0,2,0,차대차 - 측면직각충돌,중앙선침범,건조,맑음,교차로 - 교차로부근,승용,남,18세,상해없음,승용,남,40세,경상
2013011100100338,2013년 1월 11일 15시,금요일,강원도 삼척시 정상동,경상사고,0,0,3,0,차대차 - 측면직각충돌,신호위반,건조,맑음,교차로 - 교차로안,승용,남,51세,경상,승용,남,52세,경상
2013011100100412,2013년 1월 11일 17시,금요일,강원도 춘천시 석사동,경상사고,0,0,1,0,차대차 - 추돌 - 진행중,안전운전불이행,습기,맑음,교차로 - 교차로부근,승용,남,56세,상해없음,승용,남,37세,상해없음
2013011100100447,2013년 1월 11일 18시,금요일,강원도 삼척시 교동,중상사고,0,1,2,0,차대차 - 측면직각충돌,안전운전불이행,건조,맑음,교차로 - 교차로안,승용,여,58세,경상,화물,남,63세,중상
2013011100100510,2013년 1월 11일 19시,금요일,강원도 원주시 단구동,중상사고,0,2,1,0,차대차 - 측면직각충돌,안전운전불이행,건조,맑음,교차로 - 교차로안,승용,남,60세,경상,승용,남,44세,중상
2013011100100554,2013년 1월 11일 20시,금요일,강원도 춘천시 효자동,경상사고,0,0,3,0,차대차 - 기타,안전운전불이행,습기,맑음,교차로 - 교차로안,승용,남,51세,경상,승용,남,54세,경상
2013011100100555,2013년 1월 11일 20시,금요일,강원도 춘천시 효자동,중상사고,0,1,0,0,차대사람 - 횡단중,신호위반,습기,기타,단일로 - 기타,승용,여,24세,상해없음,보행자,여,21세,중상
2013011100100678,2013년 1월 11일 23시,금요일,강원도 속초시 조양동,경상사고,0,0,1,0,차대사람 - 횡단중,안전운전불이행,건조,맑음,교차로 - 교차로부근,승용,남,46세,상해없음,보행자,남,40세,경상
2013011100100679,2013년 1월 11일 23시,금요일,강원도 동해시 이도동,경상사고,0,0,1,0,차대사람 - 기타,안전운전불이행,건조,맑음,교차로 - 교차로안,승용,남,67세,상해없음,보행자,남,44세,경상
2013011200100026,2013년 1월 12일 00시,토요일,강원도 춘천시 동내면,사망사고,1,0,0,0,차대차 - 정면충돌,중앙선침범,습기,흐림,단일로 - 기타,승용,남,24세,상해없음,승용,남,50세,사망
2013011200100027,2013년 1월 12일 00시,토요일,강원도 춘천시 퇴계동,경상사고,0,0,1,0,차대차 - 기타,신호위반,습기,맑음,교차로 - 교차로안,승용,남,34세,상해없음,승용,남,60세,경상
2013011200100066,2013년 1월 12일 01시,토요일,강원도 원주시 학성동,경상사고,0,0,1,0,차대차 - 추돌 - 주정차중,안전운전불이행,습기,맑음,단일로 - 기타,승용,남,44세,상해없음,승용,남,45세,경상
2013011200100163,2013년 1월 12일 07시,토요일,강원도 속초시 조양동,중상사고,0,1,0,0,차대사람 - 횡단중,신호위반,건조,맑음,교차로 - 교차로부근,승용,남,70세,상해없음,보행자,여,13세,중상
2013011200100192,2013년 1월 12일 09시,토요일,강원도 원주시 단계동,경상사고,0,0,2,0,차대차 - 기타,안전거리미확보,건조,흐림,교차로 - 교차로부근,승용,남,26세,상해없음,화물,남,69세,경상
2013011200100193,2013년 1월 12일 09시,토요일,강원도 태백시 소도동,경상사고,0,0,1,0,차대사람 - 기타,안전운전불이행,습기,눈,교차로 - 교차로부근,화물,남,69세,상해없음,보행자,여,57세,경상
2013011200100194,2013년 1월 12일 09시,토요일,강원도 철원군 동송읍,중상사고,0,1,2,0,차대차 - 측면직각충돌,교차로운행방법위반,결빙,맑음,교차로 - 교차로안,승용,남,51세,상해없음,승용,남,62세,경상
2013011200100212,2013년 1월 12일 10시,토요일,강원도 화천군 하남면,경상사고,0,0,2,0,차대차 - 기타,중앙선침범,습기,기타,단일로 - 기타,승용,남,43세,상해없음,승용,남,70세,경상
2013011200100237,2013년 1월 12일 11시,토요일,강원도 강릉시 포남동,경상사고,0,0,1,0,차대차 - 측면직각충돌,안전운전불이행,건조,맑음,교차로 - 교차로안,승용,남,43세,상해없음,화물,여,56세,경상
2013011200100238,2013년 1월 12일 11시,토요일,강원도 양양군 양양읍,경상사고,0,0,1,0,차대차 - 측면직각충돌,교차로운행방법위반,건조,맑음,교차로 - 교차로안,승용,여,34세,상해없음,승용,남,51세,경상
2013011200100239,2013년 1월 12일 11시,토요일,강원도 화천군 사내면,중상사고,0,1,0,0,차량단독 - 공작물충돌,안전운전불이행,적설,흐림,단일로 - 기타,화물,남,51세,중상,,,,
2013011200100240,2013년 1월 12일 11시,토요일,강원도 고성군 토성면,중상사고,0,2,0,0,차량단독 - 전도전복,안전운전불이행,건조,맑음,단일로 - 기타,승용,남,55세,상해없음,,,,
2013011200100279,2013년 1월 12일 12시,토요일,강원도 강릉시 입암동,경상사고,0,0,1,0,차대차 - 추돌 - 진행중,안전운전불이행,건조,맑음,기타 - 기타,승용,여,39세,상해없음,승용,남,48세,경상
2013011200100280,2013년 1월 12일 12시,토요일,강원도 삼척시 원덕읍,중상사고,0,2,0,0,차량단독 - 전도전복,안전운전불이행,건조,맑음,단일로 - 기타,승용,남,55세,중상,,,,
2013011200100306,2013년 1월 12일 13시,토요일,강원도 춘천시 후평동,경상사고,0,0,1,0,차대차 - 측면직각충돌,안전운전불이행,건조,맑음,교차로 - 교차로안,승용,남,49세,상해없음,승용,남,29세,경상
2013011200100307,2013년 1월 12일 13시,토요일,강원도 춘천시 신북읍,경상사고,0,0,1,0,차대사람 - 길가장자리구역통행중,안전운전불이행,습기,맑음,단일로 - 기타,승용,여,32세,상해없음,보행자,여,55세,경상
2013011200100336,2013년 1월 12일 14시,토요일,강원도 속초시 조양동,중상사고,0,1,3,0,차대차 - 측면직각충돌,교차로운행방법위반,건조,맑음,교차로 - 교차로안,승용,남,62세,상해없음,승용,여,32세,경상
2013011200100385,2013년 1월 12일 16시,토요일,강원도 원주시 봉산동,경상사고,0,0,1,0,차대사람 - 기타,안전운전불이행,습기,맑음,교차로 - 교차로안,기타불명,기타불명,기타불명,기타불명,보행자,여,69세,경상
2013011200100386,2013년 1월 12일 16시,토요일,강원도 평창군 진부면,중상사고,0,1,0,0,차량단독 - 도로외이탈 - 추락,안전운전불이행,습기,맑음,단일로 - 기타,승용,남,57세,상해없음,,,,
2013011200100408,2013년 1월 12일 17시,토요일,강원도 춘천시 퇴계동,경상사고,0,0,2,0,차대차 - 측면직각충돌,안전운전불이행,건조,맑음,단일로 - 기타,승용,남,49세,상해없음,승용,여,43세,경상
2013011200100409,2013년 1월 12일 17시,토요일,강원도 원주시 흥업면,중상사고,0,1,4,0,차대차 - 측면직각충돌,신호위반,습기,맑음,교차로 - 교차로안,화물,남,44세,상해없음,승용,여,42세,경상
2013011200100410,2013년 1월 12일 17시,토요일,강원도 원주시 문막읍,경상사고,0,0,4,0,차대차 - 측면직각충돌,안전운전불이행,건조,맑음,교차로 - 교차로안,화물,남,51세,상해없음,승용,남,39세,경상
2013011200100485,2013년 1월 12일 19시,토요일,강원도 춘천시 운교동,경상사고,0,0,2,0,차대차 - 측면직각충돌,안전운전불이행,건조,맑음,교차로 - 교차로부근,승용,남,52세,상해없음,승용,남,31세,경상
2013011200100486,2013년 1월 12일 19시,토요일,강원도 원주시 일산동,경상사고,0,0,1,0,차대차 - 기타,신호위반,건조,맑음,교차로 - 교차로안,승용,남,71세,상해없음,승용,남,30세,경상
2013011200100487,2013년 1월 12일 19시,토요일,강원도 원주시 태장동,경상사고,0,0,1,0,차대차 - 측면직각충돌,안전거리미확보,습기,맑음,단일로 - 기타,승용,남,58세,상해없음,승용,남,32세,경상
2013011200100488,2013년 1월 12일 19시,토요일,강원도 원주시 개운동,중상사고,0,1,2,0,차대차 - 측면직각충돌,교차로운행방법위반,건조,맑음,교차로 - 교차로안,승용,남,29세,상해없음,승용,여,42세,중상
2013011200100489,2013년 1월 12일 19시,토요일,강원도 속초시 대포동,경상사고,0,0,1,0,차대차 - 측면직각충돌,교차로운행방법위반,건조,맑음,교차로 - 교차로안,승용,남,56세,상해없음,승용,여,53세,경상
2013011200100571,2013년 1월 12일 22시,토요일,강원도 속초시 노학동,중상사고,0,1,0,0,차량단독 - 공작물충돌,안전운전불이행,건조,맑음,교차로 - 교차로부근,승용,남,32세,상해없음,,,,
2013011200100601,2013년 1월 12일 23시,토요일,강원도 원주시 단계동,경상사고,0,0,1,0,차대사람 - 기타,안전운전불이행,건조,흐림,단일로 - 기타,승용,남,37세,상해없음,보행자,남,37세,경상
2013011300100011,2013년 1월 13일 00시,일요일,강원도 춘천시 석사동,경상사고,0,0,1,0,차대차 - 추돌 - 진행중,기타,결빙,맑음,단일로 - 기타,승용,남,32세,상해없음,승용,남,57세,경상
2013011300100034,2013년 1월 13일 01시,일요일,강원도 춘천시 후평동,경상사고,0,0,4,0,차대차 - 측면직각충돌,교차로운행방법위반,습기,맑음,교차로 - 교차로안,승용,남,42세,상해없음,승용,남,58세,경상
2013011300100054,2013년 1월 13일 02시,일요일,강원도 속초시 교동,중상사고,0,1,0,0,차대사람 - 횡단중,안전운전불이행,건조,맑음,교차로 - 교차로부근,승용,여,54세,상해없음,보행자,여,50세,중상
2013011300100132,2013년 1월 13일 08시,일요일,강원도 평창군 봉평면,경상사고,0,0,4,0,차대차 - 측면직각충돌,안전운전불이행,건조,맑음,교차로 - 교차로안,승용,여,32세,상해없음,승용,남,37세,경상
2013011300100138,2013년 1월 13일 09시,일요일,강원도 춘천시 서면,중상사고,0,2,2,0,차대차 - 측면직각충돌,안전거리미확보,건조,맑음,교차로 - 교차로부근,승용,여,53세,상해없음,화물,남,44세,중상
2013011300100170,2013년 1월 13일 11시,일요일,강원도 인제군 기린면,중상사고,0,3,0,0,차대차 - 측면직각충돌,중앙선침범,건조,맑음,단일로 - 기타,화물,남,69세,상해없음,승용,남,72세,중상
2013011300100200,2013년 1월 13일 13시,일요일,강원도 원주시 명륜동,중상사고,0,1,0,0,차대차 - 측면직각충돌,신호위반,건조,맑음,교차로 - 교차로부근,승용,남,33세,상해없음,이륜,남,44세,중상
2013011300100238,2013년 1월 13일 15시,일요일,강원도 평창군 대관령면,경상사고,0,0,3,0,차대차 - 측면직각충돌,안전운전불이행,적설,흐림,단일로 - 교량,승용,남,35세,상해없음,승용,남,35세,경상
2013011300100239,2013년 1월 13일 15시,일요일,강원도 철원군 갈말읍,중상사고,0,1,0,0,차대사람 - 기타,안전운전불이행,결빙,맑음,단일로 - 기타,승용,남,53세,상해없음,보행자,남,24세,중상
2013011300100273,2013년 1월 13일 17시,일요일,강원도 원주시 명륜동,경상사고,0,0,1,0,차대차 - 측면직각충돌,신호위반,건조,맑음,교차로 - 교차로안,승용,여,38세,상해없음,승용,여,45세,경상
2013011300100304,2013년 1월 13일 18시,일요일,강원도 춘천시 동면,부상신고사고,0,0,0,1,차대차 - 추돌 - 주정차중,안전운전불이행,결빙,맑음,단일로 - 기타,승용,여,42세,상해없음,승용,남,31세,기타불명
2013011300100342,2013년 1월 13일 19시,일요일,강원도 원주시 단계동,경상사고,0,0,2,0,차대차 - 측면직각충돌,중앙선침범,결빙,맑음,단일로 - 기타,화물,남,59세,상해없음,화물,남,54세,경상
2013011300100343,2013년 1월 13일 19시,일요일,강원도 원주시 단계동,경상사고,0,0,1,0,차대차 - 측면직각충돌,신호위반,건조,맑음,교차로 - 교차로부근,이륜,남,49세,상해없음,승용,여,54세,경상
2013011300100369,2013년 1월 13일 20시,일요일,강원도 원주시 개운동,경상사고,0,0,1,0,차대사람 - 횡단중,안전운전불이행,건조,맑음,교차로 - 교차로부근,승합,여,48세,상해없음,보행자,여,52세,경상
2013011300100399,2013년 1월 13일 21시,일요일,강원도 평창군 대관령면,중상사고,0,2,1,0,차대차 - 측면직각충돌,중앙선침범,습기,흐림,단일로 - 기타,승용,남,43세,상해없음,승용,여,43세,중상
2013011300100400,2013년 1월 13일 21시,일요일,강원도 횡성군 우천면,중상사고,0,3,0,0,차대차 - 측면직각충돌,과속,건조,흐림,단일로 - 기타,승용,남,49세,상해없음,승용,여,45세,중상
2013011300100428,2013년 1월 13일 22시,일요일,강원도 원주시 개운동,경상사고,0,0,1,0,차대차 - 기타,안전거리미확보,건조,맑음,단일로 - 기타,승용,여,51세,상해없음,승용,남,52세,경상
2013011300100448,2013년 1월 13일 23시,일요일,강원도 영월군 영월읍,경상사고,0,0,1,0,차대차 - 기타,교차로운행방법위반,습기,맑음,교차로 - 교차로안,승용,남,27세,상해없음,원동기,남,16세,경상
2013011400100104,2013년 1월 14일 08시,월요일,강원도 원주시 단구동,중상사고,0,2,1,0,차대차 - 측면직각충돌,안전운전불이행,건조,맑음,교차로 - 교차로부근,승용,남,60세,중상,승용,여,56세,경상
2013011400100128,2013년 1월 14일 09시,월요일,강원도 원주시 단계동,경상사고,0,0,1,0,차대차 - 추돌 - 진행중,안전운전불이행,건조,맑음,단일로 - 기타,건설기계,남,53세,상해없음,승용,여,38세,경상
2013011400100129,2013년 1월 14일 09시,월요일,강원도 원주시 명륜동,경상사고,0,0,1,0,차대사람 - 기타,안전운전불이행,건조,맑음,교차로 - 교차로부근,승용,여,39세,상해없음,보행자,남,37세,경상
2013011400100130,2013년 1월 14일 09시,월요일,강원도 동해시 효가동,중상사고,0,2,0,0,차대차 - 기타,중앙선침범,건조,맑음,단일로 - 기타,승용,남,41세,상해없음,승용,여,42세,중상
2013011400100156,2013년 1월 14일 10시,월요일,강원도 원주시 무실동,경상사고,0,0,1,0,차대차 - 추돌 - 진행중,안전거리미확보,건조,맑음,교차로 - 교차로안,화물,남,70세,상해없음,승합,남,29세,경상
2013011400100157,2013년 1월 14일 10시,월요일,강원도 철원군 철원읍,중상사고,0,1,0,0,차대사람 - 기타,안전운전불이행,습기,맑음,단일로 - 기타,승합,남,46세,상해없음,보행자,여,59세,중상