사고번호,사고일시,요일,시군구,사고내용,사망자수,중상자수,경상자수,부상신고자수,사고유형,법규위반,노면상태,기상상태,도로형태,가해운전자 차종,가해운전자 성별,가해운전자 연령,가해운전자 상해정도,피해운전자 차종,피해운전자 성별,피해운전자 연령,피해운전자 상해정도
2013020700100401,2013년 2월 7일 19시,목요일,강원도 원주시 반곡동,경상사고,0,0,1,0,차대차 - 정면충돌,안전운전불이행,건조,맑음,단일로 - 기타,승용,여,28세,상해없음,승용,여,50세,경상
2013020700100471,2013년 2월 7일 21시,목요일,강원도 춘천시 석사동,경상사고,0,0,1,0,차대차 - 측면직각충돌,신호위반,건조,맑음,교차로 - 교차로안,승합,남,47세,상해없음,승용,남,51세,경상
2013020700100472,2013년 2월 7일 21시,목요일,강원도 홍천군 홍천읍,중상사고,0,1,0,0,차대사람 - 기타,보행자보호의무위반,건조,맑음,교차로 - 교차로부근,승용,남,40세,상해없음,보행자,여,45세,중상
2013020800100008,2013년 2월 8일 00시,금요일,강원도 춘천시 근화동,경상사고,0,0,2,0,차대차 - 측면직각충돌,안전거리미확보,건조,흐림,교차로 - 교차로부근,승용,남,38세,상해없음,승용,남,40세,경상
2013020800100009,2013년 2월 8일 00시,금요일,강원도 원주시 단구동,경상사고,0,0,4,0,차대차 - 추돌 - 진행중,신호위반,건조,맑음,교차로 - 교차로안,승용,남,38세,경상,승용,남,40세,경상
2013020800100010,2013년 2월 8일 00시,금요일,강원도 양양군 서면,중상사고,0,1,0,0,차량단독 - 공작물충돌,안전운전불이행,건조,맑음,단일로 - 기타,승용,남,34세,중상,,,,
2013020800100011,2013년 2월 8일 00시,금요일,강원도 영월군 영월읍,중상사고,0,1,0,0,차량단독 - 공작물충돌,안전운전불이행,결빙,맑음,기타 - 기타,승용,남,21세,상해없음,,,,
2013020800100079,2013년 2월 8일 06시,금요일,강원도 화천군 간동면,사망사고,1,0,0,0,차량단독 - 공작물충돌,안전운전불이행,건조,맑음,단일로 - 기타,승용,남,57세,사망,,,,
2013020800100119,2013년 2월 8일 08시,금요일,강원도 원주시 명륜동,경상사고,0,0,2,0,차대차 - 기타,안전운전불이행,건조,맑음,단일로 - 기타,승용,남,43세,상해없음,승용,남,26세,경상
2013020800100240,2013년 2월 8일 13시,금요일,강원도 횡성군 우천면,경상사고,0,0,1,0,차대차 - 기타,중앙선침범,습기,맑음,단일로 - 기타,승용,남,59세,상해없음,화물,남,53세,경상
2013020800100241,2013년 2월 8일 13시,금요일,강원도 동해시 구호동,중상사고,0,1,0,0,차대차 - 기타,안전운전불이행,건조,맑음,단일로 - 기타,화물,남,18세,상해없음,건설기계,남,30세,상해없음
2013020800100271,2013년 2월 8일 14시,금요일,강원도 원주시 개운동,중상사고,0,2,1,0,차대차 - 측면직각충돌,직진우회전진행방해,건조,맑음,교차로 - 교차로안,승용,남,48세,중상,승용,남,51세,중상
2013020800100327,2013년 2월 8일 16시,금요일,강원도 원주시 일산동,경상사고,0,0,2,0,차대차 - 기타,안전운전불이행,건조,맑음,교차로 - 교차로안,승용,남,73세,상해없음,승용,남,52세,경상
2013020800100364,2013년 2월 8일 17시,금요일,강원도 삼척시 신기면,중상사고,0,1,1,0,차대차 - 측면직각충돌,안전운전불이행,건조,맑음,단일로 - 기타,승용,남,69세,상해없음,승용,여,62세,중상
2013020800100399,2013년 2월 8일 18시,금요일,강원도 춘천시 온의동,경상사고,0,0,1,0,차대사람 - 기타,안전운전불이행,결빙,맑음,교차로 - 교차로부근,승용,남,64세,상해없음,보행자,남,75세,경상
2013020800100400,2013년 2월 8일 18시,금요일,강원도 태백시 문곡동,경상사고,0,0,2,0,차대차 - 기타,안전운전불이행,결빙,맑음,단일로 - 기타,승용,여,48세,경상,승합,여,37세,상해없음
2013020800100401,2013년 2월 8일 18시,금요일,강원도 동해시 이도동,중상사고,0,1,0,0,차대차 - 측면직각충돌,직진우회전진행방해,건조,맑음,교차로 - 교차로안,화물,남,66세,상해없음,이륜,남,49세,중상
2013020800100452,2013년 2월 8일 19시,금요일,강원도 강릉시 청량동,경상사고,0,0,1,0,차대차 - 측면직각충돌,신호위반,건조,맑음,교차로 - 교차로안,승용,남,69세,상해없음,화물,남,27세,경상
2013020800100490,2013년 2월 8일 20시,금요일,강원도 춘천시 석사동,경상사고,0,0,1,0,차대차 - 측면직각충돌,안전거리미확보,건조,맑음,단일로 - 기타,승용,남,28세,상해없음,원동기,남,16세,경상
2013020800100491,2013년 2월 8일 20시,금요일,강원도 원주시 개운동,중상사고,0,1,0,0,차대사람 - 횡단중,보행자보호의무위반,건조,맑음,단일로 - 횡단보도상,승용,여,47세,상해없음,보행자,남,27세,중상
2013020800100569,2013년 2월 8일 22시,금요일,강원도 춘천시 동내면,경상사고,0,0,1,0,차대사람 - 길가장자리구역통행중,안전운전불이행,습기,맑음,단일로 - 기타,승용,남,41세,상해없음,보행자,남,27세,경상
2013020800100570,2013년 2월 8일 22시,금요일,강원도 강릉시 교동,경상사고,0,0,3,0,차대차 - 측면직각충돌,신호위반,건조,맑음,교차로 - 교차로안,승용,여,55세,상해없음,승용,남,50세,경상
2013020800100591,2013년 2월 8일 23시,금요일,강원도 홍천군 홍천읍,중상사고,0,1,0,0,차대차 - 기타,안전운전불이행,건조,맑음,단일로 - 기타,승용,남,53세,상해없음,승합,남,41세,중상
2013020900100008,2013년 2월 9일 00시,토요일,강원도 속초시 조양동,중상사고,0,1,0,0,차대사람 - 횡단중,안전운전불이행,건조,맑음,교차로 - 교차로안,승용,남,29세,상해없음,보행자,여,36세,중상
2013020900100038,2013년 2월 9일 01시,토요일,강원도 원주시 단구동,중상사고,0,1,0,0,차대차 - 추돌 - 진행중,안전운전불이행,건조,맑음,단일로 - 기타,승용,남,41세,상해없음,승용,여,50세,중상
2013020900100082,2013년 2월 9일 03시,토요일,강원도 삼척시 사직동,경상사고,0,0,1,0,차대차 - 측면직각충돌,직진우회전진행방해,건조,맑음,교차로 - 교차로안,승용,남,46세,상해없음,승용,남,60세,상해없음
2013020900100134,2013년 2월 9일 08시,토요일,강원도 춘천시 신북읍,중상사고,0,1,0,0,차대사람 - 기타,안전운전불이행,결빙,맑음,단일로 - 기타,승용,남,28세,상해없음,보행자,여,63세,중상
2013020900100146,2013년 2월 9일 09시,토요일,강원도 횡성군 둔내면,중상사고,0,1,1,0,차대차 - 기타,안전운전불이행,건조,맑음,단일로 - 기타,승합,남,69세,상해없음,화물,남,51세,중상
2013020900100161,2013년 2월 9일 10시,토요일,강원도 고성군 간성읍,중상사고,0,1,0,0,차대사람 - 길가장자리구역통행중,안전운전불이행,건조,맑음,단일로 - 기타,승용,여,43세,상해없음,보행자,여,52세,중상
2013020900100207,2013년 2월 9일 13시,토요일,강원도 원주시 명륜동,경상사고,0,0,3,0,차대차 - 추돌 - 주정차중,안전거리미확보,건조,맑음,교차로 - 교차로부근,승용,여,33세,상해없음,승용,남,58세,경상
2013020900100226,2013년 2월 9일 14시,토요일,강원도 평창군 평창읍,중상사고,0,4,0,0,차대차 - 측면직각충돌,안전운전불이행,건조,맑음,단일로 - 기타,화물,남,47세,중상,화물,남,43세,중상
2013020900100262,2013년 2월 9일 16시,토요일,강원도 속초시 조양동,중상사고,0,1,0,0,차대차 - 측면직각충돌,안전운전불이행,건조,맑음,단일로 - 기타,승용,남,58세,상해없음,원동기,남,58세,중상
2013020900100280,2013년 2월 9일 17시,토요일,강원도 원주시 문막읍,중상사고,0,1,0,0,차대차 - 기타,안전운전불이행,건조,맑음,교차로 - 교차로안,승용,남,49세,상해없음,자전거,남,69세,중상
2013020900100281,2013년 2월 9일 17시,토요일,강원도 동해시 발한동,경상사고,0,0,2,0,차대차 - 측면직각충돌,신호위반,건조,맑음,교차로 - 교차로안,승용,남,55세,상해없음,승용,남,70세,경상
2013020900100300,2013년 2월 9일 18시,토요일,강원도 강릉시 초당동,경상사고,0,0,4,0,차대차 - 측면직각충돌,안전운전불이행,건조,맑음,단일로 - 기타,승용,여,47세,상해없음,승용,남,30세,경상
2013020900100301,2013년 2월 9일 18시,토요일,강원도 강릉시 성산면,중상사고,0,1,0,0,차대사람 - 기타,안전운전불이행,건조,맑음,단일로 - 기타,승용,남,45세,상해없음,보행자,남,41세,중상
2013020900100316,2013년 2월 9일 19시,토요일,강원도 속초시 청호동,경상사고,0,0,1,0,차대차 - 추돌 - 진행중,불법유턴,건조,맑음,단일로 - 교량,승용,남,58세,상해없음,승용,남,38세,경상
2013020900100317,2013년 2월 9일 19시,토요일,강원도 정선군 정선읍,사망사고,1,0,0,0,차대사람 - 횡단중,안전운전불이행,건조,맑음,교차로 - 교차로안,화물,남,56세,상해없음,보행자,남,82세,사망
2013020900100388,2013년 2월 9일 23시,토요일,강원도 강릉시 교동,중상사고,0,1,0,0,차량단독 - 전도전복,안전운전불이행,건조,맑음,단일로 - 기타,이륜,남,17세,중상,,,,
2013020900100389,2013년 2월 9일 23시,토요일,강원도 원주시 단구동,경상사고,0,0,1,0,차대차 - 기타,중앙선침범,건조,맑음,단일로 - 기타,승용,남,40세,상해없음,승용,남,31세,경상
2013020900100390,2013년 2월 9일 23시,토요일,강원도 태백시 장성동,중상사고,0,1,0,0,차대차 - 정면충돌,중앙선침범,건조,맑음,단일로 - 기타,건설기계,남,47세,상해없음,승용,남,28세,상해없음
2013021000100007,2013년 2월 10일 00시,일요일,강원도 횡성군 우천면,경상사고,0,0,1,0,차량단독 - 도로외이탈 - 추락,안전운전불이행,건조,맑음,교차로 - 교차로부근,승용,남,32세,상해없음,,,,
2013021000100051,2013년 2월 10일 06시,일요일,강원도 춘천시 칠전동,중상사고,0,2,0,0,차대차 - 측면직각충돌,신호위반,적설,눈,교차로 - 교차로안,승합,남,58세,상해없음,건설기계,남,56세,중상
2013021000100075,2013년 2월 10일 08시,일요일,강원도 평창군 평창읍,중상사고,0,1,2,0,차량단독 - 전도전복,안전운전불이행,결빙,맑음,단일로 - 기타,승용,남,29세,상해없음,,,,
2013021000100130,2013년 2월 10일 11시,일요일,강원도 원주시 태장동,경상사고,0,0,1,0,차대차 - 추돌 - 진행중,안전거리미확보,건조,맑음,교차로 - 교차로안,승용,남,43세,상해없음,승용,남,37세,상해없음
2013021000100162,2013년 2월 10일 13시,일요일,강원도 속초시 조양동,경상사고,0,0,1,0,차대사람 - 차도통행중,안전운전불이행,건조,맑음,교차로 - 교차로부근,승용,여,45세,상해없음,보행자,여,60세,경상
2013021000100163,2013년 2월 10일 13시,일요일,강원도 동해시 천곡동,중상사고,0,1,7,0,차대차 - 측면직각충돌,안전거리미확보,건조,맑음,단일로 - 기타,승용,남,49세,경상,승용,남,26세,경상
2013021000100185,2013년 2월 10일 14시,일요일,강원도 춘천시 칠전동,중상사고,0,1,0,0,차대사람 - 기타,안전운전불이행,건조,맑음,교차로 - 교차로부근,승용,남,48세,상해없음,보행자,남,43세,중상
2013021000100285,2013년 2월 10일 19시,일요일,강원도 춘천시 소양로2가,경상사고,0,0,1,0,차대차 - 기타,교차로운행방법위반,건조,맑음,교차로 - 교차로안,승용,남,52세,상해없음,원동기,남,48세,경상
2013021000100305,2013년 2월 10일 20시,일요일,강원도 원주시 호저면,경상사고,0,0,1,1,차량단독 - 공작물충돌,안전운전불이행,건조,맑음,단일로 - 기타,화물,남,44세,부상신고,,,,
2013021000100306,2013년 2월 10일 20시,일요일,강원도 동해시 천곡동,경상사고,0,0,2,0,차대차 - 정면충돌,신호위반,건조,맑음,교차로 - 교차로안,승용,남,45세,상해없음,승용,남,44세,경상
2013021000100363,2013년 2월 10일 23시,일요일,강원도 원주시 무실동,경상사고,0,0,1,0,차대차 - 추돌 - 진행중,안전운전불이행,건조,맑음,교차로 - 교차로부근,승용,남,50세,상해없음,승용,남,47세,경상
2013021100100032,2013년 2월 11일 03시,월요일,강원도 원주시 단계동,중상사고,0,1,0,0,차대차 - 추돌 - 진행중,안전운전불이행,건조,맑음,교차로 - 교차로부근,승용,남,17세,상해없음,승용,남,44세,중상
2013021100100036,2013년 2월 11일 04시,월요일,강원도 동해시 효가동,중상사고,0,1,0,0,차대차 - 기타,안전운전불이행,건조,맑음,교차로 - 교차로부근,승용,남,29세,중상,화물,남,48세,상해없음
2013021100100093,2013년 2월 11일 11시,월요일,강원도 속초시 조양동,경상사고,0,0,5,0,차대차 - 측면직각충돌,교차로운행방법위반,건조,맑음,교차로 - 교차로안,승용,남,31세,상해없음,승용,남,48세,경상
2013021100100094,2013년 2월 11일 11시,월요일,강원도 삼척시 원당동,경상사고,0,0,1,0,차대차 - 측면직각충돌,신호위반,건조,맑음,교차로 - 교차로안,화물,남,22세,상해없음,승용,남,40세,경상
2013021100100107,2013년 2월 11일 12시,월요일,강원도 화천군 사내면,경상사고,0,0,3,0,차대차 - 정면충돌,중앙선침범,건조,맑음,단일로 - 기타,승합,남,37세,상해없음,승용,남,48세,경상
2013021100100133,2013년 2월 11일 14시,월요일,강원도 홍천군 서면,경상사고,0,0,4,0,차대차 - 기타,중앙선침범,건조,맑음,단일로 - 기타,승용,남,31세,상해없음,승용,남,37세,경상
2013021100100134,2013년 2월 11일 14시,월요일,강원도 철원군 철원읍,중상사고,0,3,1,0,차대차 - 정면충돌,중앙선침범,건조,맑음,단일로 - 기타,승용,남,72세,상해없음,승용,남,46세,경상
2013021100100148,2013년 2월 11일 15시,월요일,강원도 원주시 단계동,경상사고,0,0,2,0,차대차 - 추돌 - 진행중,안전거리미확보,건조,맑음,단일로 - 기타,승용,여,21세,상해없음,승용,남,66세,상해없음
2013021100100164,2013년 2월 11일 16시,월요일,강원도 강릉시 교동,경상사고,0,0,2,0,차대차 - 측면직각충돌,직진우회전진행방해,건조,맑음,교차로 - 교차로안,승용,남,71세,상해없음,원동기,남,17세,경상
2013021100100181,2013년 2월 11일 17시,월요일,강원도 춘천시 동내면,경상사고,0,0,4,0,차대차 - 추돌 - 진행중,안전운전불이행,건조,맑음,교차로 - 교차로부근,승용,남,56세,상해없음,승용,남,50세,경상
2013021100100182,2013년 2월 11일 17시,월요일,강원도 춘천시 퇴계동,경상사고,0,0,1,0,차대차 - 측면직각충돌,신호위반,건조,맑음,단일로 - 기타,승용,남,52세,상해없음,자전거,남,40세,경상
2013021100100244,2013년 2월 11일 20시,월요일,강원도 영월군 한반도면,경상사고,0,0,2,0,차대차 - 측면직각충돌,안전거리미확보,건조,맑음,단일로 - 기타,승용,남,36세,상해없음,승용,남,32세,경상
2013021100100254,2013년 2월 11일 21시,월요일,강원도 강릉시 옥천동,중상사고,0,1,0,0,차대사람 - 횡단중,보행자보호의무위반,건조,맑음,교차로 - 교차로안,승용,남,56세,상해없음,보행자,남,60세,중상
2013021200100110,2013년 2월 12일 10시,화요일,강원도 영월군 북면,경상사고,0,0,2,0,차대차 - 정면충돌,중앙선침범,건조,흐림,단일로 - 기타,화물,여,51세,상해없음,화물,남,54세,경상
2013021200100128,2013년 2월 12일 11시,화요일,강원도 고성군 간성읍,경상사고,0,0,1,0,차대차 - 기타,안전운전불이행,건조,맑음,단일로 - 기타,승용,남,49세,상해없음,승합,남,20세,경상
2013021200100179,2013년 2월 12일 13시,화요일,강원도 강릉시 옥천동,중상사고,0,1,0,0,차대차 - 측면직각충돌,안전운전불이행,건조,맑음,교차로 - 교차로안,원동기,남,64세,중상,승용,여,61세,상해없음
2013021200100180,2013년 2월 12일 13시,화요일,강원도 평창군 평창읍,사망사고,1,2,0,0,차대차 - 정면충돌,중앙선침범,건조,맑음,단일로 - 기타,승용,남,76세,사망,승합,남,67세,중상
2013021200100217,2013년 2월 12일 14시,화요일,강원도 동해시 천곡동,경상사고,0,0,1,0,차대차 - 측면직각충돌,신호위반,건조,맑음,교차로 - 교차로안,승용,여,60세,상해없음,승용,여,22세,경상
2013021200100270,2013년 2월 12일 16시,화요일,강원도 춘천시 효자동,경상사고,0,0,1,0,차대차 - 추돌 - 진행중,안전운전불이행,건조,흐림,교차로 - 교차로부근,승용,남,60세,상해없음,승용,여,36세,경상
2013021200100300,2013년 2월 12일 17시,화요일,강원도 속초시 중앙동,경상사고,0,0,1,0,차대사람 - 기타,기타,건조,흐림,단일로 - 기타,승합,남,49세,상해없음,보행자,여,74세,경상
2013021200100301,2013년 2월 12일 17시,화요일,강원도 철원군 철원읍,중상사고,0,1,0,0,차대사람 - 차도통행중,안전운전불이행,결빙,맑음,단일로 - 기타,승용,남,50세,상해없음,보행자,여,12세,중상
2013021200100327,2013년 2월 12일 18시,화요일,강원도 강릉시 주문진읍,경상사고,0,0,2,0,차대차 - 측면직각충돌,신호위반,건조,맑음,교차로 - 교차로안,승용,남,25세,상해없음,승용,남,40세,경상
2013021200100397,2013년 2월 12일 20시,화요일,강원도 강릉시 강동면,중상사고,0,1,0,0,차대차 - 추돌 - 주정차중,안전운전불이행,건조,맑음,기타 - 기타,화물,남,49세,상해없음,승용,남,26세,중상
2013021200100418,2013년 2월 12일 21시,화요일,강원도 춘천시 석사동,중상사고,0,1,0,0,차대차 - 측면직각충돌,안전운전불이행,건조,맑음,교차로 - 교차로안,승용,남,31세,상해없음,이륜,남,21세,중상
2013021300100111,2013년 2월 13일 08시,수요일,강원도 평창군 용평면,경상사고,0,0,1,0,차대차 - 측면직각충돌,중앙선침범,건조,맑음,단일로 - 기타,승용,남,36세,상해없음,승용,남,37세,경상
2013021300100112,2013년 2월 13일 08시,수요일,강원도 태백시 황지동,경상사고,0,0,1,0,차대차 - 기타,안전거리미확보,건조,맑음,단일로 - 기타,건설기계,남,42세,상해없음,승용,남,63세,경상
2013021300100148,2013년 2월 13일 09시,수요일,강원도 강릉시 임당동,중상사고,0,1,0,0,차대사람 - 횡단중,안전운전불이행,건조,맑음,단일로 - 기타,승용,남,69세,상해없음,보행자,여,71세,중상
2013021300100166,2013년 2월 13일 10시,수요일,강원도 춘천시 퇴계동,부상신고사고,0,0,0,2,차대차 - 측면직각충돌,안전거리미확보,건조,맑음,교차로 - 교차로부근,원동기,남,16세,부상신고,승합,남,39세,상해없음
2013021300100188,2013년 2월 13일 11시,수요일,강원도 영월군 남면,중상사고,0,1,0,0,차대차 - 정면충돌,중앙선침범,결빙,맑음,단일로 - 기타,화물,남,64세,상해없음,승용,여,52세,중상
2013021300100221,2013년 2월 13일 13시,수요일,강원도 춘천시 삼천동,중상사고,0,1,1,0,차대차 - 측면직각충돌,안전운전불이행,건조,맑음,교차로 - 교차로부근,화물,남,54세,중상,승용,남,47세,경상
2013021300100222,2013년 2월 13일 13시,수요일,강원도 춘천시 소양로1가,경상사고,0,0,3,0,차대차 - 측면직각충돌,안전운전불이행,건조,맑음,단일로 - 기타,승용,남,52세,상해없음,승용,여,54세,경상
2013021300100223,2013년 2월 13일 13시,수요일,강원도 강릉시 사천면,경상사고,0,0,1,0,차대차 - 추돌 - 진행중,안전운전불이행,건조,맑음,단일로 - 기타,승용,여,18세,상해없음,승용,남,48세,경상
2013021300100225,2013년 2월 13일 13시,수요일,강원도 속초시 교동,경상사고,0,0,1,0,차대사람 - 횡단중,안전운전불이행,건조,맑음,단일로 - 기타,화물,여,43세,상해없음,보행자,여,80세,경상
2013021300100280,2013년 2월 13일 15시,수요일,강원도 화천군 사내면,중상사고,0,1,0,0,차대차 - 측면직각충돌,안전운전불이행,건조,맑음,단일로 - 기타,이륜,남,85세,중상,승용,남,36세,상해없음
2013021300100360,2013년 2월 13일 18시,수요일,강원도 강릉시 내곡동,경상사고,0,0,2,0,차대사람 - 보도통행중,안전운전불이행,건조,맑음,단일로 - 기타,승용,여,43세,상해없음,보행자,여,35세,경상
2013021300100361,2013년 2월 13일 18시,수요일,강원도 원주시 문막읍,경상사고,0,0,1,0,차대차 - 기타,안전거리미확보,건조,맑음,교차로 - 교차로부근,화물,남,75세,상해없음,승용,남,30세,경상
2013021300100402,2013년 2월 13일 19시,수요일,강원도 원주시 판부면,중상사고,0,2,0,0,차대차 - 정면충돌,중앙선침범,건조,맑음,단일로 - 기타,승용,남,53세,중상,승용,남,35세,중상
2013021300100433,2013년 2월 13일 20시,수요일,강원도 동해시 부곡동,사망사고,1,0,0,0,차대사람 - 횡단중,안전운전불이행,건조,맑음,단일로 - 기타,승용,남,58세,상해없음,보행자,남,34세,사망
2013021400100007,2013년 2월 14일 00시,목요일,강원도 강릉시 교동,경상사고,0,0,4,0,차대차 - 측면직각충돌,신호위반,건조,맑음,교차로 - 교차로안,승용,여,38세,상해없음,승용,남,39세,경상
2013021400100024,2013년 2월 14일 01시,목요일,강원도 속초시 청학동,사망사고,1,0,0,0,차대사람 - 길가장자리구역통행중,안전운전불이행,건조,맑음,단일로 - 기타,승용,여,31세,상해없음,보행자,여,58세,사망
2013021400100034,2013년 2월 14일 02시,목요일,강원도 춘천시 석사동,경상사고,0,0,1,0,차대차 - 측면직각충돌,신호위반,건조,맑음,교차로 - 교차로안,승용,남,64세,상해없음,승용,남,52세,경상
2013021400100045,2013년 2월 14일 03시,목요일,강원도 홍천군 홍천읍,경상사고,0,0,1,0,차대차 - 기타,교차로운행방법위반,건조,맑음,교차로 - 교차로안,승용,여,39세,상해없음,승용,남,61세,상해없음
2013021400100075,2013년 2월 14일 07시,목요일,강원도 횡성군 횡성읍,경상사고,0,0,1,0,차대차 - 측면직각충돌,직진우회전진행방해,건조,맑음,교차로 - 교차로안,승합,남,46세,상해없음,승용,여,36세,경상
2013021400100096,2013년 2월 14일 08시,목요일,강원도 춘천시 후평동,경상사고,0,0,1,0,차대차 - 측면직각충돌,신호위반,건조,맑음,교차로 - 교차로안,화물,남,52세,상해없음,화물,남,44세,경상
2013021400100142,2013년 2월 14일 10시,목요일,강원도 강릉시 성내동,경상사고,0,0,2,0,차대차 - 측면직각충돌,안전운전불이행,건조,맑음,교차로 - 교차로안,승용,남,72세,상해없음,승용,남,70세,경상
2013021400100143,2013년 2월 14일 10시,목요일,강원도 화천군 화천읍,중상사고,0,2,0,0,차대차 - 기타,직진우회전진행방해,건조,맑음,교차로 - 교차로안,승용,남,62세,중상,화물,여,42세,상해없음
2013021400100159,2013년 2월 14일 11시,목요일,강원도 강릉시 입암동,사망사고,1,1,0,0,차대사람 - 횡단중,보행자보호의무위반,건조,맑음,단일로 - 횡단보도상,화물,남,32세,상해없음,보행자,여,84세,사망
2013021400100160,2013년 2월 14일 11시,목요일,강원도 홍천군 홍천읍,경상사고,0,0,2,0,차대차 - 기타,교차로운행방법위반,건조,맑음,교차로 - 교차로안,승용,남,33세,경상,승용,남,56세,상해없음
2013021400100161,2013년 2월 14일 11시,목요일,강원도 인제군 북면,중상사고,0,1,0,0,차대사람 - 차도통행중,안전운전불이행,건조,맑음,단일로 - 기타,화물,남,45세,상해없음,보행자,남,78세,중상
2013021400100205,2013년 2월 14일 13시,목요일,강원도 원주시 단계동,경상사고,0,0,1,0,차대차 - 추돌 - 주정차중,기타,건조,맑음,단일로 - 기타,승용,남,22세,상해없음,승용,여,30세,경상
2013021400100206,2013년 2월 14일 13시,목요일,강원도 양양군 양양읍,경상사고,0,0,4,0,차대차 - 측면직각충돌,안전운전불이행,건조,맑음,교차로 - 교차로부근,승합,남,54세,상해없음,승용,남,63세,경상
2013021400100207,2013년 2월 14일 13시,목요일,강원도 영월군 남면,경상사고,0,0,1,0,차대차 - 추돌 - 진행중,안전거리미확보,건조,맑음,단일로 - 터널,승용,남,55세,상해없음,승합,남,48세,경상
2013021400100208,2013년 2월 14일 13시,목요일,강원도 홍천군 홍천읍,경상사고,0,0,1,0,차대차 - 기타,안전운전불이행,건조,맑음,교차로 - 교차로부근,승용,남,63세,상해없음,원동기,남,52세,경상
2013021400100259,2013년 2월 14일 15시,목요일,강원도 강릉시 옥천동,중상사고,0,1,4,0,차대차 - 측면직각충돌,안전운전불이행,건조,맑음,단일로 - 기타,승용,남,27세,경상,승용,남,32세,경상
2013021400100366,2013년 2월 14일 19시,목요일,강원도 춘천시 근화동,경상사고,0,0,2,0,차대차 - 측면직각충돌,교차로운행방법위반,건조,흐림,교차로 - 교차로안,승용,여,53세,상해없음,승합,남,48세,경상
2013021400100367,2013년 2월 14일 19시,목요일,강원도 강릉시 초당동,경상사고,0,0,3,0,차대차 - 측면직각충돌,안전운전불이행,건조,맑음,단일로 - 기타,승용,남,65세,상해없음,승용,남,43세,경상
2013021400100401,2013년 2월 14일 20시,목요일,강원도 춘천시 온의동,경상사고,0,0,1,0,차대차 - 추돌 - 주정차중,안전거리미확보,건조,맑음,교차로 - 교차로부근,승용,남,46세,상해없음,승용,남,53세,상해없음
2013021400100402,2013년 2월 14일 20시,목요일,강원도 철원군 동송읍,경상사고,0,0,1,0,차대사람 - 횡단중,안전운전불이행,건조,맑음,교차로 - 교차로부근,화물,남,48세,상해없음,보행자,남,43세,경상
2013021400100403,2013년 2월 14일 20시,목요일,강원도 동해시 천곡동,중상사고,0,1,0,0,차대차 - 측면직각충돌,안전거리미확보,건조,맑음,교차로 - 교차로부근,승용,남,22세,상해없음,승용,남,53세,중상
2013021400100483,2013년 2월 14일 23시,목요일,강원도 원주시 우산동,경상사고,0,0,2,0,차대차 - 기타,안전운전불이행,건조,맑음,교차로 - 교차로안,승용,남,44세,상해없음,승용,남,27세,경상
2013021500100032,2013년 2월 15일 01시,금요일,강원도 원주시 명륜동,경상사고,0,0,2,0,차대차 - 추돌 - 주정차중,안전운전불이행,건조,맑음,교차로 - 교차로부근,승용,남,30세,기타불명,승용,남,51세,경상
2013021500100067,2013년 2월 15일 04시,금요일,강원도 춘천시 퇴계동,경상사고,0,0,2,0,차대차 - 측면직각충돌,안전거리미확보,건조,맑음,단일로 - 기타,승용,여,47세,상해없음,승용,남,59세,상해없음
2013021500100096,2013년 2월 15일 07시,금요일,강원도 고성군 토성면,경상사고,0,0,1,0,차대차 - 기타,안전운전불이행,건조,맑음,단일로 - 기타,승용,남,30세,상해없음,승합,남,67세,경상
2013021500100118,2013년 2월 15일 08시,금요일,강원도 인제군 인제읍,중상사고,0,1,1,0,차대차 - 정면충돌,중앙선침범,건조,맑음,단일로 - 기타,승용,여,39세,상해없음,승용,여,34세,중상
2013021500100156,2013년 2월 15일 09시,금요일,강원도 춘천시 동면,경상사고,0,0,1,0,차대차 - 기타,중앙선침범,건조,맑음,단일로 - 기타,화물,남,40세,상해없음,승용,남,46세,경상
2013021500100157,2013년 2월 15일 09시,금요일,강원도 속초시 교동,중상사고,0,1,0,0,차대사람 - 횡단중,불법유턴,건조,맑음,단일로 - 기타,승용,남,47세,상해없음,보행자,여,70세,중상
2013021500100178,2013년 2월 15일 10시,금요일,강원도 춘천시 신동면,경상사고,0,0,3,0,차대차 - 측면직각충돌,신호위반,건조,맑음,교차로 - 교차로안,승용,여,43세,상해없음,화물,남,57세,경상
2013021500100179,2013년 2월 15일 10시,금요일,강원도 원주시 우산동,경상사고,0,0,1,0,차대사람 - 횡단중,안전운전불이행,건조,맑음,단일로 - 기타,승용,남,45세,상해없음,보행자,여,73세,경상
2013021500100180,2013년 2월 15일 10시,금요일,강원도 홍천군 홍천읍,경상사고,0,0,2,0,차대차 - 측면직각충돌,신호위반,건조,맑음,교차로 - 교차로안,승용,여,44세,상해없음,승용,여,39세,경상
2013021500100181,2013년 2월 15일 10시,금요일,강원도 화천군 사내면,경상사고,0,0,1,0,차대차 - 정면충돌,교차로운행방법위반,건조,맑음,교차로 - 교차로부근,승합,남,76세,상해없음,화물,남,57세,경상
2013021500100201,2013년 2월 15일 11시,금요일,강원도 원주시 단구동,중상사고,0,1,0,0,차대차 - 측면직각충돌,차로위반,건조,맑음,단일로 - 기타,승용,남,58세,상해없음,승용,여,39세,중상
2013021500100202,2013년 2월 15일 11시,금요일,강원도 삼척시 남양동,중상사고,0,1,0,0,차대차 - 기타,안전운전불이행,건조,맑음,교차로 - 교차로안,승용,남,44세,상해없음,자전거,여,55세,중상