사고번호,사고일시,요일,시군구,사고내용,사망자수,중상자수,경상자수,부상신고자수,사고유형,법규위반,노면상태,기상상태,도로형태,가해운전자 차종,가해운전자 성별,가해운전자 연령,가해운전자 상해정도,피해운전자 차종,피해운전자 성별,피해운전자 연령,피해운전자 상해정도
2013021500100221,2013년 2월 15일 12시,금요일,강원도 춘천시 후평동,경상사고,0,0,1,0,차대사람 - 횡단중,보행자보호의무위반,건조,맑음,단일로 - 기타,승용,여,50세,상해없음,보행자,남,3세,경상
2013021500100222,2013년 2월 15일 12시,금요일,강원도 원주시 반곡동,중상사고,0,1,0,0,차대차 - 측면직각충돌,안전운전불이행,건조,맑음,단일로 - 기타,승용,남,59세,상해없음,승용,여,54세,중상
2013021500100223,2013년 2월 15일 12시,금요일,강원도 홍천군 홍천읍,경상사고,0,0,1,0,차대사람 - 차도통행중,안전운전불이행,결빙,맑음,단일로 - 기타,승용,남,71세,기타불명,보행자,남,37세,경상
2013021500100244,2013년 2월 15일 13시,금요일,강원도 원주시 단구동,경상사고,0,0,2,0,차대차 - 측면직각충돌,교차로운행방법위반,건조,맑음,교차로 - 교차로안,승용,남,59세,상해없음,승용,남,40세,경상
2013021500100245,2013년 2월 15일 13시,금요일,강원도 삼척시 도계읍,중상사고,0,1,0,0,차량단독 - 전도전복,안전운전불이행,적설,맑음,단일로 - 기타,승합,남,48세,중상,,,,
2013021500100354,2013년 2월 15일 17시,금요일,강원도 강릉시 포남동,경상사고,0,0,2,0,차대차 - 추돌 - 진행중,안전운전불이행,습기,눈,교차로 - 교차로부근,승용,남,45세,상해없음,승용,남,62세,상해없음
2013021500100387,2013년 2월 15일 18시,금요일,강원도 강릉시 지변동,중상사고,0,2,0,0,차대차 - 측면직각충돌,중앙선침범,습기,비,단일로 - 기타,승용,남,65세,상해없음,승용,여,46세,중상
2013021500100388,2013년 2월 15일 18시,금요일,강원도 강릉시 교동,경상사고,0,0,3,0,차대차 - 추돌 - 주정차중,안전운전불이행,습기,눈,단일로 - 기타,승용,남,19세,상해없음,승용,남,38세,경상
2013021500100389,2013년 2월 15일 18시,금요일,강원도 원주시 명륜동,중상사고,0,1,0,0,차대사람 - 보도통행중,안전운전불이행,건조,맑음,단일로 - 기타,승합,남,62세,상해없음,보행자,여,54세,중상
2013021500100433,2013년 2월 15일 20시,금요일,강원도 춘천시 동면,경상사고,0,0,2,0,차대차 - 추돌 - 주정차중,안전운전불이행,건조,맑음,교차로 - 교차로부근,승용,여,52세,상해없음,승용,남,53세,경상
2013021500100462,2013년 2월 15일 21시,금요일,강원도 동해시 천곡동,경상사고,0,0,1,0,차대사람 - 횡단중,안전운전불이행,건조,맑음,단일로 - 횡단보도상,승용,남,55세,상해없음,보행자,여,53세,경상
2013021500100500,2013년 2월 15일 22시,금요일,강원도 속초시 조양동,경상사고,0,0,1,0,차대사람 - 횡단중,안전운전불이행,건조,맑음,단일로 - 기타,승용,여,29세,상해없음,보행자,남,51세,경상
2013021500100522,2013년 2월 15일 23시,금요일,강원도 홍천군 홍천읍,경상사고,0,0,1,0,차대차 - 정면충돌,신호위반,건조,맑음,교차로 - 교차로부근,승용,남,23세,상해없음,승용,남,31세,경상
2013021600100082,2013년 2월 16일 04시,토요일,강원도 정선군 사북읍,경상사고,0,0,1,0,차대차 - 추돌 - 진행중,안전운전불이행,건조,맑음,교차로 - 교차로안,승용,남,36세,상해없음,승합,남,56세,경상
2013021600100105,2013년 2월 16일 06시,토요일,강원도 정선군 사북읍,경상사고,0,0,8,1,차대차 - 기타,안전거리미확보,기타,흐림,기타 - 기타,승용,남,52세,상해없음,승용,남,47세,부상신고
2013021600100145,2013년 2월 16일 08시,토요일,강원도 고성군 죽왕면,경상사고,0,0,1,0,차대차 - 측면직각충돌,신호위반,건조,맑음,교차로 - 교차로안,승용,남,32세,상해없음,승용,여,24세,경상
2013021600100208,2013년 2월 16일 11시,토요일,강원도 강릉시 옥계면,중상사고,0,1,0,0,차대차 - 추돌 - 주정차중,안전운전불이행,결빙,맑음,단일로 - 기타,승용,남,46세,상해없음,원동기,남,77세,중상
2013021600100209,2013년 2월 16일 11시,토요일,강원도 홍천군 남면,중상사고,0,1,2,0,차대차 - 기타,교차로운행방법위반,건조,맑음,교차로 - 교차로안,승용,남,35세,상해없음,승용,남,55세,경상
2013021600100210,2013년 2월 16일 11시,토요일,강원도 동해시 발한동,중상사고,0,1,0,0,차대사람 - 횡단중,안전운전불이행,건조,맑음,단일로 - 기타,화물,남,49세,상해없음,보행자,여,64세,중상
2013021600100236,2013년 2월 16일 12시,토요일,강원도 홍천군 북방면,중상사고,0,1,0,0,차대차 - 기타,안전운전불이행,건조,맑음,단일로 - 기타,승용,남,47세,상해없음,이륜,남,45세,중상
2013021600100256,2013년 2월 16일 13시,토요일,강원도 홍천군 남면,경상사고,0,0,2,0,차대차 - 측면직각충돌,교차로운행방법위반,건조,맑음,교차로 - 교차로안,화물,남,48세,경상,화물,남,40세,경상
2013021600100332,2013년 2월 16일 16시,토요일,강원도 원주시 단구동,부상신고사고,0,0,0,1,차대차 - 측면직각충돌,차로위반,건조,맑음,교차로 - 교차로안,이륜,남,16세,부상신고,승합,남,56세,상해없음
2013021600100333,2013년 2월 16일 16시,토요일,강원도 삼척시 남양동,경상사고,0,0,1,0,차대사람 - 기타,안전운전불이행,건조,맑음,단일로 - 기타,승용,남,51세,상해없음,보행자,여,44세,경상
2013021600100348,2013년 2월 16일 17시,토요일,강원도 강릉시 교동,경상사고,0,0,1,0,차대사람 - 기타,안전운전불이행,건조,맑음,단일로 - 기타,승용,남,41세,상해없음,보행자,남,8세,경상
2013021600100398,2013년 2월 16일 19시,토요일,강원도 평창군 대관령면,중상사고,0,2,2,0,차대차 - 기타,안전운전불이행,건조,맑음,단일로 - 기타,승용,남,44세,상해없음,승용,여,66세,중상
2013021600100449,2013년 2월 16일 21시,토요일,강원도 춘천시 온의동,경상사고,0,0,2,0,차대차 - 측면직각충돌,안전운전불이행,건조,맑음,교차로 - 교차로안,승용,여,38세,상해없음,승용,여,50세,경상
2013021700100021,2013년 2월 17일 01시,일요일,강원도 인제군 인제읍,중상사고,0,1,0,0,차량단독 - 공작물충돌,안전운전불이행,건조,맑음,단일로 - 기타,승용,남,44세,상해없음,,,,
2013021700100082,2013년 2월 17일 07시,일요일,강원도 삼척시 원덕읍,경상사고,0,0,1,0,차대차 - 측면직각충돌,안전운전불이행,건조,흐림,단일로 - 기타,승용,남,75세,상해없음,자전거,남,12세,경상
2013021700100094,2013년 2월 17일 08시,일요일,강원도 강릉시 강동면,중상사고,0,2,1,0,차량단독 - 전도전복,안전운전불이행,결빙,맑음,단일로 - 기타,화물,남,56세,상해없음,,,,
2013021700100095,2013년 2월 17일 08시,일요일,강원도 화천군 상서면,경상사고,0,0,1,0,차대차 - 측면직각충돌,안전운전불이행,건조,맑음,단일로 - 기타,승용,남,33세,상해없음,자전거,남,16세,경상
2013021700100114,2013년 2월 17일 10시,일요일,강원도 정선군 사북읍,중상사고,0,1,0,0,차대차 - 추돌 - 진행중,중앙선침범,습기,맑음,기타 - 기타,승합,남,23세,상해없음,승용,남,42세,중상
2013021700100139,2013년 2월 17일 12시,일요일,강원도 춘천시 삼천동,경상사고,0,0,1,0,차대차 - 기타,교차로운행방법위반,건조,맑음,교차로 - 교차로안,승용,남,47세,상해없음,이륜,남,41세,경상
2013021700100140,2013년 2월 17일 12시,일요일,강원도 고성군 거진읍,경상사고,0,0,1,0,차대차 - 정면충돌,중앙선침범,건조,맑음,교차로 - 교차로부근,화물,남,56세,상해없음,건설기계,남,46세,경상
2013021700100152,2013년 2월 17일 13시,일요일,강원도 원주시 문막읍,중상사고,0,1,0,0,차대차 - 추돌 - 주정차중,안전거리미확보,건조,맑음,단일로 - 기타,승용,여,44세,상해없음,승용,여,52세,중상
2013021700100176,2013년 2월 17일 14시,일요일,강원도 삼척시 도계읍,중상사고,0,1,1,0,차대차 - 측면직각충돌,중앙선침범,건조,맑음,단일로 - 기타,승합,남,54세,상해없음,승용,남,43세,경상
2013021700100177,2013년 2월 17일 14시,일요일,강원도 정선군 임계면,중상사고,0,4,0,0,차대차 - 기타,신호위반,건조,맑음,교차로 - 교차로안,승용,남,54세,상해없음,승용,남,22세,중상
2013021700100203,2013년 2월 17일 15시,일요일,강원도 동해시 발한동,경상사고,0,0,2,0,차대차 - 추돌 - 주정차중,안전운전불이행,건조,맑음,교차로 - 교차로부근,승용,여,21세,상해없음,승용,남,38세,경상
2013021700100281,2013년 2월 17일 19시,일요일,강원도 춘천시 퇴계동,경상사고,0,0,1,0,차대사람 - 횡단중,안전운전불이행,건조,맑음,단일로 - 기타,승용,남,76세,상해없음,보행자,남,43세,경상
2013021700100298,2013년 2월 17일 20시,일요일,강원도 춘천시 칠전동,경상사고,0,0,1,0,차대차 - 기타,교차로운행방법위반,건조,맑음,교차로 - 교차로안,승용,남,55세,상해없음,승용,남,19세,경상
2013021700100299,2013년 2월 17일 20시,일요일,강원도 동해시 발한동,중상사고,0,1,0,0,차대차 - 측면직각충돌,신호위반,건조,맑음,교차로 - 교차로안,승용,남,46세,상해없음,승용,여,40세,중상
2013021800100007,2013년 2월 18일 00시,월요일,강원도 원주시 단구동,경상사고,0,0,3,0,차대차 - 측면직각충돌,교차로운행방법위반,건조,맑음,교차로 - 교차로부근,승용,남,21세,상해없음,승용,남,53세,경상
2013021800100028,2013년 2월 18일 02시,월요일,강원도 춘천시 효자동,사망사고,1,0,1,0,차대차 - 기타,안전운전불이행,건조,맑음,단일로 - 기타,승용,남,27세,상해없음,자전거,남,19세,사망
2013021800100057,2013년 2월 18일 06시,월요일,강원도 홍천군 홍천읍,경상사고,0,0,1,0,차대사람 - 기타,보행자보호의무위반,건조,맑음,단일로 - 횡단보도상,승용,여,40세,상해없음,보행자,여,66세,경상
2013021800100107,2013년 2월 18일 09시,월요일,강원도 원주시 단계동,경상사고,0,0,2,0,차대차 - 측면직각충돌,교차로운행방법위반,건조,맑음,교차로 - 교차로안,승용,여,57세,경상,승용,남,51세,경상
2013021800100134,2013년 2월 18일 10시,월요일,강원도 삼척시 남양동,경상사고,0,0,2,0,차대차 - 기타,안전운전불이행,건조,맑음,교차로 - 교차로안,승용,여,39세,상해없음,승용,남,62세,경상
2013021800100189,2013년 2월 18일 12시,월요일,강원도 강릉시 연곡면,중상사고,0,3,1,0,차대차 - 측면직각충돌,안전운전불이행,건조,맑음,교차로 - 교차로안,승용,남,35세,상해없음,승합,남,52세,상해없음
2013021800100208,2013년 2월 18일 13시,월요일,강원도 삼척시 교동,경상사고,0,0,1,0,차대사람 - 기타,안전운전불이행,건조,흐림,기타 - 기타,승용,남,40세,상해없음,보행자,남,57세,경상
2013021800100209,2013년 2월 18일 13시,월요일,강원도 동해시 북평동,중상사고,0,1,0,0,차대사람 - 기타,안전운전불이행,건조,맑음,단일로 - 기타,이륜,남,18세,상해없음,보행자,여,69세,중상
2013021800100232,2013년 2월 18일 14시,월요일,강원도 원주시 단구동,경상사고,0,0,1,0,차대차 - 추돌 - 주정차중,안전거리미확보,건조,맑음,단일로 - 기타,승용,남,71세,상해없음,승용,남,52세,경상
2013021800100299,2013년 2월 18일 17시,월요일,강원도 고성군 토성면,경상사고,0,0,1,0,차량단독 - 전도전복,안전운전불이행,건조,맑음,단일로 - 기타,화물,남,41세,상해없음,,,,
2013021800100321,2013년 2월 18일 18시,월요일,강원도 원주시 학성동,경상사고,0,0,1,0,차대차 - 추돌 - 진행중,교차로운행방법위반,건조,맑음,교차로 - 교차로안,승용,남,50세,상해없음,승용,남,40세,경상
2013021800100322,2013년 2월 18일 18시,월요일,강원도 동해시 부곡동,경상사고,0,0,2,0,차대차 - 기타,교차로운행방법위반,적설,눈,교차로 - 교차로안,승용,남,63세,상해없음,승용,여,51세,경상
2013021800100381,2013년 2월 18일 20시,월요일,강원도 원주시 단구동,중상사고,0,1,0,0,차대사람 - 차도통행중,안전운전불이행,건조,기타,단일로 - 기타,승용,남,35세,상해없음,보행자,여,40세,중상
2013021800100413,2013년 2월 18일 21시,월요일,강원도 춘천시 우두동,부상신고사고,0,0,0,1,차대차 - 측면직각충돌,안전거리미확보,건조,맑음,단일로 - 기타,승용,남,39세,상해없음,승용,남,60세,부상신고
2013021800100485,2013년 2월 18일 23시,월요일,강원도 강릉시 교동,경상사고,0,0,3,0,차대차 - 추돌 - 주정차중,안전거리미확보,습기,비,교차로 - 교차로부근,승용,남,36세,상해없음,승용,여,31세,경상
2013021800100486,2013년 2월 18일 23시,월요일,강원도 동해시 천곡동,경상사고,0,0,6,0,차대차 - 기타,교차로운행방법위반,습기,눈,교차로 - 교차로안,승용,남,29세,상해없음,승용,남,50세,경상
2013021900100053,2013년 2월 19일 04시,화요일,강원도 화천군 상서면,중상사고,0,1,1,0,차량단독 - 공작물충돌,안전운전불이행,건조,맑음,단일로 - 기타,승용,남,26세,상해없음,,,,
2013021900100083,2013년 2월 19일 07시,화요일,강원도 원주시 문막읍,경상사고,0,0,1,0,차대차 - 정면충돌,중앙선침범,건조,맑음,교차로 - 교차로안,승용,남,30세,상해없음,이륜,남,49세,경상
2013021900100101,2013년 2월 19일 08시,화요일,강원도 동해시 망상동,경상사고,0,0,2,0,차대차 - 측면직각충돌,안전운전불이행,결빙,맑음,단일로 - 기타,승용,남,31세,상해없음,승용,남,37세,경상
2013021900100102,2013년 2월 19일 08시,화요일,강원도 동해시 쇄운동,경상사고,0,0,1,0,차대차 - 정면충돌,중앙선침범,결빙,흐림,단일로 - 기타,승용,남,28세,상해없음,승용,남,54세,경상
2013021900100156,2013년 2월 19일 11시,화요일,강원도 태백시 철암동,경상사고,0,0,1,0,차대차 - 정면충돌,중앙선침범,적설,눈,단일로 - 기타,승용,남,57세,상해없음,화물,남,52세,상해없음
2013021900100206,2013년 2월 19일 13시,화요일,강원도 원주시 개운동,경상사고,0,0,1,0,차대차 - 측면직각충돌,직진우회전진행방해,건조,맑음,교차로 - 교차로안,이륜,남,57세,상해없음,승용,여,41세,경상
2013021900100207,2013년 2월 19일 13시,화요일,강원도 원주시 단계동,사망사고,1,0,0,0,차대사람 - 횡단중,안전운전불이행,건조,맑음,교차로 - 교차로부근,화물,남,34세,상해없음,보행자,여,73세,사망
2013021900100233,2013년 2월 19일 14시,화요일,강원도 횡성군 횡성읍,경상사고,0,0,1,0,차대차 - 추돌 - 주정차중,안전운전불이행,건조,맑음,단일로 - 기타,승용,남,30세,상해없음,승용,여,38세,경상
2013021900100266,2013년 2월 19일 15시,화요일,강원도 춘천시 중앙로2가,중상사고,0,1,0,0,차대차 - 측면직각충돌,기타,건조,맑음,단일로 - 기타,승용,남,32세,상해없음,승용,여,53세,중상
2013021900100267,2013년 2월 19일 15시,화요일,강원도 원주시 단계동,경상사고,0,0,1,0,차대차 - 추돌 - 진행중,안전거리미확보,건조,맑음,단일로 - 기타,승용,남,59세,상해없음,승용,남,37세,경상
2013021900100268,2013년 2월 19일 15시,화요일,강원도 삼척시 근덕면,경상사고,0,0,2,0,차대차 - 측면직각충돌,안전운전불이행,건조,맑음,단일로 - 기타,승용,남,54세,상해없음,승용,남,26세,경상
2013021900100314,2013년 2월 19일 17시,화요일,강원도 원주시 문막읍,경상사고,0,0,3,0,차대차 - 추돌 - 진행중,안전거리미확보,건조,맑음,단일로 - 기타,승용,남,48세,경상,승용,남,31세,경상
2013021900100347,2013년 2월 19일 18시,화요일,강원도 원주시 단계동,중상사고,0,1,0,0,차대차 - 정면충돌,교차로운행방법위반,건조,맑음,단일로 - 기타,승용,남,35세,상해없음,이륜,남,41세,중상
2013021900100348,2013년 2월 19일 18시,화요일,강원도 삼척시 정상동,경상사고,0,0,1,0,차대차 - 추돌 - 진행중,안전운전불이행,건조,맑음,교차로 - 교차로부근,승용,여,44세,상해없음,승용,남,52세,경상
2013021900100407,2013년 2월 19일 20시,화요일,강원도 원주시 단구동,중상사고,0,1,0,0,차대차 - 추돌 - 진행중,안전운전불이행,건조,맑음,교차로 - 교차로안,승용,여,30세,상해없음,이륜,남,16세,중상
2013021900100437,2013년 2월 19일 21시,화요일,강원도 인제군 인제읍,부상신고사고,0,0,0,1,차대차 - 측면직각충돌,안전운전불이행,건조,맑음,교차로 - 교차로안,승용,남,55세,상해없음,승합,남,32세,부상신고
2013021900100467,2013년 2월 19일 22시,화요일,강원도 동해시 단봉동,경상사고,0,0,1,0,차대차 - 기타,안전운전불이행,건조,맑음,단일로 - 기타,승용,남,44세,상해없음,승용,남,53세,경상
2013021900100495,2013년 2월 19일 23시,화요일,강원도 태백시 화전동,중상사고,0,3,0,0,차대사람 - 차도통행중,안전운전불이행,건조,맑음,단일로 - 기타,승용,남,41세,상해없음,보행자,남,66세,중상
2013022000100013,2013년 2월 20일 00시,수요일,강원도 횡성군 둔내면,경상사고,0,0,2,0,차량단독 - 기타,안전운전불이행,건조,맑음,단일로 - 기타,승용,남,39세,상해없음,,,,
2013022000100059,2013년 2월 20일 04시,수요일,강원도 횡성군 횡성읍,중상사고,0,1,0,0,차대차 - 측면직각충돌,안전운전불이행,건조,맑음,교차로 - 교차로안,승용,남,67세,상해없음,화물,남,45세,상해없음
2013022000100263,2013년 2월 20일 15시,수요일,강원도 원주시 명륜동,경상사고,0,0,4,0,차대차 - 기타,안전거리미확보,건조,맑음,교차로 - 교차로부근,승용,남,71세,상해없음,승용,여,41세,경상
2013022000100286,2013년 2월 20일 16시,수요일,강원도 강릉시 노암동,경상사고,0,0,1,0,차대차 - 추돌 - 주정차중,교차로운행방법위반,건조,맑음,교차로 - 교차로안,승용,여,69세,상해없음,승용,여,60세,경상
2013022000100287,2013년 2월 20일 16시,수요일,강원도 원주시 학성동,경상사고,0,0,1,0,차대차 - 기타,차로위반,건조,맑음,단일로 - 기타,승용,남,42세,상해없음,화물,남,39세,경상
2013022000100309,2013년 2월 20일 17시,수요일,강원도 춘천시 낙원동,경상사고,0,0,1,0,차대사람 - 차도통행중,보행자보호의무위반,건조,맑음,단일로 - 기타,승용,남,28세,상해없음,보행자,남,72세,경상
2013022000100310,2013년 2월 20일 17시,수요일,강원도 강릉시 성산면,경상사고,0,0,3,0,차대차 - 정면충돌,중앙선침범,건조,맑음,단일로 - 기타,승용,남,70세,상해없음,승합,남,54세,경상
2013022000100311,2013년 2월 20일 17시,수요일,강원도 속초시 중앙동,중상사고,0,1,1,0,차대차 - 측면직각충돌,교차로운행방법위반,건조,맑음,교차로 - 교차로안,승용,남,53세,상해없음,이륜,남,17세,중상
2013022000100355,2013년 2월 20일 19시,수요일,강원도 강릉시 입암동,경상사고,0,0,3,0,차대차 - 추돌 - 주정차중,안전운전불이행,건조,맑음,단일로 - 기타,승용,남,36세,상해없음,승용,남,35세,경상
2013022000100407,2013년 2월 20일 21시,수요일,강원도 화천군 사내면,경상사고,0,0,2,0,차대차 - 추돌 - 주정차중,안전운전불이행,건조,맑음,단일로 - 기타,화물,남,51세,상해없음,승용,남,49세,경상
2013022000100456,2013년 2월 20일 23시,수요일,강원도 원주시 흥업면,중상사고,0,2,0,0,차대차 - 기타,안전거리미확보,건조,맑음,단일로 - 교량,화물,남,53세,상해없음,승합,남,43세,중상
2013022100100013,2013년 2월 21일 00시,목요일,강원도 인제군 기린면,사망사고,1,0,0,0,차량단독 - 공작물충돌,안전운전불이행,건조,맑음,단일로 - 기타,화물,남,55세,사망,,,,
2013022100100031,2013년 2월 21일 01시,목요일,강원도 강릉시 노암동,경상사고,0,0,2,0,차대차 - 측면직각충돌,직진우회전진행방해,건조,맑음,교차로 - 교차로안,승용,여,41세,상해없음,승용,남,34세,경상
2013022100100112,2013년 2월 21일 08시,목요일,강원도 강릉시 교동,경상사고,0,0,2,0,차대차 - 추돌 - 진행중,안전거리미확보,건조,맑음,교차로 - 교차로부근,승합,남,66세,상해없음,화물,남,40세,경상
2013022100100113,2013년 2월 21일 08시,목요일,강원도 원주시 흥업면,중상사고,0,1,0,0,차대차 - 추돌 - 진행중,안전운전불이행,건조,맑음,단일로 - 기타,승용,남,63세,중상,특수,남,55세,상해없음
2013022100100141,2013년 2월 21일 09시,목요일,강원도 속초시 대포동,경상사고,0,0,1,0,차대차 - 측면직각충돌,교차로운행방법위반,건조,맑음,교차로 - 교차로안,승용,남,50세,상해없음,승용,남,34세,경상
2013022100100196,2013년 2월 21일 11시,목요일,강원도 춘천시 후평동,경상사고,0,0,1,0,차대차 - 측면직각충돌,안전운전불이행,건조,맑음,교차로 - 교차로부근,승용,남,62세,상해없음,승용,남,41세,경상
2013022100100197,2013년 2월 21일 11시,목요일,강원도 춘천시 후평동,경상사고,0,0,1,0,차대차 - 추돌 - 진행중,안전거리미확보,건조,맑음,단일로 - 기타,화물,남,42세,상해없음,승용,여,53세,경상
2013022100100198,2013년 2월 21일 11시,목요일,강원도 춘천시 석사동,경상사고,0,0,1,1,차대차 - 기타,안전거리미확보,건조,맑음,교차로 - 교차로안,승용,남,32세,상해없음,승용,여,30세,경상
2013022100100199,2013년 2월 21일 11시,목요일,강원도 영월군 영월읍,중상사고,0,1,3,0,차대차 - 측면직각충돌,직진우회전진행방해,건조,맑음,교차로 - 교차로안,승용,남,66세,상해없음,승합,남,53세,중상
2013022100100241,2013년 2월 21일 13시,목요일,강원도 춘천시 신동면,경상사고,0,0,1,0,차대차 - 측면직각충돌,안전운전불이행,건조,맑음,교차로 - 교차로안,승용,남,42세,상해없음,승합,남,49세,경상
2013022100100242,2013년 2월 21일 13시,목요일,강원도 평창군 평창읍,중상사고,0,1,0,0,차대사람 - 보도통행중,안전운전불이행,건조,맑음,교차로 - 교차로부근,승용,여,43세,상해없음,보행자,여,60세,중상
2013022100100261,2013년 2월 21일 14시,목요일,강원도 강릉시 홍제동,경상사고,0,0,1,0,차량단독 - 공작물충돌,안전운전불이행,건조,맑음,단일로 - 기타,승용,남,66세,경상,,,,
2013022100100303,2013년 2월 21일 16시,목요일,강원도 원주시 명륜동,중상사고,0,1,0,0,차대사람 - 차도통행중,안전운전불이행,건조,맑음,단일로 - 기타,승용,여,58세,상해없음,보행자,여,12세,중상
2013022100100336,2013년 2월 21일 17시,목요일,강원도 태백시 장성동,중상사고,0,1,0,0,차대사람 - 횡단중,보행자보호의무위반,건조,흐림,교차로 - 교차로부근,화물,남,53세,상해없음,보행자,여,25세,중상
2013022100100359,2013년 2월 21일 18시,목요일,강원도 삼척시 근덕면,경상사고,0,0,1,0,차대차 - 측면직각충돌,안전운전불이행,건조,맑음,단일로 - 기타,승용,여,46세,상해없음,원동기,남,66세,경상
2013022100100360,2013년 2월 21일 18시,목요일,강원도 횡성군 횡성읍,중상사고,0,1,0,0,차대사람 - 횡단중,보행자보호의무위반,건조,맑음,단일로 - 횡단보도상,승용,남,71세,상해없음,보행자,여,87세,중상
2013022100100361,2013년 2월 21일 18시,목요일,강원도 고성군 토성면,사망사고,1,0,0,0,차대사람 - 횡단중,안전운전불이행,건조,맑음,교차로 - 교차로부근,화물,남,60세,상해없음,보행자,여,49세,사망
2013022100100394,2013년 2월 21일 19시,목요일,강원도 영월군 영월읍,중상사고,0,1,0,0,차대차 - 측면직각충돌,교차로운행방법위반,건조,맑음,교차로 - 교차로안,승합,남,49세,상해없음,승용,여,59세,중상
2013022100100429,2013년 2월 21일 20시,목요일,강원도 영월군 영월읍,중상사고,0,1,0,0,차대차 - 측면직각충돌,직진우회전진행방해,건조,맑음,교차로 - 교차로안,승용,여,35세,상해없음,화물,남,56세,중상
2013022100100430,2013년 2월 21일 20시,목요일,강원도 동해시 천곡동,중상사고,0,1,1,0,차대차 - 측면직각충돌,중앙선침범,건조,맑음,단일로 - 기타,승용,남,61세,상해없음,이륜,남,18세,중상
2013022200100032,2013년 2월 22일 01시,금요일,강원도 춘천시 효자동,경상사고,0,0,3,0,차대차 - 기타,안전운전불이행,건조,맑음,교차로 - 교차로안,승용,남,59세,상해없음,승용,남,54세,경상
2013022200100046,2013년 2월 22일 02시,금요일,강원도 원주시 단계동,경상사고,0,0,2,0,차대차 - 측면직각충돌,신호위반,건조,맑음,교차로 - 교차로안,승용,여,39세,상해없음,승합,남,30세,상해없음
2013022200100114,2013년 2월 22일 07시,금요일,강원도 횡성군 안흥면,중상사고,0,1,0,0,차대차 - 기타,안전운전불이행,적설,눈,단일로 - 기타,승용,여,33세,상해없음,화물,남,50세,중상
2013022200100115,2013년 2월 22일 07시,금요일,강원도 철원군 김화읍,중상사고,0,1,0,0,차대차 - 추돌 - 진행중,안전운전불이행,적설,눈,교차로 - 교차로부근,승합,남,37세,상해없음,승용,여,60세,중상
2013022200100116,2013년 2월 22일 07시,금요일,강원도 홍천군 북방면,경상사고,0,0,1,0,차대차 - 추돌 - 진행중,안전운전불이행,적설,눈,기타 - 기타,화물,남,29세,상해없음,승용,남,41세,경상
2013022200100134,2013년 2월 22일 08시,금요일,강원도 원주시 무실동,경상사고,0,0,1,0,차대차 - 측면직각충돌,안전거리미확보,적설,눈,교차로 - 교차로부근,승용,여,38세,상해없음,승용,남,33세,경상
2013022200100135,2013년 2월 22일 08시,금요일,강원도 양구군 남면,경상사고,0,0,1,0,차대차 - 정면충돌,중앙선침범,습기,눈,단일로 - 기타,승용,여,51세,상해없음,승용,남,71세,경상
2013022200100166,2013년 2월 22일 09시,금요일,강원도 춘천시 남산면,경상사고,0,0,1,0,차량단독 - 기타,기타,결빙,맑음,단일로 - 기타,승합,남,47세,상해없음,,,,
2013022200100167,2013년 2월 22일 09시,금요일,강원도 영월군 영월읍,경상사고,0,0,3,0,차량단독 - 기타,안전운전불이행,적설,눈,교차로 - 교차로부근,승용,여,45세,상해없음,,,,
2013022200100168,2013년 2월 22일 09시,금요일,강원도 화천군 화천읍,중상사고,0,1,0,0,차대사람 - 기타,안전운전불이행,결빙,눈,단일로 - 기타,승용,여,37세,상해없음,보행자,여,68세,중상
2013022200100169,2013년 2월 22일 09시,금요일,강원도 인제군 상남면,중상사고,0,1,0,0,차대사람 - 보도통행중,안전운전불이행,적설,맑음,단일로 - 기타,화물,남,41세,상해없음,보행자,남,85세,중상
2013022200100199,2013년 2월 22일 10시,금요일,강원도 춘천시 신북읍,경상사고,0,0,1,0,차대사람 - 기타,안전운전불이행,적설,흐림,단일로 - 기타,승합,남,46세,상해없음,보행자,여,86세,경상
2013022200100200,2013년 2월 22일 10시,금요일,강원도 동해시 쇄운동,경상사고,0,0,1,0,차대차 - 기타,안전운전불이행,건조,맑음,교차로 - 교차로부근,건설기계,남,54세,상해없음,이륜,남,69세,경상
2013022200100253,2013년 2월 22일 12시,금요일,강원도 강릉시 송정동,경상사고,0,0,1,0,차대차 - 측면직각충돌,안전거리미확보,건조,맑음,단일로 - 기타,화물,남,36세,상해없음,승용,여,47세,경상
2013022200100272,2013년 2월 22일 13시,금요일,강원도 춘천시 근화동,중상사고,0,1,0,0,차대사람 - 횡단중,보행자보호의무위반,건조,맑음,교차로 - 교차로부근,승용,남,71세,상해없음,보행자,여,61세,중상
2013022200100300,2013년 2월 22일 14시,금요일,강원도 삼척시 교동,중상사고,0,2,1,0,차대차 - 추돌 - 진행중,안전거리미확보,건조,맑음,교차로 - 교차로부근,화물,남,42세,상해없음,화물,남,48세,중상
2013022200100301,2013년 2월 22일 14시,금요일,강원도 인제군 인제읍,중상사고,0,3,1,0,차대차 - 측면직각충돌,중앙선침범,건조,맑음,단일로 - 기타,승용,여,40세,상해없음,승합,남,66세,중상
2013022200100329,2013년 2월 22일 15시,금요일,강원도 춘천시 소양로1가,부상신고사고,0,0,0,1,차대차 - 기타,안전운전불이행,건조,맑음,교차로 - 교차로부근,자전거,남,56세,부상신고,승용,남,50세,상해없음
2013022200100330,2013년 2월 22일 15시,금요일,강원도 고성군 간성읍,부상신고사고,0,0,0,1,차대차 - 측면직각충돌,안전운전불이행,건조,맑음,단일로 - 기타,승합,남,56세,상해없음,승용,남,51세,부상신고