사고번호,사고일시,요일,시군구,사고내용,사망자수,중상자수,경상자수,부상신고자수,사고유형,법규위반,노면상태,기상상태,도로형태,가해운전자 차종,가해운전자 성별,가해운전자 연령,가해운전자 상해정도,피해운전자 차종,피해운전자 성별,피해운전자 연령,피해운전자 상해정도
2013032000100488,2013년 3월 20일 20시,수요일,강원도 강릉시 강동면,중상사고,0,1,2,0,차대차 - 측면직각충돌,안전운전불이행,적설,눈,교차로 - 교차로안,승용,남,42세,경상,승용,남,42세,중상
2013032000100489,2013년 3월 20일 20시,수요일,강원도 원주시 행구동,경상사고,0,0,1,0,차량단독 - 공작물충돌,안전운전불이행,건조,맑음,단일로 - 기타,승용,남,31세,경상,,,,
2013032000100522,2013년 3월 20일 21시,수요일,강원도 강릉시 교동,중상사고,0,1,0,0,차대사람 - 횡단중,안전운전불이행,적설,눈,교차로 - 교차로안,승용,남,40세,상해없음,보행자,남,39세,중상
2013032000100523,2013년 3월 20일 21시,수요일,강원도 원주시 단계동,중상사고,0,1,0,0,차대차 - 기타,직진우회전진행방해,건조,맑음,교차로 - 교차로안,승용,여,49세,상해없음,승용,여,39세,중상
2013032000100551,2013년 3월 20일 22시,수요일,강원도 춘천시 후평동,경상사고,0,0,3,0,차대차 - 측면직각충돌,안전거리미확보,건조,맑음,단일로 - 기타,승용,남,34세,상해없음,승용,남,41세,경상
2013032000100552,2013년 3월 20일 22시,수요일,강원도 속초시 동명동,중상사고,0,1,4,0,차대차 - 측면직각충돌,안전운전불이행,결빙,맑음,단일로 - 기타,승합,남,27세,상해없음,화물,남,41세,경상
2013032000100553,2013년 3월 20일 22시,수요일,강원도 삼척시 정상동,경상사고,0,0,2,0,차대사람 - 차도통행중,안전운전불이행,적설,눈,교차로 - 교차로부근,승용,여,43세,상해없음,보행자,남,49세,경상
2013032000100554,2013년 3월 20일 22시,수요일,강원도 삼척시 남양동,경상사고,0,0,1,0,차대차 - 측면직각충돌,안전운전불이행,적설,눈,교차로 - 교차로안,승용,남,26세,상해없음,승용,남,58세,경상
2013032000100574,2013년 3월 20일 23시,수요일,강원도 강릉시 교동,중상사고,0,1,0,0,차대사람 - 횡단중,안전운전불이행,적설,눈,단일로 - 횡단보도상,승용,여,36세,상해없음,보행자,남,39세,중상
2013032100100013,2013년 3월 21일 00시,목요일,강원도 삼척시 남양동,경상사고,0,0,1,0,차대사람 - 기타,안전운전불이행,결빙,눈,교차로 - 교차로안,승용,남,53세,기타불명,보행자,남,25세,경상
2013032100100029,2013년 3월 21일 01시,목요일,강원도 강릉시 금학동,경상사고,0,0,1,0,차대차 - 추돌 - 진행중,안전거리미확보,적설,눈,교차로 - 교차로안,승합,남,51세,상해없음,승용,남,54세,경상
2013032100100083,2013년 3월 21일 06시,목요일,강원도 강릉시 연곡면,경상사고,0,0,3,0,차대차 - 측면직각충돌,안전운전불이행,결빙,맑음,단일로 - 기타,화물,남,58세,상해없음,승용,여,45세,경상
2013032100100101,2013년 3월 21일 07시,목요일,강원도 강릉시 교동,경상사고,0,0,3,0,차대차 - 정면충돌,안전운전불이행,결빙,맑음,단일로 - 기타,승용,남,66세,상해없음,승용,여,28세,경상
2013032100100102,2013년 3월 21일 07시,목요일,강원도 원주시 호저면,경상사고,0,0,1,0,차대차 - 측면직각충돌,신호위반,건조,맑음,교차로 - 교차로안,승합,남,56세,상해없음,승용,남,39세,경상
2013032100100103,2013년 3월 21일 07시,목요일,강원도 원주시 무실동,경상사고,0,0,1,0,차대차 - 측면직각충돌,신호위반,건조,맑음,교차로 - 교차로안,승용,남,22세,상해없음,승용,여,43세,경상
2013032100100104,2013년 3월 21일 07시,목요일,강원도 고성군 토성면,경상사고,0,0,6,0,차대차 - 측면직각충돌,신호위반,결빙,맑음,교차로 - 교차로안,승용,남,59세,상해없음,승용,남,31세,경상
2013032100100140,2013년 3월 21일 08시,목요일,강원도 춘천시 동면,경상사고,0,0,2,0,차대차 - 측면직각충돌,교차로운행방법위반,건조,맑음,교차로 - 교차로안,승용,남,48세,상해없음,승용,여,46세,경상
2013032100100141,2013년 3월 21일 08시,목요일,강원도 춘천시 퇴계동,중상사고,0,1,0,0,차대사람 - 횡단중,보행자보호의무위반,건조,맑음,단일로 - 기타,승용,여,43세,상해없음,보행자,여,55세,중상
2013032100100142,2013년 3월 21일 08시,목요일,강원도 강릉시 교동,경상사고,0,0,1,0,차대차 - 추돌 - 진행중,안전거리미확보,결빙,맑음,단일로 - 기타,승용,여,42세,상해없음,승용,여,48세,경상
2013032100100143,2013년 3월 21일 08시,목요일,강원도 강릉시 교동,경상사고,0,0,1,0,차대차 - 추돌 - 진행중,안전거리미확보,결빙,맑음,단일로 - 기타,승용,남,58세,상해없음,승용,여,55세,경상
2013032100100144,2013년 3월 21일 08시,목요일,강원도 양양군 현북면,경상사고,0,0,1,0,차대차 - 측면직각충돌,신호위반,습기,맑음,교차로 - 교차로안,승용,여,38세,상해없음,승용,남,44세,경상
2013032100100145,2013년 3월 21일 08시,목요일,강원도 철원군 갈말읍,경상사고,0,0,1,0,차대차 - 측면직각충돌,교차로운행방법위반,건조,맑음,교차로 - 교차로안,화물,남,21세,상해없음,화물,남,52세,경상
2013032100100182,2013년 3월 21일 09시,목요일,강원도 춘천시 석사동,경상사고,0,0,1,0,차대차 - 측면직각충돌,안전운전불이행,건조,맑음,단일로 - 기타,승용,남,55세,상해없음,승합,남,48세,경상
2013032100100183,2013년 3월 21일 09시,목요일,강원도 속초시 노학동,경상사고,0,0,1,0,차대차 - 측면직각충돌,신호위반,건조,맑음,교차로 - 교차로안,승용,남,49세,상해없음,승용,남,31세,경상
2013032100100184,2013년 3월 21일 09시,목요일,강원도 태백시 황지동,중상사고,0,1,0,0,차대차 - 추돌 - 주정차중,안전운전불이행,건조,맑음,단일로 - 기타,화물,남,51세,상해없음,화물,남,68세,중상
2013032100100261,2013년 3월 21일 12시,목요일,강원도 홍천군 서면,중상사고,0,3,0,0,차대차 - 기타,기타,건조,맑음,단일로 - 기타,화물,남,52세,상해없음,승용,여,53세,중상
2013032100100285,2013년 3월 21일 13시,목요일,강원도 횡성군 횡성읍,경상사고,0,0,2,0,차대차 - 기타,중앙선침범,건조,맑음,단일로 - 기타,승용,남,77세,상해없음,승용,여,50세,경상
2013032100100359,2013년 3월 21일 16시,목요일,강원도 강릉시 성산면,중상사고,0,1,0,0,차대차 - 기타,차로위반,건조,맑음,단일로 - 기타,승용,남,29세,상해없음,승용,남,32세,중상
2013032100100386,2013년 3월 21일 17시,목요일,강원도 춘천시 퇴계동,경상사고,0,0,2,0,차대차 - 측면직각충돌,신호위반,건조,맑음,교차로 - 교차로안,승용,여,27세,상해없음,승용,남,36세,경상
2013032100100418,2013년 3월 21일 18시,목요일,강원도 원주시 우산동,경상사고,0,0,2,0,차대차 - 추돌 - 진행중,안전거리미확보,건조,맑음,단일로 - 기타,승용,남,48세,상해없음,승용,남,62세,경상
2013032100100419,2013년 3월 21일 18시,목요일,강원도 원주시 무실동,부상신고사고,0,0,0,1,차대차 - 기타,안전운전불이행,건조,맑음,단일로 - 기타,기타불명,기타불명,기타불명,기타불명,자전거,여,11세,부상신고
2013032100100420,2013년 3월 21일 18시,목요일,강원도 동해시 효가동,경상사고,0,0,2,0,차대차 - 추돌 - 진행중,안전거리미확보,건조,맑음,교차로 - 교차로부근,승용,남,58세,상해없음,승용,남,44세,경상
2013032100100529,2013년 3월 21일 21시,목요일,강원도 원주시 흥업면,경상사고,0,0,1,0,차대차 - 추돌 - 진행중,안전운전불이행,건조,맑음,교차로 - 교차로부근,승용,남,29세,상해없음,승용,여,31세,경상
2013032100100561,2013년 3월 21일 22시,목요일,강원도 동해시 평릉동,사망사고,1,1,4,0,차대차 - 정면충돌,중앙선침범,건조,맑음,단일로 - 기타,승용,남,30세,상해없음,승용,남,54세,사망
2013032200100013,2013년 3월 22일 00시,금요일,강원도 정선군 남면,경상사고,0,0,1,0,차대차 - 기타,안전운전불이행,건조,맑음,기타 - 기타,승용,남,73세,상해없음,승용,남,40세,경상
2013032200100029,2013년 3월 22일 01시,금요일,강원도 양양군 현북면,중상사고,0,1,2,0,차량단독 - 도로외이탈 - 추락,안전운전불이행,습기,맑음,단일로 - 기타,승용,남,24세,상해없음,,,,
2013032200100030,2013년 3월 22일 01시,금요일,강원도 삼척시 갈천동,경상사고,0,0,1,0,차대차 - 추돌 - 진행중,안전운전불이행,건조,맑음,교차로 - 교차로부근,승용,여,44세,상해없음,승용,여,40세,경상
2013032200100084,2013년 3월 22일 05시,금요일,강원도 원주시 흥업면,중상사고,0,1,1,0,차대차 - 측면직각충돌,교차로운행방법위반,건조,맑음,교차로 - 교차로안,승용,남,40세,경상,승용,여,49세,중상
2013032200100140,2013년 3월 22일 08시,금요일,강원도 춘천시 후평동,경상사고,0,0,1,0,차대차 - 측면직각충돌,교차로운행방법위반,건조,맑음,교차로 - 교차로안,승용,여,38세,상해없음,원동기,남,71세,경상
2013032200100141,2013년 3월 22일 08시,금요일,강원도 원주시 행구동,부상신고사고,0,0,0,1,차대차 - 기타,보행자보호의무위반,건조,맑음,교차로 - 교차로부근,기타불명,기타불명,기타불명,기타불명,자전거,남,35세,부상신고
2013032200100142,2013년 3월 22일 08시,금요일,강원도 원주시 단구동,중상사고,0,1,2,0,차대차 - 측면직각충돌,교차로운행방법위반,건조,맑음,교차로 - 교차로안,승용,남,54세,경상,화물,남,51세,중상
2013032200100269,2013년 3월 22일 13시,금요일,강원도 강릉시 성산면,경상사고,0,0,7,0,차대차 - 측면직각충돌,안전운전불이행,건조,맑음,교차로 - 교차로안,화물,남,53세,상해없음,승합,남,43세,경상
2013032200100286,2013년 3월 22일 14시,금요일,강원도 원주시 명륜동,중상사고,0,1,0,0,차대사람 - 횡단중,보행자보호의무위반,건조,맑음,교차로 - 교차로안,승용,남,80세,상해없음,보행자,남,50세,중상
2013032200100318,2013년 3월 22일 15시,금요일,강원도 원주시 신림면,사망사고,1,0,0,0,차량단독 - 도로외이탈 - 추락,안전운전불이행,기타,맑음,기타 - 기타,농기계,남,56세,사망,,,,
2013032200100384,2013년 3월 22일 17시,금요일,강원도 춘천시 남면,중상사고,0,2,0,0,차량단독 - 공작물충돌,안전운전불이행,건조,맑음,기타 - 기타,승용,남,19세,상해없음,,,,
2013032200100413,2013년 3월 22일 18시,금요일,강원도 원주시 단계동,경상사고,0,0,1,0,차대차 - 측면직각충돌,교차로운행방법위반,건조,맑음,교차로 - 교차로안,승용,여,40세,상해없음,승합,남,53세,경상
2013032200100414,2013년 3월 22일 18시,금요일,강원도 속초시 교동,경상사고,0,0,2,0,차대사람 - 길가장자리구역통행중,안전운전불이행,건조,맑음,교차로 - 교차로부근,승용,남,46세,상해없음,보행자,남,32세,경상
2013032200100461,2013년 3월 22일 19시,금요일,강원도 동해시 효가동,중상사고,0,1,0,0,차대차 - 측면직각충돌,안전운전불이행,건조,맑음,교차로 - 교차로안,화물,남,38세,상해없음,승용,여,48세,중상
2013032300100010,2013년 3월 23일 00시,토요일,강원도 춘천시 후평동,경상사고,0,0,1,0,차대사람 - 기타,안전운전불이행,건조,맑음,단일로 - 기타,승용,남,41세,상해없음,보행자,남,45세,경상
2013032300100011,2013년 3월 23일 00시,토요일,강원도 강릉시 주문진읍,경상사고,0,0,2,0,차대사람 - 기타,안전운전불이행,건조,맑음,단일로 - 기타,승용,여,45세,상해없음,보행자,남,49세,경상
2013032300100050,2013년 3월 23일 01시,토요일,강원도 원주시 단계동,중상사고,0,1,0,0,차대차 - 측면직각충돌,교차로운행방법위반,건조,맑음,교차로 - 교차로안,승용,남,52세,상해없음,자전거,남,22세,중상
2013032300100121,2013년 3월 23일 05시,토요일,강원도 춘천시 석사동,경상사고,0,0,3,0,차대차 - 측면직각충돌,신호위반,건조,맑음,교차로 - 교차로안,승용,남,70세,상해없음,승용,남,52세,경상
2013032300100246,2013년 3월 23일 11시,토요일,강원도 평창군 대관령면,경상사고,0,0,2,0,차대차 - 측면직각충돌,중앙선침범,건조,맑음,단일로 - 기타,승합,남,54세,상해없음,승용,남,58세,경상
2013032300100273,2013년 3월 23일 12시,토요일,강원도 홍천군 화촌면,중상사고,0,1,0,0,차대차 - 기타,안전운전불이행,건조,맑음,기타 - 기타,화물,남,59세,상해없음,농기계,남,60세,중상
2013032300100274,2013년 3월 23일 12시,토요일,강원도 동해시 이도동,경상사고,0,0,2,0,차대차 - 추돌 - 주정차중,안전운전불이행,건조,맑음,교차로 - 교차로부근,화물,남,47세,상해없음,승합,남,39세,경상
2013032300100305,2013년 3월 23일 13시,토요일,강원도 춘천시 북산면,경상사고,0,0,1,0,차대사람 - 기타,안전운전불이행,건조,맑음,단일로 - 기타,승용,남,32세,상해없음,보행자,남,55세,경상
2013032300100306,2013년 3월 23일 13시,토요일,강원도 강릉시 성남동,경상사고,0,0,1,0,차대차 - 기타,안전운전불이행,건조,맑음,교차로 - 교차로안,화물,남,69세,상해없음,승용,남,27세,경상
2013032300100343,2013년 3월 23일 14시,토요일,강원도 양양군 현북면,중상사고,0,1,2,0,차대차 - 측면직각충돌,교차로운행방법위반,건조,맑음,교차로 - 교차로안,승용,남,38세,상해없음,승용,남,32세,경상
2013032300100419,2013년 3월 23일 16시,토요일,강원도 원주시 무실동,경상사고,0,0,2,0,차대차 - 추돌 - 진행중,안전거리미확보,건조,맑음,단일로 - 기타,승용,남,70세,상해없음,승용,남,43세,경상
2013032300100420,2013년 3월 23일 16시,토요일,강원도 삼척시 도계읍,중상사고,0,2,0,0,차대차 - 측면직각충돌,중앙선침범,건조,흐림,단일로 - 기타,승용,여,56세,상해없음,승용,남,48세,중상
2013032300100458,2013년 3월 23일 17시,토요일,강원도 동해시 발한동,경상사고,0,0,1,0,차대차 - 기타,안전운전불이행,건조,맑음,단일로 - 기타,이륜,여,41세,상해없음,승용,여,29세,경상
2013032300100533,2013년 3월 23일 19시,토요일,강원도 원주시 명륜동,경상사고,0,0,2,0,차대차 - 측면직각충돌,교차로운행방법위반,건조,맑음,교차로 - 교차로안,승용,남,41세,상해없음,승용,남,56세,경상
2013032300100674,2013년 3월 23일 23시,토요일,강원도 강릉시 포남동,경상사고,0,0,1,0,차대사람 - 기타,안전운전불이행,건조,맑음,단일로 - 기타,승용,여,45세,상해없음,보행자,남,19세,경상
2013032400100010,2013년 3월 24일 00시,일요일,강원도 강릉시 강문동,경상사고,0,0,1,0,차대차 - 측면직각충돌,안전운전불이행,건조,맑음,단일로 - 기타,승용,여,57세,상해없음,원동기,남,18세,경상
2013032400100106,2013년 3월 24일 06시,일요일,강원도 원주시 무실동,경상사고,0,0,1,1,차대차 - 추돌 - 진행중,신호위반,건조,맑음,교차로 - 교차로안,화물,남,44세,부상신고,승용,남,51세,경상
2013032400100168,2013년 3월 24일 10시,일요일,강원도 속초시 영랑동,경상사고,0,0,1,0,차대사람 - 횡단중,안전운전불이행,건조,맑음,단일로 - 기타,자전거,기타불명,기타불명,기타불명,보행자,남,8세,경상
2013032400100188,2013년 3월 24일 12시,일요일,강원도 평창군 봉평면,경상사고,0,0,1,0,차대차 - 측면직각충돌,안전운전불이행,건조,맑음,교차로 - 교차로안,승용,여,50세,상해없음,화물,남,28세,경상
2013032400100208,2013년 3월 24일 13시,일요일,강원도 춘천시 동내면,경상사고,0,0,1,0,차대사람 - 횡단중,안전운전불이행,건조,맑음,교차로 - 교차로부근,승용,남,72세,상해없음,보행자,남,7세,경상
2013032400100238,2013년 3월 24일 14시,일요일,강원도 평창군 대관령면,경상사고,0,0,2,0,차대차 - 측면직각충돌,안전운전불이행,건조,맑음,교차로 - 교차로안,승용,남,61세,상해없음,화물,남,59세,경상
2013032400100239,2013년 3월 24일 14시,일요일,강원도 고성군 토성면,경상사고,0,0,2,0,차대차 - 추돌 - 진행중,안전운전불이행,건조,맑음,단일로 - 기타,승용,남,22세,상해없음,승용,남,52세,경상
2013032400100262,2013년 3월 24일 15시,일요일,강원도 강릉시 죽헌동,경상사고,0,0,1,0,차대차 - 측면직각충돌,신호위반,건조,맑음,교차로 - 교차로안,승용,남,45세,상해없음,승용,여,28세,경상
2013032400100263,2013년 3월 24일 15시,일요일,강원도 삼척시 도계읍,중상사고,0,1,0,0,차대차 - 측면직각충돌,직진우회전진행방해,건조,맑음,교차로 - 교차로안,승용,남,48세,중상,승용,남,44세,상해없음
2013032400100343,2013년 3월 24일 18시,일요일,강원도 원주시 단계동,경상사고,0,0,2,0,차대차 - 측면직각충돌,안전운전불이행,건조,맑음,교차로 - 교차로안,화물,남,59세,상해없음,승용,남,55세,경상
2013032400100344,2013년 3월 24일 18시,일요일,강원도 원주시 단구동,중상사고,0,1,0,0,차대사람 - 횡단중,보행자보호의무위반,건조,맑음,단일로 - 횡단보도상,승용,남,63세,상해없음,보행자,여,12세,중상
2013032400100373,2013년 3월 24일 19시,일요일,강원도 원주시 부론면,중상사고,0,1,0,0,차량단독 - 기타,안전운전불이행,기타,흐림,단일로 - 기타,승합,남,56세,상해없음,,,,
2013032400100405,2013년 3월 24일 20시,일요일,강원도 속초시 교동,경상사고,0,0,1,0,차대사람 - 횡단중,안전운전불이행,건조,흐림,교차로 - 교차로부근,승용,여,60세,상해없음,보행자,남,44세,경상
2013032400100406,2013년 3월 24일 20시,일요일,강원도 홍천군 서면,사망사고,1,0,0,0,차량단독 - 전도전복,안전운전불이행,건조,맑음,단일로 - 기타,화물,남,31세,사망,,,,
2013032400100463,2013년 3월 24일 22시,일요일,강원도 강릉시 포남동,경상사고,0,0,1,0,차대사람 - 기타,안전운전불이행,건조,맑음,교차로 - 교차로부근,승용,여,46세,상해없음,보행자,남,50세,경상
2013032400100464,2013년 3월 24일 22시,일요일,강원도 원주시 단구동,경상사고,0,0,2,0,차대차 - 추돌 - 주정차중,안전거리미확보,건조,맑음,교차로 - 교차로부근,승용,남,51세,상해없음,승용,여,24세,경상
2013032400100465,2013년 3월 24일 22시,일요일,강원도 철원군 동송읍,경상사고,0,0,3,0,차대차 - 측면직각충돌,교차로운행방법위반,건조,맑음,교차로 - 교차로안,승용,남,65세,상해없음,승용,남,31세,경상
2013032400100482,2013년 3월 24일 23시,일요일,강원도 춘천시 석사동,경상사고,0,0,3,0,차대차 - 측면직각충돌,직진우회전진행방해,건조,맑음,교차로 - 교차로안,승용,남,55세,상해없음,승용,남,21세,경상
2013032400100483,2013년 3월 24일 23시,일요일,강원도 강릉시 죽헌동,사망사고,1,0,0,0,차대사람 - 차도통행중,안전운전불이행,습기,비,단일로 - 기타,승용,남,32세,상해없음,보행자,남,70세,사망
2013032500100047,2013년 3월 25일 06시,월요일,강원도 춘천시 석사동,중상사고,0,3,1,0,차대차 - 측면직각충돌,직진우회전진행방해,건조,맑음,교차로 - 교차로안,승용,남,23세,상해없음,승용,남,52세,중상
2013032500100094,2013년 3월 25일 08시,월요일,강원도 춘천시 효자동,중상사고,0,1,0,0,차대차 - 추돌 - 진행중,차로위반,건조,맑음,교차로 - 교차로부근,승용,남,58세,상해없음,승용,여,30세,중상
2013032500100095,2013년 3월 25일 08시,월요일,강원도 철원군 갈말읍,중상사고,0,1,0,0,차대차 - 측면직각충돌,교차로운행방법위반,건조,맑음,교차로 - 교차로안,화물,남,64세,상해없음,승용,여,35세,중상
2013032500100129,2013년 3월 25일 09시,월요일,강원도 영월군 수주면,중상사고,0,1,0,0,차대사람 - 기타,안전운전불이행,건조,맑음,단일로 - 기타,승용,여,63세,상해없음,보행자,남,48세,중상
2013032500100130,2013년 3월 25일 09시,월요일,강원도 홍천군 북방면,경상사고,0,0,1,0,차대사람 - 기타,안전운전불이행,건조,맑음,기타 - 기타,화물,남,40세,상해없음,보행자,남,47세,경상
2013032500100152,2013년 3월 25일 10시,월요일,강원도 원주시 반곡동,경상사고,0,0,2,0,차대차 - 추돌 - 주정차중,안전운전불이행,건조,맑음,단일로 - 기타,승용,남,53세,경상,승용,여,48세,경상
2013032500100216,2013년 3월 25일 12시,월요일,강원도 강릉시 금학동,경상사고,0,0,1,0,차대차 - 추돌 - 주정차중,안전운전불이행,건조,맑음,단일로 - 기타,화물,남,59세,상해없음,승용,여,36세,경상
2013032500100217,2013년 3월 25일 12시,월요일,강원도 강릉시 포남동,경상사고,0,0,1,0,차대차 - 추돌 - 진행중,안전운전불이행,습기,눈,교차로 - 교차로부근,승용,남,60세,기타불명,화물,남,54세,경상
2013032500100218,2013년 3월 25일 12시,월요일,강원도 강릉시 임당동,경상사고,0,0,1,0,차대사람 - 보도통행중,중앙선침범,건조,맑음,교차로 - 교차로부근,승용,남,66세,상해없음,보행자,여,73세,경상
2013032500100219,2013년 3월 25일 12시,월요일,강원도 원주시 태장동,중상사고,0,1,0,0,차대사람 - 기타,안전운전불이행,건조,맑음,단일로 - 기타,승용,남,65세,상해없음,보행자,남,57세,중상
2013032500100241,2013년 3월 25일 13시,월요일,강원도 원주시 소초면,경상사고,0,0,1,0,차대차 - 추돌 - 진행중,안전운전불이행,건조,맑음,단일로 - 기타,승용,남,74세,상해없음,승용,남,42세,경상
2013032500100242,2013년 3월 25일 13시,월요일,강원도 삼척시 도계읍,경상사고,0,0,1,0,차대차 - 측면직각충돌,안전운전불이행,습기,흐림,단일로 - 기타,승용,남,76세,상해없음,화물,남,53세,경상
2013032500100243,2013년 3월 25일 13시,월요일,강원도 태백시 황지동,중상사고,0,1,0,0,차대사람 - 길가장자리구역통행중,안전운전불이행,습기,눈,단일로 - 기타,승용,남,66세,상해없음,보행자,남,62세,중상
2013032500100285,2013년 3월 25일 14시,월요일,강원도 춘천시 퇴계동,중상사고,0,1,0,0,차대사람 - 기타,안전운전불이행,건조,맑음,단일로 - 기타,승용,남,69세,상해없음,보행자,여,58세,중상
2013032500100286,2013년 3월 25일 14시,월요일,강원도 평창군 대관령면,경상사고,0,0,2,0,차대차 - 측면직각충돌,안전운전불이행,적설,눈,단일로 - 기타,승용,여,53세,경상,화물,여,56세,경상
2013032500100287,2013년 3월 25일 14시,월요일,강원도 횡성군 우천면,사망사고,1,0,0,0,차량단독 - 기타,안전운전불이행,건조,맑음,단일로 - 기타,자전거,남,57세,사망,,,,
2013032500100351,2013년 3월 25일 16시,월요일,강원도 춘천시 석사동,중상사고,0,1,0,0,차대차 - 측면직각충돌,안전운전불이행,건조,맑음,교차로 - 교차로안,화물,남,38세,상해없음,원동기,남,54세,중상
2013032500100422,2013년 3월 25일 18시,월요일,강원도 춘천시 효자동,경상사고,0,0,2,0,차대차 - 추돌 - 진행중,안전거리미확보,건조,맑음,단일로 - 기타,승용,남,57세,상해없음,승용,여,48세,경상
2013032500100538,2013년 3월 25일 22시,월요일,강원도 원주시 무실동,중상사고,0,1,0,0,차대차 - 측면직각충돌,신호위반,건조,맑음,교차로 - 교차로안,원동기,남,15세,상해없음,승용,남,39세,상해없음
2013032500100566,2013년 3월 25일 23시,월요일,강원도 강릉시 사천면,중상사고,0,1,9,0,차대차 - 추돌 - 진행중,안전운전불이행,결빙,흐림,단일로 - 교량,승합,남,50세,상해없음,승용,남,33세,경상
2013032600100010,2013년 3월 26일 00시,화요일,강원도 동해시 천곡동,경상사고,0,0,2,0,차대차 - 측면직각충돌,신호위반,건조,맑음,교차로 - 교차로안,승용,남,61세,상해없음,승용,남,58세,경상
2013032600100069,2013년 3월 26일 06시,화요일,강원도 속초시 장사동,경상사고,0,0,3,0,차대차 - 측면직각충돌,안전운전불이행,결빙,흐림,단일로 - 기타,승용,남,57세,상해없음,승용,남,53세,경상
2013032600100121,2013년 3월 26일 08시,화요일,강원도 춘천시 퇴계동,경상사고,0,0,1,1,차대차 - 기타,안전거리미확보,건조,맑음,단일로 - 기타,화물,남,58세,상해없음,승용,남,57세,경상
2013032600100122,2013년 3월 26일 08시,화요일,강원도 춘천시 석사동,경상사고,0,0,1,0,차대차 - 추돌 - 주정차중,안전거리미확보,건조,맑음,단일로 - 기타,승용,남,38세,상해없음,승용,남,53세,경상
2013032600100123,2013년 3월 26일 08시,화요일,강원도 홍천군 홍천읍,중상사고,0,1,0,0,차대차 - 기타,신호위반,건조,맑음,교차로 - 교차로안,승용,남,30세,상해없음,승용,남,64세,중상
2013032600100155,2013년 3월 26일 09시,화요일,강원도 원주시 태장동,경상사고,0,0,1,0,차대차 - 추돌 - 진행중,안전운전불이행,건조,맑음,교차로 - 교차로안,건설기계,남,54세,상해없음,승용,남,41세,경상
2013032600100186,2013년 3월 26일 10시,화요일,강원도 횡성군 횡성읍,중상사고,0,1,0,0,차대사람 - 기타,안전운전불이행,건조,맑음,교차로 - 교차로안,승합,남,55세,상해없음,보행자,여,81세,중상
2013032600100202,2013년 3월 26일 11시,화요일,강원도 원주시 단계동,경상사고,0,0,1,0,차대사람 - 기타,안전운전불이행,건조,맑음,단일로 - 기타,화물,남,37세,상해없음,보행자,남,66세,경상
2013032600100291,2013년 3월 26일 15시,화요일,강원도 영월군 한반도면,중상사고,0,2,0,0,차대차 - 추돌 - 진행중,안전거리미확보,건조,맑음,단일로 - 기타,건설기계,남,53세,상해없음,승용,여,45세,중상
2013032600100292,2013년 3월 26일 15시,화요일,강원도 홍천군 홍천읍,경상사고,0,0,1,0,차대사람 - 기타,안전운전불이행,건조,맑음,기타 - 기타,승용,여,39세,상해없음,보행자,남,9세,경상
2013032600100312,2013년 3월 26일 16시,화요일,강원도 춘천시 석사동,경상사고,0,0,4,2,차량단독 - 기타,안전운전불이행,건조,맑음,교차로 - 교차로부근,승합,남,42세,상해없음,,,,
2013032600100313,2013년 3월 26일 16시,화요일,강원도 삼척시 갈천동,경상사고,0,0,1,0,차대차 - 추돌 - 진행중,안전운전불이행,건조,맑음,단일로 - 기타,승용,남,47세,상해없음,승용,남,32세,경상
2013032600100314,2013년 3월 26일 16시,화요일,강원도 철원군 동송읍,중상사고,0,1,0,0,차대차 - 측면직각충돌,기타,건조,맑음,교차로 - 교차로안,승용,남,41세,상해없음,이륜,여,71세,중상
2013032600100315,2013년 3월 26일 16시,화요일,강원도 동해시 망상동,중상사고,0,1,1,0,차대차 - 측면직각충돌,교차로운행방법위반,건조,맑음,교차로 - 교차로안,승용,여,39세,상해없음,승용,남,56세,중상
2013032600100346,2013년 3월 26일 17시,화요일,강원도 강릉시 주문진읍,경상사고,0,0,2,0,차대차 - 측면직각충돌,안전운전불이행,건조,맑음,교차로 - 교차로안,승용,남,63세,경상,승용,남,43세,상해없음
2013032600100347,2013년 3월 26일 17시,화요일,강원도 원주시 중앙동,경상사고,0,0,1,0,차대차 - 추돌 - 진행중,안전거리미확보,건조,맑음,단일로 - 기타,승용,여,40세,상해없음,승합,남,59세,상해없음
2013032600100377,2013년 3월 26일 18시,화요일,강원도 태백시 황지동,경상사고,0,0,1,0,차대차 - 기타,안전운전불이행,건조,맑음,교차로 - 교차로부근,승용,남,56세,상해없음,원동기,남,15세,경상
2013032600100419,2013년 3월 26일 19시,화요일,강원도 원주시 일산동,경상사고,0,0,1,0,차대차 - 추돌 - 진행중,안전거리미확보,건조,맑음,단일로 - 기타,승용,여,47세,경상,승용,남,56세,상해없음
2013032600100450,2013년 3월 26일 20시,화요일,강원도 원주시 단구동,중상사고,0,1,0,0,차대사람 - 길가장자리구역통행중,안전운전불이행,건조,맑음,교차로 - 교차로안,승용,여,49세,상해없음,보행자,남,69세,중상
2013032600100480,2013년 3월 26일 21시,화요일,강원도 원주시 문막읍,경상사고,0,0,1,0,차대차 - 추돌 - 진행중,차로위반,건조,맑음,교차로 - 교차로부근,승용,남,57세,상해없음,이륜,남,42세,경상
2013032600100514,2013년 3월 26일 22시,화요일,강원도 강릉시 홍제동,중상사고,0,1,0,0,차대사람 - 기타,안전운전불이행,건조,맑음,교차로 - 교차로안,승용,여,46세,상해없음,보행자,여,55세,중상