사고번호,사고일시,요일,시군구,사고내용,사망자수,중상자수,경상자수,부상신고자수,사고유형,법규위반,노면상태,기상상태,도로형태,가해운전자 차종,가해운전자 성별,가해운전자 연령,가해운전자 상해정도,피해운전자 차종,피해운전자 성별,피해운전자 연령,피해운전자 상해정도
2013040200100036,2013년 4월 2일 01시,화요일,강원도 강릉시 유산동,중상사고,0,1,0,0,차량단독 - 공작물충돌,안전운전불이행,건조,맑음,단일로 - 기타,승용,남,41세,중상,,,,
2013040200100105,2013년 4월 2일 06시,화요일,강원도 춘천시 석사동,중상사고,0,1,0,0,차대차 - 측면직각충돌,직진우회전진행방해,습기,비,교차로 - 교차로안,승용,남,56세,상해없음,승용,여,47세,중상
2013040200100124,2013년 4월 2일 07시,화요일,강원도 춘천시 근화동,경상사고,0,0,1,0,차대사람 - 기타,기타,습기,비,단일로 - 기타,승용,남,58세,상해없음,보행자,여,39세,경상
2013040200100125,2013년 4월 2일 07시,화요일,강원도 원주시 우산동,경상사고,0,0,3,0,차대차 - 측면직각충돌,차로위반,습기,비,단일로 - 기타,승용,여,41세,상해없음,승용,여,39세,경상
2013040200100126,2013년 4월 2일 07시,화요일,강원도 인제군 인제읍,경상사고,0,0,1,0,차대차 - 측면직각충돌,안전운전불이행,습기,흐림,단일로 - 기타,승용,남,49세,상해없음,승용,남,29세,경상
2013040200100157,2013년 4월 2일 08시,화요일,강원도 강릉시 성산면,중상사고,0,1,0,0,차량단독 - 전도전복,안전운전불이행,기타,맑음,단일로 - 기타,화물,남,57세,중상,,,,
2013040200100158,2013년 4월 2일 08시,화요일,강원도 원주시 태장동,경상사고,0,0,1,0,차대차 - 추돌 - 진행중,안전운전불이행,습기,비,교차로 - 교차로부근,이륜,여,38세,상해없음,승용,여,23세,경상
2013040200100240,2013년 4월 2일 11시,화요일,강원도 강릉시 유천동,중상사고,0,1,1,0,차대차 - 측면직각충돌,안전운전불이행,건조,맑음,교차로 - 교차로안,승용,남,35세,상해없음,승용,여,54세,경상
2013040200100258,2013년 4월 2일 12시,화요일,강원도 춘천시 사북면,중상사고,0,1,0,0,차대차 - 정면충돌,중앙선침범,건조,맑음,단일로 - 기타,승용,남,39세,상해없음,농기계,남,54세,중상
2013040200100259,2013년 4월 2일 12시,화요일,강원도 원주시 명륜동,경상사고,0,0,2,0,차대차 - 추돌 - 진행중,안전운전불이행,습기,비,교차로 - 교차로부근,승용,남,29세,상해없음,승용,남,61세,경상
2013040200100278,2013년 4월 2일 13시,화요일,강원도 동해시 이도동,중상사고,0,2,0,0,차대차 - 추돌 - 주정차중,안전거리미확보,습기,비,교차로 - 교차로부근,화물,남,43세,상해없음,승용,여,30세,중상
2013040200100301,2013년 4월 2일 14시,화요일,강원도 춘천시 효자동,경상사고,0,0,1,0,차대차 - 추돌 - 진행중,안전거리미확보,건조,맑음,단일로 - 기타,승용,남,42세,상해없음,승용,여,39세,경상
2013040200100302,2013년 4월 2일 14시,화요일,강원도 춘천시 후평동,중상사고,0,1,0,0,차대사람 - 기타,안전운전불이행,건조,맑음,단일로 - 기타,화물,남,55세,상해없음,보행자,여,63세,중상
2013040200100303,2013년 4월 2일 14시,화요일,강원도 삼척시 신기면,경상사고,0,0,1,0,차대차 - 측면직각충돌,안전운전불이행,습기,흐림,기타 - 기타,화물,남,43세,상해없음,승용,남,40세,경상
2013040200100356,2013년 4월 2일 16시,화요일,강원도 태백시 조탄동,경상사고,0,0,2,0,차대차 - 기타,중앙선침범,습기,비,단일로 - 기타,승용,남,78세,상해없음,건설기계,남,52세,경상
2013040200100412,2013년 4월 2일 18시,화요일,강원도 춘천시 사농동,경상사고,0,0,1,0,차대차 - 측면직각충돌,교차로운행방법위반,건조,맑음,교차로 - 교차로안,승용,남,43세,상해없음,승용,남,27세,경상
2013040200100448,2013년 4월 2일 19시,화요일,강원도 원주시 태장동,경상사고,0,0,1,0,차대차 - 측면직각충돌,차로위반,건조,맑음,단일로 - 기타,승용,남,42세,기타불명,승용,여,37세,경상
2013040200100481,2013년 4월 2일 20시,화요일,강원도 동해시 용정동,경상사고,0,0,1,0,차대차 - 측면직각충돌,안전운전불이행,건조,맑음,교차로 - 교차로안,승용,여,60세,상해없음,승합,남,53세,경상
2013040200100512,2013년 4월 2일 21시,화요일,강원도 춘천시 퇴계동,중상사고,0,1,0,0,차대차 - 측면직각충돌,안전운전불이행,건조,맑음,교차로 - 교차로안,승용,남,60세,상해없음,이륜,남,56세,중상
2013040200100513,2013년 4월 2일 21시,화요일,강원도 원주시 단계동,경상사고,0,0,1,0,차대차 - 추돌 - 진행중,차로위반,건조,맑음,단일로 - 기타,승용,남,51세,상해없음,승용,남,57세,상해없음
2013040200100514,2013년 4월 2일 21시,화요일,강원도 원주시 봉산동,경상사고,0,0,1,0,차대차 - 측면직각충돌,신호위반,건조,맑음,교차로 - 교차로안,승용,남,53세,상해없음,승용,여,41세,경상
2013040300100100,2013년 4월 3일 07시,수요일,강원도 춘천시 신동면,경상사고,0,0,1,0,차대차 - 측면직각충돌,안전운전불이행,습기,맑음,단일로 - 기타,승용,남,55세,상해없음,승용,남,46세,경상
2013040300100131,2013년 4월 3일 08시,수요일,강원도 원주시 문막읍,사망사고,1,0,0,0,차대차 - 추돌 - 진행중,차로위반,건조,맑음,단일로 - 기타,자전거,남,70세,사망,승용,여,40세,상해없음
2013040300100132,2013년 4월 3일 08시,수요일,강원도 동해시 나안동,경상사고,0,0,2,0,차대차 - 추돌 - 진행중,안전운전불이행,건조,맑음,교차로 - 교차로부근,승용,여,37세,경상,승용,남,59세,상해없음
2013040300100163,2013년 4월 3일 09시,수요일,강원도 강릉시 대전동,경상사고,0,0,3,0,차대차 - 측면직각충돌,신호위반,건조,맑음,교차로 - 교차로안,화물,남,21세,기타불명,승용,남,56세,경상
2013040300100207,2013년 4월 3일 11시,수요일,강원도 춘천시 후평동,경상사고,0,0,1,0,차대차 - 기타,교차로운행방법위반,건조,맑음,교차로 - 교차로안,승용,여,50세,상해없음,화물,남,39세,경상
2013040300100208,2013년 4월 3일 11시,수요일,강원도 춘천시 퇴계동,중상사고,0,1,0,0,차대사람 - 기타,안전운전불이행,건조,맑음,단일로 - 기타,화물,남,33세,상해없음,보행자,남,70세,중상
2013040300100209,2013년 4월 3일 11시,수요일,강원도 원주시 관설동,경상사고,0,0,2,1,차대차 - 추돌 - 진행중,차로위반,건조,맑음,단일로 - 기타,승용,여,72세,상해없음,화물,남,56세,부상신고
2013040300100231,2013년 4월 3일 12시,수요일,강원도 춘천시 석사동,중상사고,0,1,0,0,차대차 - 기타,교차로운행방법위반,건조,맑음,교차로 - 교차로안,승용,남,38세,상해없음,원동기,남,21세,중상
2013040300100232,2013년 4월 3일 12시,수요일,강원도 동해시 북평동,중상사고,0,1,0,0,차대사람 - 횡단중,보행자보호의무위반,건조,맑음,단일로 - 횡단보도상,승용,남,61세,상해없음,보행자,여,65세,중상
2013040300100253,2013년 4월 3일 13시,수요일,강원도 춘천시 남산면,중상사고,0,1,0,0,차량단독 - 도로외이탈 - 추락,안전운전불이행,건조,맑음,단일로 - 기타,이륜,여,25세,기타불명,,,,
2013040300100280,2013년 4월 3일 14시,수요일,강원도 춘천시 소양로2가,경상사고,0,0,1,0,차대사람 - 기타,안전운전불이행,건조,맑음,단일로 - 기타,승용,남,67세,상해없음,보행자,남,19세,경상
2013040300100281,2013년 4월 3일 14시,수요일,강원도 고성군 토성면,사망사고,1,0,0,0,차량단독 - 전도전복,안전운전불이행,건조,맑음,단일로 - 기타,특수,남,66세,사망,,,,
2013040300100314,2013년 4월 3일 15시,수요일,강원도 정선군 신동읍,경상사고,0,0,1,0,차대차 - 기타,신호위반,건조,맑음,교차로 - 교차로안,승용,남,38세,상해없음,화물,남,60세,경상
2013040300100341,2013년 4월 3일 16시,수요일,강원도 정선군 사북읍,경상사고,0,0,1,0,차대차 - 기타,안전운전불이행,건조,맑음,기타 - 기타,승용,남,58세,상해없음,승합,남,37세,경상
2013040300100342,2013년 4월 3일 16시,수요일,강원도 동해시 천곡동,중상사고,0,1,0,0,차대사람 - 횡단중,안전운전불이행,건조,맑음,교차로 - 교차로부근,승용,여,42세,상해없음,보행자,여,79세,중상
2013040300100378,2013년 4월 3일 17시,수요일,강원도 춘천시 퇴계동,경상사고,0,0,1,0,차대차 - 기타,안전운전불이행,건조,맑음,교차로 - 교차로부근,승용,남,71세,상해없음,자전거,남,7세,경상
2013040300100379,2013년 4월 3일 17시,수요일,강원도 춘천시 석사동,경상사고,0,0,1,0,차대차 - 기타,신호위반,건조,맑음,교차로 - 교차로안,승용,남,72세,상해없음,원동기,남,19세,경상
2013040300100380,2013년 4월 3일 17시,수요일,강원도 속초시 조양동,경상사고,0,0,1,0,차대차 - 측면직각충돌,신호위반,건조,맑음,교차로 - 교차로안,승용,남,65세,상해없음,승용,남,56세,경상
2013040300100420,2013년 4월 3일 18시,수요일,강원도 강릉시 주문진읍,경상사고,0,0,1,0,차대사람 - 기타,안전운전불이행,건조,맑음,기타 - 기타,승합,남,56세,상해없음,보행자,남,47세,경상
2013040300100421,2013년 4월 3일 18시,수요일,강원도 원주시 태장동,경상사고,0,0,1,0,차대차 - 측면직각충돌,교차로운행방법위반,건조,맑음,교차로 - 교차로안,화물,남,65세,상해없음,승용,여,50세,경상
2013040300100422,2013년 4월 3일 18시,수요일,강원도 삼척시 도계읍,경상사고,0,0,1,0,차대차 - 측면직각충돌,안전운전불이행,건조,맑음,교차로 - 교차로안,승용,남,23세,상해없음,승용,남,58세,경상
2013040300100423,2013년 4월 3일 18시,수요일,강원도 철원군 동송읍,경상사고,0,0,2,0,차대차 - 측면직각충돌,안전운전불이행,건조,맑음,교차로 - 교차로부근,승용,남,59세,상해없음,승용,남,44세,경상
2013040300100543,2013년 4월 3일 21시,수요일,강원도 춘천시 신북읍,중상사고,0,1,0,0,차대사람 - 기타,안전운전불이행,건조,맑음,단일로 - 교량,승용,남,59세,상해없음,보행자,남,51세,중상
2013040300100544,2013년 4월 3일 21시,수요일,강원도 춘천시 효자동,중상사고,0,1,0,0,차대차 - 측면직각충돌,교차로운행방법위반,건조,맑음,교차로 - 교차로안,승용,남,55세,상해없음,승합,남,55세,중상
2013040300100577,2013년 4월 3일 22시,수요일,강원도 영월군 영월읍,중상사고,0,1,0,0,차대차 - 추돌 - 진행중,직진우회전진행방해,건조,맑음,교차로 - 교차로안,승용,남,59세,상해없음,승용,남,63세,중상
2013040400100014,2013년 4월 4일 00시,목요일,강원도 삼척시 남양동,중상사고,0,1,0,0,차대차 - 추돌 - 주정차중,안전운전불이행,건조,맑음,단일로 - 기타,승용,여,61세,중상,승용,여,54세,기타불명
2013040400100037,2013년 4월 4일 01시,목요일,강원도 원주시 단계동,중상사고,0,1,0,0,차대차 - 측면직각충돌,교차로운행방법위반,건조,맑음,교차로 - 교차로안,승용,남,26세,상해없음,승용,남,39세,중상
2013040400100038,2013년 4월 4일 01시,목요일,강원도 양양군 양양읍,경상사고,0,0,1,0,차대사람 - 차도통행중,안전운전불이행,건조,맑음,단일로 - 기타,승용,남,38세,상해없음,보행자,남,42세,경상
2013040400100039,2013년 4월 4일 01시,목요일,강원도 태백시 황지동,경상사고,0,0,1,0,차대차 - 정면충돌,안전운전불이행,건조,맑음,교차로 - 교차로안,승용,여,56세,상해없음,승용,남,52세,경상
2013040400100052,2013년 4월 4일 02시,목요일,강원도 원주시 태장동,경상사고,0,0,1,0,차대차 - 추돌 - 주정차중,안전운전불이행,건조,맑음,단일로 - 기타,승용,남,53세,상해없음,승용,여,59세,경상
2013040400100074,2013년 4월 4일 05시,목요일,강원도 강릉시 교동,경상사고,0,0,2,0,차대차 - 측면직각충돌,신호위반,건조,맑음,교차로 - 교차로안,승합,여,51세,상해없음,승용,남,37세,경상
2013040400100144,2013년 4월 4일 08시,목요일,강원도 춘천시 퇴계동,경상사고,0,0,1,0,차대사람 - 기타,안전운전불이행,건조,맑음,단일로 - 기타,승용,여,33세,상해없음,보행자,여,10세,경상
2013040400100174,2013년 4월 4일 09시,목요일,강원도 춘천시 교동,중상사고,0,1,0,0,차대사람 - 횡단중,보행자보호의무위반,건조,맑음,교차로 - 교차로부근,승용,남,50세,상해없음,보행자,남,73세,중상
2013040400100194,2013년 4월 4일 10시,목요일,강원도 태백시 화전동,경상사고,0,0,2,0,차대차 - 측면직각충돌,불법유턴,건조,맑음,단일로 - 기타,승용,남,74세,상해없음,승용,남,57세,경상
2013040400100263,2013년 4월 4일 13시,목요일,강원도 춘천시 교동,경상사고,0,0,1,0,차대차 - 측면직각충돌,교차로운행방법위반,건조,맑음,교차로 - 교차로부근,승합,남,41세,기타불명,승용,남,61세,경상
2013040400100306,2013년 4월 4일 15시,목요일,강원도 삼척시 노곡면,중상사고,0,4,2,0,차량단독 - 도로외이탈 - 추락,안전운전불이행,건조,맑음,교차로 - 교차로부근,승합,남,53세,상해없음,,,,
2013040400100338,2013년 4월 4일 16시,목요일,강원도 춘천시 근화동,부상신고사고,0,0,0,5,차대차 - 기타,안전운전불이행,건조,맑음,단일로 - 기타,승용,남,47세,상해없음,승용,여,29세,부상신고
2013040400100373,2013년 4월 4일 17시,목요일,강원도 춘천시 소양로1가,중상사고,0,1,0,0,차대사람 - 기타,기타,건조,맑음,단일로 - 기타,원동기,남,24세,상해없음,보행자,여,70세,중상
2013040400100448,2013년 4월 4일 19시,목요일,강원도 원주시 문막읍,중상사고,0,2,3,0,차대차 - 추돌 - 진행중,중앙선침범,건조,맑음,단일로 - 기타,승용,여,56세,상해없음,승합,남,46세,상해없음
2013040400100479,2013년 4월 4일 20시,목요일,강원도 춘천시 후평동,중상사고,0,1,0,0,차대사람 - 보도통행중,보행자보호의무위반,건조,맑음,단일로 - 기타,승용,여,26세,상해없음,보행자,여,22세,중상
2013040400100480,2013년 4월 4일 20시,목요일,강원도 화천군 상서면,중상사고,0,1,0,0,차대차 - 기타,안전운전불이행,건조,맑음,단일로 - 기타,자전거,남,21세,중상,승합,남,50세,상해없음
2013040400100513,2013년 4월 4일 21시,목요일,강원도 동해시 천곡동,경상사고,0,0,2,0,차대차 - 추돌 - 진행중,안전거리미확보,건조,맑음,교차로 - 교차로부근,승용,남,50세,상해없음,승용,남,31세,경상
2013040400100540,2013년 4월 4일 22시,목요일,강원도 춘천시 후평동,경상사고,0,0,1,0,차대차 - 측면직각충돌,안전운전불이행,건조,맑음,교차로 - 교차로부근,승용,남,27세,상해없음,승용,남,54세,경상
2013040400100541,2013년 4월 4일 22시,목요일,강원도 춘천시 효자동,경상사고,0,0,1,0,차대차 - 측면직각충돌,안전거리미확보,건조,맑음,단일로 - 기타,승용,여,52세,상해없음,원동기,남,35세,경상
2013040500100093,2013년 4월 5일 06시,금요일,강원도 평창군 평창읍,중상사고,0,1,0,0,차대차 - 정면충돌,중앙선침범,건조,맑음,단일로 - 기타,화물,남,57세,상해없음,승용,여,54세,중상
2013040500100106,2013년 4월 5일 07시,금요일,강원도 춘천시 교동,경상사고,0,0,1,10,차대차 - 측면직각충돌,교차로운행방법위반,건조,맑음,교차로 - 교차로안,승용,남,34세,상해없음,승합,남,51세,상해없음
2013040500100126,2013년 4월 5일 08시,금요일,강원도 속초시 교동,경상사고,0,0,1,0,차대사람 - 보도통행중,안전운전불이행,건조,맑음,단일로 - 기타,기타불명,기타불명,기타불명,기타불명,보행자,여,24세,경상
2013040500100127,2013년 4월 5일 08시,금요일,강원도 평창군 용평면,경상사고,0,0,1,0,차대차 - 측면직각충돌,안전운전불이행,건조,맑음,단일로 - 기타,화물,남,42세,상해없음,승용,남,55세,경상
2013040500100128,2013년 4월 5일 08시,금요일,강원도 횡성군 횡성읍,중상사고,0,1,0,0,차대사람 - 횡단중,안전운전불이행,건조,맑음,단일로 - 기타,승용,여,50세,상해없음,보행자,남,8세,중상
2013040500100172,2013년 4월 5일 09시,금요일,강원도 강릉시 성내동,중상사고,0,1,0,0,차대사람 - 횡단중,보행자보호의무위반,건조,맑음,단일로 - 횡단보도상,화물,남,52세,상해없음,보행자,여,71세,중상
2013040500100173,2013년 4월 5일 09시,금요일,강원도 원주시 호저면,중상사고,0,1,0,0,차대사람 - 차도통행중,안전운전불이행,건조,맑음,교차로 - 교차로안,특수,남,56세,상해없음,보행자,남,79세,중상
2013040500100174,2013년 4월 5일 09시,금요일,강원도 홍천군 화촌면,중상사고,0,1,0,0,차대사람 - 기타,안전운전불이행,건조,맑음,단일로 - 기타,승용,남,62세,상해없음,보행자,남,82세,중상
2013040500100201,2013년 4월 5일 10시,금요일,강원도 원주시 일산동,중상사고,0,1,0,0,차대차 - 측면직각충돌,안전운전불이행,건조,맑음,교차로 - 교차로부근,승용,남,43세,상해없음,자전거,남,70세,중상
2013040500100223,2013년 4월 5일 11시,금요일,강원도 원주시 소초면,경상사고,0,0,1,0,차대사람 - 기타,안전운전불이행,건조,맑음,기타 - 기타,승용,남,40세,상해없음,보행자,남,36세,경상
2013040500100224,2013년 4월 5일 11시,금요일,강원도 고성군 토성면,중상사고,0,1,1,0,차대차 - 측면직각충돌,안전운전불이행,건조,맑음,교차로 - 교차로안,승용,남,46세,상해없음,화물,남,34세,중상
2013040500100243,2013년 4월 5일 12시,금요일,강원도 강릉시 교동,중상사고,0,1,0,0,차대사람 - 기타,안전운전불이행,건조,맑음,단일로 - 기타,승합,남,42세,상해없음,보행자,여,76세,중상
2013040500100244,2013년 4월 5일 12시,금요일,강원도 원주시 단구동,경상사고,0,0,2,0,차대차 - 측면직각충돌,직진우회전진행방해,건조,맑음,교차로 - 교차로안,승용,여,49세,상해없음,승용,여,52세,경상
2013040500100321,2013년 4월 5일 15시,금요일,강원도 원주시 지정면,중상사고,0,1,3,0,차대차 - 측면직각충돌,교차로운행방법위반,건조,맑음,교차로 - 교차로안,승용,남,79세,경상,승용,남,53세,중상
2013040500100322,2013년 4월 5일 15시,금요일,강원도 인제군 북면,중상사고,0,1,0,0,차대사람 - 길가장자리구역통행중,보행자보호의무위반,건조,맑음,교차로 - 교차로부근,승합,남,44세,상해없음,보행자,남,8세,중상
2013040500100366,2013년 4월 5일 16시,금요일,강원도 춘천시 동산면,경상사고,0,0,1,0,차대차 - 기타,안전운전불이행,건조,맑음,단일로 - 기타,승용,남,54세,상해없음,승용,남,29세,경상
2013040500100403,2013년 4월 5일 17시,금요일,강원도 영월군 주천면,경상사고,0,0,4,0,차대차 - 측면직각충돌,중앙선침범,건조,맑음,단일로 - 기타,승용,남,53세,상해없음,화물,남,46세,경상
2013040500100404,2013년 4월 5일 17시,금요일,강원도 정선군 사북읍,중상사고,0,1,1,0,차대사람 - 기타,안전운전불이행,기타,기타,기타 - 기타,기타불명,기타불명,기타불명,기타불명,보행자,남,38세,중상
2013040500100442,2013년 4월 5일 18시,금요일,강원도 춘천시 후평동,중상사고,0,1,0,0,차대차 - 측면직각충돌,신호위반,건조,맑음,교차로 - 교차로안,승용,여,63세,상해없음,원동기,남,23세,중상
2013040500100487,2013년 4월 5일 19시,금요일,강원도 춘천시 약사동,사망사고,1,0,0,0,차대사람 - 기타,안전운전불이행,건조,맑음,단일로 - 기타,승용,남,54세,상해없음,보행자,남,83세,사망
2013040500100540,2013년 4월 5일 20시,금요일,강원도 춘천시 운교동,부상신고사고,0,0,0,1,차대사람 - 횡단중,보행자보호의무위반,건조,맑음,단일로 - 횡단보도상,기타불명,기타불명,기타불명,기타불명,보행자,남,17세,부상신고
2013040500100541,2013년 4월 5일 20시,금요일,강원도 원주시 단구동,경상사고,0,0,3,0,차대차 - 측면직각충돌,교차로운행방법위반,건조,맑음,교차로 - 교차로안,승용,남,48세,상해없음,승합,남,47세,경상
2013040500100542,2013년 4월 5일 20시,금요일,강원도 양구군 남면,중상사고,0,1,0,0,차대차 - 측면직각충돌,중앙선침범,건조,맑음,단일로 - 기타,화물,남,56세,상해없음,승용,남,50세,중상
2013040500100574,2013년 4월 5일 21시,금요일,강원도 춘천시 동내면,중상사고,0,1,3,0,차대차 - 측면직각충돌,신호위반,건조,맑음,교차로 - 교차로안,승용,남,46세,상해없음,승용,남,60세,중상
2013040500100613,2013년 4월 5일 22시,금요일,강원도 고성군 토성면,경상사고,0,0,2,0,차대차 - 측면직각충돌,신호위반,건조,맑음,교차로 - 교차로안,승용,여,42세,상해없음,승용,여,35세,경상
2013040500100646,2013년 4월 5일 23시,금요일,강원도 원주시 단계동,경상사고,0,0,2,0,차대차 - 추돌 - 진행중,안전운전불이행,건조,맑음,교차로 - 교차로부근,승합,남,53세,상해없음,승용,남,63세,경상
2013040500100647,2013년 4월 5일 23시,금요일,강원도 원주시 문막읍,중상사고,0,1,0,0,차대사람 - 횡단중,보행자보호의무위반,건조,맑음,단일로 - 기타,승용,남,47세,상해없음,보행자,남,43세,중상
2013040600100013,2013년 4월 6일 00시,토요일,강원도 춘천시 퇴계동,경상사고,0,0,1,0,차대차 - 측면직각충돌,안전운전불이행,건조,맑음,교차로 - 교차로부근,승용,남,51세,상해없음,승용,여,45세,경상
2013040600100014,2013년 4월 6일 00시,토요일,강원도 춘천시 효자동,경상사고,0,0,1,0,차대사람 - 기타,기타,건조,흐림,기타 - 기타,원동기,남,18세,상해없음,보행자,남,22세,경상
2013040600100043,2013년 4월 6일 01시,토요일,강원도 춘천시 효자동,경상사고,0,0,1,0,차대차 - 측면직각충돌,안전거리미확보,건조,맑음,교차로 - 교차로부근,승용,남,48세,상해없음,이륜,남,18세,경상
2013040600100072,2013년 4월 6일 02시,토요일,강원도 원주시 무실동,중상사고,0,1,1,0,차대차 - 측면직각충돌,신호위반,건조,맑음,교차로 - 교차로안,승용,남,28세,상해없음,승용,남,49세,중상
2013040600100073,2013년 4월 6일 02시,토요일,강원도 원주시 무실동,중상사고,0,1,2,0,차대차 - 추돌 - 진행중,안전거리미확보,건조,맑음,교차로 - 교차로부근,승용,남,37세,상해없음,승용,여,43세,중상
2013040600100185,2013년 4월 6일 07시,토요일,강원도 강릉시 노암동,경상사고,0,0,3,0,차대차 - 추돌 - 진행중,교차로운행방법위반,습기,비,교차로 - 교차로부근,승합,남,67세,경상,승용,여,50세,상해없음
2013040600100207,2013년 4월 6일 08시,토요일,강원도 화천군 사내면,중상사고,0,1,3,0,차대차 - 측면직각충돌,중앙선침범,습기,비,단일로 - 기타,승용,여,47세,경상,승용,남,46세,경상
2013040600100208,2013년 4월 6일 08시,토요일,강원도 횡성군 횡성읍,경상사고,0,0,2,0,차대차 - 추돌 - 주정차중,안전운전불이행,습기,비,교차로 - 교차로부근,화물,남,70세,상해없음,승용,남,29세,경상
2013040600100228,2013년 4월 6일 09시,토요일,강원도 동해시 망상동,경상사고,0,0,3,0,차대차 - 기타,안전운전불이행,습기,비,단일로 - 기타,승합,남,59세,경상,승용,남,34세,경상
2013040600100268,2013년 4월 6일 11시,토요일,강원도 철원군 동송읍,경상사고,0,0,1,0,차대차 - 추돌 - 주정차중,안전운전불이행,건조,맑음,단일로 - 기타,기타불명,기타불명,기타불명,기타불명,승용,남,44세,상해없음
2013040600100297,2013년 4월 6일 12시,토요일,강원도 태백시 황지동,중상사고,0,1,0,0,차대사람 - 횡단중,안전운전불이행,습기,비,교차로 - 교차로부근,승용,남,55세,상해없음,보행자,여,75세,중상
2013040600100371,2013년 4월 6일 14시,토요일,강원도 삼척시 도계읍,경상사고,0,0,1,0,차량단독 - 전도전복,안전운전불이행,습기,비,교차로 - 교차로부근,승용,남,36세,상해없음,,,,
2013040600100403,2013년 4월 6일 15시,토요일,강원도 춘천시 효자동,경상사고,0,0,1,0,차대사람 - 횡단중,보행자보호의무위반,건조,맑음,교차로 - 교차로부근,기타불명,기타불명,기타불명,기타불명,보행자,여,78세,경상
2013040600100404,2013년 4월 6일 15시,토요일,강원도 춘천시 신동면,경상사고,0,0,2,0,차대차 - 측면직각충돌,안전운전불이행,습기,비,단일로 - 기타,화물,남,59세,기타불명,화물,남,51세,경상
2013040600100496,2013년 4월 6일 18시,토요일,강원도 춘천시 석사동,경상사고,0,0,1,0,차대차 - 측면직각충돌,안전거리미확보,습기,비,교차로 - 교차로안,승용,남,54세,상해없음,이륜,남,17세,경상
2013040600100538,2013년 4월 6일 19시,토요일,강원도 원주시 단구동,경상사고,0,0,4,1,차대차 - 정면충돌,신호위반,습기,비,교차로 - 교차로안,승용,남,42세,상해없음,승용,남,29세,경상
2013040600100539,2013년 4월 6일 19시,토요일,강원도 원주시 단계동,경상사고,0,0,1,0,차대사람 - 보도통행중,보행자보호의무위반,습기,비,단일로 - 횡단보도상,승용,남,69세,상해없음,보행자,남,45세,경상
2013040600100601,2013년 4월 6일 20시,토요일,강원도 강릉시 교동,경상사고,0,0,1,0,차대차 - 기타,안전운전불이행,건조,흐림,단일로 - 기타,승용,남,22세,상해없음,승용,남,34세,상해없음
2013040600100602,2013년 4월 6일 20시,토요일,강원도 원주시 단구동,경상사고,0,0,1,0,차대차 - 기타,안전운전불이행,습기,비,교차로 - 교차로안,기타불명,기타불명,기타불명,기타불명,승용,여,48세,경상
2013040600100603,2013년 4월 6일 20시,토요일,강원도 횡성군 둔내면,중상사고,0,1,0,0,차대사람 - 차도통행중,안전운전불이행,습기,비,교차로 - 교차로안,승용,남,50세,상해없음,보행자,남,70세,중상
2013040600100652,2013년 4월 6일 21시,토요일,강원도 원주시 봉산동,경상사고,0,0,3,0,차대차 - 추돌 - 진행중,안전거리미확보,습기,비,교차로 - 교차로안,승용,남,57세,상해없음,승용,여,48세,경상
2013040600100653,2013년 4월 6일 21시,토요일,강원도 원주시 명륜동,경상사고,0,0,1,0,차대사람 - 기타,안전운전불이행,습기,비,교차로 - 교차로부근,화물,남,57세,상해없음,보행자,남,49세,경상
2013040600100654,2013년 4월 6일 21시,토요일,강원도 고성군 토성면,경상사고,0,0,2,1,차대차 - 측면직각충돌,안전운전불이행,습기,눈,단일로 - 기타,승용,남,46세,상해없음,화물,남,53세,경상
2013040600100701,2013년 4월 6일 22시,토요일,강원도 원주시 명륜동,중상사고,0,1,0,0,차대사람 - 횡단중,신호위반,습기,비,단일로 - 횡단보도상,원동기,남,21세,상해없음,보행자,여,50세,중상
2013040600100702,2013년 4월 6일 22시,토요일,강원도 속초시 동명동,경상사고,0,0,3,0,차대차 - 측면직각충돌,안전운전불이행,습기,비,교차로 - 교차로부근,승용,남,50세,상해없음,승용,남,52세,상해없음
2013040600100703,2013년 4월 6일 22시,토요일,강원도 철원군 갈말읍,중상사고,0,1,0,0,차대차 - 정면충돌,중앙선침범,습기,비,단일로 - 기타,승용,남,69세,상해없음,승합,남,39세,중상
2013040600100752,2013년 4월 6일 23시,토요일,강원도 춘천시 효자동,경상사고,0,0,1,0,차대차 - 추돌 - 진행중,안전운전불이행,습기,비,교차로 - 교차로부근,승용,남,50세,상해없음,승용,남,57세,경상
2013040600100753,2013년 4월 6일 23시,토요일,강원도 원주시 단구동,경상사고,0,0,2,0,차대차 - 추돌 - 주정차중,안전운전불이행,건조,맑음,교차로 - 교차로부근,승용,남,31세,상해없음,승용,남,27세,경상
2013040600100754,2013년 4월 6일 23시,토요일,강원도 원주시 단구동,중상사고,0,1,2,0,차대차 - 추돌 - 주정차중,안전운전불이행,습기,비,교차로 - 교차로부근,승용,남,28세,상해없음,승용,남,55세,중상
2013040700100016,2013년 4월 7일 00시,일요일,강원도 춘천시 석사동,경상사고,0,0,1,0,차대차 - 추돌 - 진행중,안전운전불이행,습기,비,교차로 - 교차로부근,승용,남,52세,상해없음,승용,남,49세,경상
2013040700100017,2013년 4월 7일 00시,일요일,강원도 강릉시 주문진읍,경상사고,0,0,1,0,차대차 - 추돌 - 진행중,안전운전불이행,습기,비,단일로 - 기타,승용,남,35세,상해없음,승용,여,29세,경상
2013040700100081,2013년 4월 7일 02시,일요일,강원도 춘천시 효자동,경상사고,0,0,3,0,차대차 - 측면직각충돌,안전거리미확보,습기,비,교차로 - 교차로부근,승용,남,28세,상해없음,승용,남,47세,경상