사고번호,사고일시,요일,시군구,사고내용,사망자수,중상자수,경상자수,부상신고자수,사고유형,법규위반,노면상태,기상상태,도로형태,가해운전자 차종,가해운전자 성별,가해운전자 연령,가해운전자 상해정도,피해운전자 차종,피해운전자 성별,피해운전자 연령,피해운전자 상해정도
2013040700100114,2013년 4월 7일 04시,일요일,강원도 강릉시 교동,중상사고,0,1,0,0,차대사람 - 횡단중,안전운전불이행,습기,비,단일로 - 기타,기타불명,기타불명,기타불명,기타불명,보행자,여,42세,중상
2013040700100151,2013년 4월 7일 07시,일요일,강원도 동해시 나안동,경상사고,0,0,1,0,차대차 - 측면직각충돌,신호위반,습기,비,교차로 - 교차로안,승용,남,52세,상해없음,승용,여,45세,경상
2013040700100185,2013년 4월 7일 10시,일요일,강원도 원주시 태장동,경상사고,0,0,2,0,차대차 - 측면직각충돌,안전운전불이행,건조,흐림,단일로 - 기타,승용,남,52세,상해없음,승용,남,67세,경상
2013040700100245,2013년 4월 7일 13시,일요일,강원도 원주시 흥업면,경상사고,0,0,1,0,차대차 - 추돌 - 진행중,안전운전불이행,건조,맑음,기타 - 기타,승용,남,52세,상해없음,승용,남,39세,상해없음
2013040700100271,2013년 4월 7일 14시,일요일,강원도 강릉시 지변동,경상사고,0,0,2,0,차대차 - 정면충돌,안전운전불이행,건조,맑음,단일로 - 기타,화물,남,52세,상해없음,승용,남,65세,경상
2013040700100305,2013년 4월 7일 15시,일요일,강원도 춘천시 동면,중상사고,0,1,0,0,차대차 - 측면직각충돌,안전운전불이행,건조,맑음,교차로 - 교차로안,승용,여,55세,상해없음,승용,남,59세,중상
2013040700100306,2013년 4월 7일 15시,일요일,강원도 춘천시 석사동,중상사고,0,1,0,0,차량단독 - 공작물충돌,안전운전불이행,건조,맑음,교차로 - 교차로안,승용,남,59세,상해없음,,,,
2013040700100307,2013년 4월 7일 15시,일요일,강원도 춘천시 남산면,중상사고,0,1,0,0,차대차 - 측면직각충돌,안전운전불이행,건조,맑음,단일로 - 기타,이륜,남,27세,상해없음,이륜,남,24세,상해없음
2013040700100308,2013년 4월 7일 15시,일요일,강원도 강릉시 왕산면,경상사고,0,0,2,0,차대차 - 추돌 - 주정차중,안전거리미확보,건조,맑음,교차로 - 교차로부근,화물,남,69세,상해없음,승합,남,37세,경상
2013040700100420,2013년 4월 7일 18시,일요일,강원도 원주시 명륜동,중상사고,0,1,6,0,차대차 - 추돌 - 진행중,안전거리미확보,건조,맑음,단일로 - 기타,승용,남,68세,경상,승용,남,30세,경상
2013040700100455,2013년 4월 7일 19시,일요일,강원도 철원군 갈말읍,중상사고,0,1,0,0,차대차 - 측면직각충돌,안전운전불이행,건조,맑음,단일로 - 기타,승용,여,45세,상해없음,원동기,남,60세,중상
2013040700100456,2013년 4월 7일 19시,일요일,강원도 동해시 부곡동,경상사고,0,0,1,0,차대사람 - 횡단중,신호위반,건조,맑음,단일로 - 횡단보도상,이륜,남,57세,상해없음,보행자,남,56세,경상
2013040700100520,2013년 4월 7일 21시,일요일,강원도 춘천시 중앙로1가,경상사고,0,0,1,0,차대차 - 측면직각충돌,교차로운행방법위반,건조,맑음,교차로 - 교차로안,승용,남,62세,상해없음,승용,여,57세,경상
2013040700100521,2013년 4월 7일 21시,일요일,강원도 홍천군 서면,경상사고,0,0,4,0,차대차 - 기타,안전거리미확보,건조,맑음,기타 - 기타,승용,남,51세,상해없음,승합,남,58세,경상
2013040700100541,2013년 4월 7일 22시,일요일,강원도 원주시 단계동,중상사고,0,1,0,0,차대차 - 추돌 - 진행중,교차로운행방법위반,건조,맑음,교차로 - 교차로안,화물,남,22세,상해없음,승용,여,52세,중상
2013040800100010,2013년 4월 8일 00시,월요일,강원도 강릉시 주문진읍,사망사고,1,1,0,0,차대차 - 추돌 - 주정차중,안전운전불이행,건조,맑음,단일로 - 기타,원동기,남,17세,사망,승용,남,49세,상해없음
2013040800100034,2013년 4월 8일 03시,월요일,강원도 강릉시 교동,경상사고,0,0,5,0,차대차 - 측면직각충돌,신호위반,건조,맑음,교차로 - 교차로안,승용,남,23세,상해없음,화물,남,52세,경상
2013040800100114,2013년 4월 8일 08시,월요일,강원도 강릉시 청량동,중상사고,0,1,3,0,차대차 - 측면직각충돌,안전운전불이행,건조,맑음,교차로 - 교차로안,승용,남,59세,상해없음,승용,여,59세,중상
2013040800100115,2013년 4월 8일 08시,월요일,강원도 삼척시 교동,경상사고,0,0,1,0,차대차 - 측면직각충돌,안전운전불이행,건조,맑음,단일로 - 기타,화물,남,59세,상해없음,자전거,여,51세,경상
2013040800100143,2013년 4월 8일 09시,월요일,강원도 춘천시 석사동,경상사고,0,0,1,0,차대차 - 추돌 - 주정차중,안전운전불이행,건조,맑음,단일로 - 기타,화물,여,40세,상해없음,승용,여,51세,경상
2013040800100189,2013년 4월 8일 11시,월요일,강원도 동해시 북평동,경상사고,0,0,1,0,차대차 - 기타,안전운전불이행,건조,맑음,단일로 - 기타,승용,남,65세,상해없음,자전거,남,48세,경상
2013040800100213,2013년 4월 8일 12시,월요일,강원도 춘천시 소양로3가,경상사고,0,0,1,0,차대차 - 기타,교차로운행방법위반,건조,맑음,교차로 - 교차로부근,건설기계,남,38세,상해없음,승합,남,43세,상해없음
2013040800100234,2013년 4월 8일 13시,월요일,강원도 원주시 단구동,중상사고,0,1,0,0,차대사람 - 기타,안전운전불이행,건조,맑음,단일로 - 기타,승용,남,51세,상해없음,보행자,여,56세,중상
2013040800100235,2013년 4월 8일 13시,월요일,강원도 원주시 무실동,중상사고,0,1,0,0,차대사람 - 기타,안전운전불이행,건조,맑음,단일로 - 기타,승용,남,62세,상해없음,보행자,여,56세,중상
2013040800100236,2013년 4월 8일 13시,월요일,강원도 태백시 황지동,경상사고,0,0,1,0,차대차 - 측면직각충돌,안전거리미확보,건조,맑음,단일로 - 기타,승용,남,46세,상해없음,승용,남,30세,경상
2013040800100258,2013년 4월 8일 14시,월요일,강원도 속초시 중앙동,경상사고,0,0,1,0,차대사람 - 차도통행중,안전운전불이행,건조,맑음,단일로 - 기타,승용,남,31세,상해없음,보행자,여,53세,경상
2013040800100283,2013년 4월 8일 15시,월요일,강원도 춘천시 효자동,경상사고,0,0,4,0,차대차 - 측면직각충돌,교차로운행방법위반,건조,맑음,교차로 - 교차로안,승용,여,39세,기타불명,승용,여,48세,경상
2013040800100284,2013년 4월 8일 15시,월요일,강원도 춘천시 효자동,부상신고사고,0,0,0,1,차대차 - 측면직각충돌,중앙선침범,건조,맑음,단일로 - 기타,승용,남,39세,상해없음,승용,남,69세,부상신고
2013040800100285,2013년 4월 8일 15시,월요일,강원도 강릉시 임당동,중상사고,0,1,0,0,차대차 - 추돌 - 진행중,안전운전불이행,건조,맑음,단일로 - 기타,이륜,여,63세,중상,승용,남,51세,기타불명
2013040800100286,2013년 4월 8일 15시,월요일,강원도 원주시 명륜동,중상사고,0,1,0,0,차대사람 - 기타,안전운전불이행,건조,맑음,교차로 - 교차로부근,화물,남,41세,상해없음,보행자,남,86세,중상
2013040800100287,2013년 4월 8일 15시,월요일,강원도 원주시 중앙동,부상신고사고,0,0,0,1,차대사람 - 기타,불법유턴,건조,맑음,단일로 - 기타,승용,남,45세,상해없음,보행자,여,70세,부상신고
2013040800100318,2013년 4월 8일 16시,월요일,강원도 원주시 우산동,경상사고,0,0,1,0,차대차 - 측면직각충돌,직진우회전진행방해,건조,맑음,교차로 - 교차로안,승용,남,47세,상해없음,승합,남,44세,상해없음
2013040800100319,2013년 4월 8일 16시,월요일,강원도 동해시 평릉동,경상사고,0,0,3,0,차대차 - 추돌 - 진행중,안전거리미확보,건조,맑음,단일로 - 기타,승용,여,51세,상해없음,승용,여,32세,경상
2013040800100348,2013년 4월 8일 17시,월요일,강원도 강릉시 입암동,경상사고,0,0,1,0,차대차 - 측면직각충돌,안전운전불이행,건조,맑음,교차로 - 교차로부근,승용,남,49세,상해없음,승용,남,32세,경상
2013040800100349,2013년 4월 8일 17시,월요일,강원도 동해시 북평동,경상사고,0,0,1,0,차대차 - 측면직각충돌,안전운전불이행,건조,맑음,단일로 - 기타,원동기,남,68세,경상,화물,남,58세,상해없음
2013040800100415,2013년 4월 8일 19시,월요일,강원도 태백시 황지동,경상사고,0,0,1,0,차대차 - 측면직각충돌,안전운전불이행,건조,맑음,단일로 - 기타,승용,남,54세,상해없음,승용,남,38세,경상
2013040800100416,2013년 4월 8일 19시,월요일,강원도 양구군 양구읍,경상사고,0,0,1,0,차대사람 - 횡단중,안전운전불이행,건조,맑음,단일로 - 기타,승용,남,58세,상해없음,보행자,남,8세,경상
2013040800100550,2013년 4월 8일 23시,월요일,강원도 춘천시 온의동,경상사고,0,0,1,0,차대차 - 측면직각충돌,직진우회전진행방해,습기,비,교차로 - 교차로부근,승용,남,47세,상해없음,승용,남,61세,상해없음
2013040800100551,2013년 4월 8일 23시,월요일,강원도 속초시 조양동,경상사고,0,0,3,0,차대차 - 추돌 - 주정차중,안전운전불이행,건조,맑음,교차로 - 교차로부근,승용,남,27세,상해없음,승용,여,51세,경상
2013040900100031,2013년 4월 9일 01시,화요일,강원도 원주시 단구동,중상사고,0,1,1,1,차대차 - 기타,안전거리미확보,습기,비,단일로 - 기타,승용,남,55세,상해없음,승용,남,60세,부상신고
2013040900100048,2013년 4월 9일 02시,화요일,강원도 원주시 단계동,경상사고,0,0,1,0,차대차 - 기타,안전운전불이행,건조,맑음,교차로 - 교차로안,승용,남,32세,상해없음,승용,남,40세,경상
2013040900100109,2013년 4월 9일 07시,화요일,강원도 홍천군 화촌면,중상사고,0,1,0,0,차대차 - 측면직각충돌,신호위반,습기,맑음,교차로 - 교차로안,승용,남,54세,상해없음,승용,여,55세,중상
2013040900100134,2013년 4월 9일 08시,화요일,강원도 춘천시 온의동,경상사고,0,0,1,0,차대차 - 측면직각충돌,직진우회전진행방해,건조,맑음,교차로 - 교차로안,화물,남,50세,상해없음,승용,남,26세,경상
2013040900100135,2013년 4월 9일 08시,화요일,강원도 원주시 명륜동,경상사고,0,0,4,0,차대차 - 추돌 - 진행중,안전거리미확보,건조,맑음,교차로 - 교차로안,원동기,남,17세,상해없음,승용,여,30세,경상
2013040900100170,2013년 4월 9일 09시,화요일,강원도 춘천시 동면,중상사고,0,1,0,1,차대차 - 측면직각충돌,중앙선침범,건조,맑음,단일로 - 기타,승용,남,74세,중상,승용,남,22세,부상신고
2013040900100235,2013년 4월 9일 11시,화요일,강원도 강릉시 성남동,경상사고,0,0,1,0,차대사람 - 기타,안전운전불이행,건조,맑음,단일로 - 기타,승용,남,59세,상해없음,보행자,여,55세,경상
2013040900100236,2013년 4월 9일 11시,화요일,강원도 영월군 영월읍,중상사고,0,1,0,1,차대차 - 측면직각충돌,교차로운행방법위반,건조,맑음,교차로 - 교차로안,화물,남,71세,상해없음,승용,남,69세,중상
2013040900100269,2013년 4월 9일 13시,화요일,강원도 원주시 무실동,경상사고,0,0,6,0,차대차 - 추돌 - 진행중,기타,건조,맑음,교차로 - 교차로부근,화물,남,47세,상해없음,승용,여,36세,경상
2013040900100270,2013년 4월 9일 13시,화요일,강원도 원주시 단계동,경상사고,0,0,2,0,차대차 - 추돌 - 진행중,안전운전불이행,건조,맑음,교차로 - 교차로부근,승용,여,52세,상해없음,승용,남,26세,경상
2013040900100271,2013년 4월 9일 13시,화요일,강원도 고성군 토성면,경상사고,0,0,1,0,차대차 - 측면직각충돌,안전운전불이행,건조,흐림,단일로 - 기타,원동기,남,75세,경상,화물,남,44세,상해없음
2013040900100299,2013년 4월 9일 14시,화요일,강원도 강릉시 유천동,경상사고,0,0,1,0,차대차 - 측면직각충돌,안전운전불이행,건조,맑음,교차로 - 교차로안,승용,여,48세,기타불명,승용,남,28세,경상
2013040900100300,2013년 4월 9일 14시,화요일,강원도 고성군 죽왕면,중상사고,0,1,0,0,차량단독 - 공작물충돌,안전운전불이행,건조,맑음,단일로 - 기타,승용,남,80세,상해없음,,,,
2013040900100350,2013년 4월 9일 16시,화요일,강원도 강릉시 옥천동,경상사고,0,0,2,0,차대차 - 기타,안전운전불이행,건조,맑음,교차로 - 교차로안,승용,여,55세,상해없음,승용,남,30세,경상
2013040900100379,2013년 4월 9일 17시,화요일,강원도 동해시 효가동,중상사고,0,1,0,0,차대사람 - 기타,안전운전불이행,건조,맑음,단일로 - 기타,화물,남,41세,상해없음,보행자,남,8세,중상
2013040900100410,2013년 4월 9일 18시,화요일,강원도 춘천시 후평동,경상사고,0,0,2,1,차대차 - 추돌 - 진행중,교차로운행방법위반,건조,맑음,교차로 - 교차로안,승용,남,25세,상해없음,승용,남,51세,부상신고
2013040900100535,2013년 4월 9일 22시,화요일,강원도 강릉시 포남동,경상사고,0,0,1,0,차대사람 - 횡단중,안전운전불이행,건조,맑음,단일로 - 횡단보도상,승용,남,46세,상해없음,보행자,여,17세,경상
2013040900100558,2013년 4월 9일 23시,화요일,강원도 춘천시 온의동,경상사고,0,0,2,0,차대차 - 추돌 - 주정차중,안전거리미확보,건조,맑음,단일로 - 기타,승용,여,23세,상해없음,승용,남,51세,경상
2013040900100559,2013년 4월 9일 23시,화요일,강원도 강릉시 옥천동,경상사고,0,0,2,0,차대차 - 측면직각충돌,안전운전불이행,건조,맑음,교차로 - 교차로안,화물,남,46세,상해없음,승용,여,43세,경상
2013040900100560,2013년 4월 9일 23시,화요일,강원도 강릉시 내곡동,경상사고,0,0,1,0,차대사람 - 차도통행중,안전운전불이행,건조,맑음,단일로 - 기타,승용,남,51세,상해없음,보행자,남,20세,경상
2013041000100008,2013년 4월 10일 00시,수요일,강원도 강릉시 교동,경상사고,0,0,1,0,차대차 - 측면직각충돌,안전운전불이행,건조,맑음,단일로 - 기타,승용,남,48세,상해없음,이륜,남,18세,경상
2013041000100009,2013년 4월 10일 00시,수요일,강원도 속초시 교동,중상사고,0,2,3,0,차대차 - 측면직각충돌,신호위반,건조,맑음,교차로 - 교차로안,승용,남,52세,상해없음,승용,남,60세,중상
2013041000100048,2013년 4월 10일 04시,수요일,강원도 영월군 수주면,사망사고,1,0,0,0,차량단독 - 도로외이탈 - 추락,안전운전불이행,건조,기타,단일로 - 기타,화물,남,47세,사망,,,,
2013041000100083,2013년 4월 10일 07시,수요일,강원도 춘천시 후평동,중상사고,0,1,0,1,차대차 - 측면직각충돌,안전거리미확보,건조,맑음,단일로 - 기타,승용,남,47세,상해없음,화물,남,50세,중상
2013041000100084,2013년 4월 10일 07시,수요일,강원도 원주시 평원동,중상사고,0,1,2,0,차대사람 - 기타,안전거리미확보,건조,맑음,교차로 - 교차로부근,승용,남,26세,경상,보행자,남,46세,중상
2013041000100123,2013년 4월 10일 08시,수요일,강원도 원주시 무실동,경상사고,0,0,1,0,차대차 - 추돌 - 진행중,안전운전불이행,건조,맑음,단일로 - 기타,승용,남,29세,경상,승용,여,24세,상해없음
2013041000100196,2013년 4월 10일 10시,수요일,강원도 양양군 양양읍,경상사고,0,0,1,0,차대차 - 측면직각충돌,직진우회전진행방해,건조,맑음,교차로 - 교차로안,승용,남,51세,상해없음,승용,남,39세,경상
2013041000100316,2013년 4월 10일 15시,수요일,강원도 춘천시 퇴계동,중상사고,0,1,5,0,차대차 - 측면직각충돌,중앙선침범,건조,맑음,단일로 - 기타,승용,남,75세,상해없음,원동기,남,29세,경상
2013041000100343,2013년 4월 10일 16시,수요일,강원도 춘천시 동면,경상사고,0,0,1,0,차대차 - 측면직각충돌,기타,건조,맑음,교차로 - 교차로안,화물,남,50세,상해없음,승용,남,61세,경상
2013041000100373,2013년 4월 10일 17시,수요일,강원도 원주시 학성동,경상사고,0,0,3,0,차대차 - 측면직각충돌,안전거리미확보,건조,맑음,교차로 - 교차로안,화물,남,33세,경상,승용,남,44세,경상
2013041000100374,2013년 4월 10일 17시,수요일,강원도 양양군 양양읍,중상사고,0,2,0,0,차대차 - 측면직각충돌,교차로운행방법위반,건조,맑음,교차로 - 교차로안,승용,남,57세,중상,승용,남,41세,중상
2013041000100375,2013년 4월 10일 17시,수요일,강원도 홍천군 홍천읍,중상사고,0,1,0,0,차대차 - 기타,교차로운행방법위반,건조,맑음,교차로 - 교차로안,화물,남,85세,상해없음,승용,여,23세,중상
2013041000100376,2013년 4월 10일 17시,수요일,강원도 양구군 양구읍,중상사고,0,3,0,0,차량단독 - 공작물충돌,안전운전불이행,습기,비,단일로 - 터널,승용,여,39세,중상,,,,
2013041000100416,2013년 4월 10일 18시,수요일,강원도 속초시 교동,경상사고,0,0,1,0,차대사람 - 길가장자리구역통행중,안전운전불이행,건조,맑음,교차로 - 교차로부근,기타불명,기타불명,기타불명,기타불명,보행자,여,62세,경상
2013041000100449,2013년 4월 10일 19시,수요일,강원도 춘천시 석사동,경상사고,0,0,1,0,차대사람 - 횡단중,보행자보호의무위반,건조,맑음,교차로 - 교차로부근,승용,여,65세,상해없음,보행자,여,13세,경상
2013041000100450,2013년 4월 10일 19시,수요일,강원도 원주시 우산동,경상사고,0,0,2,0,차대차 - 추돌 - 진행중,안전운전불이행,건조,맑음,교차로 - 교차로부근,원동기,남,17세,상해없음,승용,여,33세,경상
2013041000100451,2013년 4월 10일 19시,수요일,강원도 원주시 문막읍,중상사고,0,1,1,0,차대차 - 측면직각충돌,신호위반,건조,맑음,교차로 - 교차로안,승용,여,53세,중상,승용,남,48세,경상
2013041000100452,2013년 4월 10일 19시,수요일,강원도 철원군 갈말읍,중상사고,0,2,3,0,차대차 - 측면직각충돌,안전운전불이행,건조,흐림,단일로 - 기타,승용,남,54세,상해없음,화물,남,20세,중상
2013041000100484,2013년 4월 10일 20시,수요일,강원도 원주시 문막읍,부상신고사고,0,0,0,1,차대차 - 측면직각충돌,불법유턴,건조,맑음,단일로 - 기타,화물,남,37세,상해없음,원동기,남,16세,부상신고
2013041000100485,2013년 4월 10일 20시,수요일,강원도 원주시 단계동,경상사고,0,0,1,0,차대차 - 기타,안전거리미확보,건조,맑음,단일로 - 기타,승용,남,22세,상해없음,승용,남,44세,경상
2013041000100486,2013년 4월 10일 20시,수요일,강원도 삼척시 하장면,중상사고,0,1,0,0,차량단독 - 도로외이탈 - 추락,안전운전불이행,건조,맑음,단일로 - 기타,승용,남,51세,중상,,,,
2013041000100521,2013년 4월 10일 21시,수요일,강원도 원주시 명륜동,경상사고,0,0,1,0,차대차 - 측면직각충돌,안전거리미확보,건조,맑음,단일로 - 기타,승용,남,31세,상해없음,승합,남,45세,경상
2013041000100522,2013년 4월 10일 21시,수요일,강원도 영월군 영월읍,경상사고,0,0,1,1,차대차 - 측면직각충돌,교차로운행방법위반,건조,맑음,교차로 - 교차로안,승용,남,43세,상해없음,승용,여,53세,부상신고
2013041000100548,2013년 4월 10일 22시,수요일,강원도 원주시 단계동,경상사고,0,0,2,0,차대차 - 측면직각충돌,신호위반,건조,맑음,교차로 - 교차로안,원동기,남,46세,경상,원동기,남,16세,경상
2013041000100577,2013년 4월 10일 23시,수요일,강원도 강릉시 죽헌동,경상사고,0,0,1,1,차대차 - 측면직각충돌,안전운전불이행,건조,맑음,교차로 - 교차로부근,원동기,남,19세,부상신고,승용,남,46세,경상
2013041000100578,2013년 4월 10일 23시,수요일,강원도 동해시 천곡동,경상사고,0,0,3,0,차대차 - 측면직각충돌,안전운전불이행,건조,흐림,교차로 - 교차로안,승용,남,34세,경상,승용,여,51세,경상
2013041100100031,2013년 4월 11일 01시,목요일,강원도 원주시 학성동,경상사고,0,0,3,0,차대차 - 기타,신호위반,건조,맑음,교차로 - 교차로안,승용,남,27세,상해없음,승용,남,56세,경상
2013041100100138,2013년 4월 11일 08시,목요일,강원도 원주시 일산동,중상사고,0,1,1,0,차대차 - 측면직각충돌,신호위반,건조,맑음,교차로 - 교차로안,승용,여,38세,상해없음,화물,남,40세,중상
2013041100100165,2013년 4월 11일 09시,목요일,강원도 강릉시 구정면,경상사고,0,0,2,0,차대차 - 정면충돌,중앙선침범,건조,맑음,단일로 - 기타,승용,남,22세,상해없음,승용,여,25세,경상
2013041100100235,2013년 4월 11일 12시,목요일,강원도 강릉시 주문진읍,경상사고,0,0,2,0,차대차 - 추돌 - 주정차중,안전운전불이행,습기,비,교차로 - 교차로안,승용,남,60세,상해없음,화물,남,55세,경상
2013041100100268,2013년 4월 11일 13시,목요일,강원도 춘천시 퇴계동,경상사고,0,0,1,0,차대차 - 측면직각충돌,직진우회전진행방해,건조,흐림,교차로 - 교차로부근,승용,여,27세,상해없음,승용,여,56세,경상
2013041100100294,2013년 4월 11일 14시,목요일,강원도 양구군 남면,경상사고,0,0,1,0,차량단독 - 공작물충돌,안전운전불이행,습기,비,단일로 - 기타,승용,남,56세,상해없음,,,,
2013041100100342,2013년 4월 11일 16시,목요일,강원도 원주시 명륜동,중상사고,0,1,0,0,차대차 - 측면직각충돌,신호위반,건조,흐림,교차로 - 교차로안,승용,남,48세,상해없음,이륜,남,51세,중상
2013041100100400,2013년 4월 11일 18시,목요일,강원도 춘천시 교동,경상사고,0,0,1,0,차대차 - 기타,안전운전불이행,건조,맑음,교차로 - 교차로안,승합,남,51세,상해없음,승용,여,43세,경상
2013041100100401,2013년 4월 11일 18시,목요일,강원도 강릉시 교동,경상사고,0,0,3,0,차대차 - 추돌 - 주정차중,안전운전불이행,건조,맑음,교차로 - 교차로부근,승용,남,55세,상해없음,승용,남,51세,상해없음
2013041100100402,2013년 4월 11일 18시,목요일,강원도 원주시 소초면,경상사고,0,0,1,0,차대차 - 측면직각충돌,중앙선침범,건조,맑음,교차로 - 교차로부근,승용,남,59세,상해없음,승용,남,24세,경상
2013041100100403,2013년 4월 11일 18시,목요일,강원도 속초시 동명동,중상사고,0,1,0,0,차대사람 - 보도통행중,안전운전불이행,건조,맑음,단일로 - 기타,승용,여,43세,상해없음,보행자,여,53세,중상
2013041100100439,2013년 4월 11일 19시,목요일,강원도 강릉시 사천면,중상사고,0,1,2,0,차대차 - 정면충돌,안전운전불이행,건조,맑음,단일로 - 기타,승용,여,48세,상해없음,승용,남,43세,경상
2013041100100440,2013년 4월 11일 19시,목요일,강원도 홍천군 홍천읍,경상사고,0,0,1,0,차대사람 - 보도통행중,기타,건조,맑음,교차로 - 교차로부근,화물,남,37세,상해없음,보행자,남,44세,경상
2013041100100478,2013년 4월 11일 20시,목요일,강원도 철원군 서면,사망사고,1,0,0,0,차대사람 - 횡단중,안전운전불이행,건조,맑음,단일로 - 기타,승용,남,57세,상해없음,보행자,남,39세,사망
2013041100100520,2013년 4월 11일 21시,목요일,강원도 원주시 단구동,경상사고,0,0,1,0,차대차 - 추돌 - 진행중,안전운전불이행,건조,맑음,교차로 - 교차로부근,승용,남,31세,상해없음,승용,남,38세,경상
2013041100100543,2013년 4월 11일 22시,목요일,강원도 고성군 토성면,경상사고,0,0,1,0,차량단독 - 공작물충돌,안전운전불이행,건조,맑음,단일로 - 기타,승용,남,29세,경상,,,,
2013041100100585,2013년 4월 11일 23시,목요일,강원도 평창군 방림면,경상사고,0,0,1,0,차량단독 - 도로외이탈 - 추락,안전운전불이행,건조,흐림,단일로 - 기타,승용,남,33세,경상,,,,
2013041200100014,2013년 4월 12일 00시,금요일,강원도 속초시 조양동,경상사고,0,0,1,0,차대차 - 측면직각충돌,안전운전불이행,건조,맑음,단일로 - 기타,승용,여,53세,상해없음,승용,여,40세,경상
2013041200100117,2013년 4월 12일 07시,금요일,강원도 춘천시 온의동,사망사고,1,0,0,0,차량단독 - 전도전복,안전운전불이행,건조,맑음,단일로 - 기타,승용,남,70세,사망,,,,
2013041200100153,2013년 4월 12일 08시,금요일,강원도 평창군 평창읍,경상사고,0,0,2,0,차대차 - 측면직각충돌,안전운전불이행,건조,맑음,교차로 - 교차로안,승용,여,38세,상해없음,승용,여,55세,경상
2013041200100236,2013년 4월 12일 11시,금요일,강원도 속초시 조양동,중상사고,0,1,0,0,차대차 - 측면직각충돌,교차로운행방법위반,건조,맑음,교차로 - 교차로안,승용,남,28세,상해없음,원동기,남,39세,중상
2013041200100315,2013년 4월 12일 14시,금요일,강원도 속초시 조양동,중상사고,0,1,0,0,차대사람 - 보도통행중,안전운전불이행,건조,맑음,기타 - 기타,승합,남,63세,상해없음,보행자,여,67세,중상
2013041200100316,2013년 4월 12일 14시,금요일,강원도 홍천군 홍천읍,경상사고,0,0,1,0,차대차 - 기타,신호위반,건조,맑음,교차로 - 교차로안,화물,여,53세,상해없음,화물,남,50세,경상
2013041200100347,2013년 4월 12일 15시,금요일,강원도 춘천시 후평동,부상신고사고,0,0,0,1,차대사람 - 기타,안전운전불이행,건조,맑음,단일로 - 기타,승용,남,44세,상해없음,보행자,남,6세,부상신고
2013041200100380,2013년 4월 12일 16시,금요일,강원도 삼척시 교동,경상사고,0,0,1,0,차대차 - 정면충돌,안전운전불이행,건조,맑음,교차로 - 교차로안,원동기,여,78세,경상,승용,남,66세,상해없음
2013041200100413,2013년 4월 12일 17시,금요일,강원도 춘천시 석사동,사망사고,1,0,0,0,차대사람 - 횡단중,과속,건조,맑음,단일로 - 횡단보도상,승용,남,23세,상해없음,보행자,남,14세,사망
2013041200100414,2013년 4월 12일 17시,금요일,강원도 강릉시 입암동,부상신고사고,0,0,0,1,차대사람 - 기타,안전운전불이행,건조,맑음,교차로 - 교차로안,기타불명,기타불명,기타불명,기타불명,보행자,여,77세,부상신고
2013041200100415,2013년 4월 12일 17시,금요일,강원도 원주시 문막읍,중상사고,0,1,0,0,차대차 - 추돌 - 진행중,안전운전불이행,건조,맑음,교차로 - 교차로안,건설기계,남,41세,상해없음,화물,남,21세,중상
2013041200100504,2013년 4월 12일 19시,금요일,강원도 철원군 근남면,경상사고,0,0,1,0,차대사람 - 기타,안전운전불이행,건조,맑음,단일로 - 기타,화물,남,58세,상해없음,보행자,남,20세,경상
2013041200100542,2013년 4월 12일 20시,금요일,강원도 춘천시 동내면,경상사고,0,0,1,0,차대사람 - 차도통행중,중앙선침범,건조,맑음,단일로 - 기타,승용,여,32세,상해없음,보행자,남,33세,경상
2013041200100543,2013년 4월 12일 20시,금요일,강원도 강릉시 운정동,경상사고,0,0,1,0,차대사람 - 기타,중앙선침범,건조,맑음,교차로 - 교차로안,원동기,여,51세,상해없음,보행자,여,21세,경상
2013041200100544,2013년 4월 12일 20시,금요일,강원도 강릉시 사천면,중상사고,0,1,1,0,차대차 - 추돌 - 주정차중,안전운전불이행,건조,맑음,단일로 - 기타,승용,남,44세,상해없음,승용,남,47세,경상
2013041200100545,2013년 4월 12일 20시,금요일,강원도 원주시 단구동,중상사고,0,1,0,0,차대차 - 측면직각충돌,차로위반,건조,맑음,단일로 - 기타,화물,남,26세,상해없음,이륜,남,47세,중상
2013041200100546,2013년 4월 12일 20시,금요일,강원도 평창군 봉평면,경상사고,0,0,1,0,차대차 - 측면직각충돌,안전운전불이행,건조,맑음,단일로 - 기타,화물,남,46세,상해없음,승용,남,60세,경상
2013041200100582,2013년 4월 12일 21시,금요일,강원도 춘천시 후평동,경상사고,0,0,2,1,차대차 - 추돌 - 주정차중,안전운전불이행,건조,맑음,단일로 - 기타,승용,남,26세,상해없음,승용,남,61세,경상
2013041200100583,2013년 4월 12일 21시,금요일,강원도 원주시 단계동,경상사고,0,0,1,0,차대사람 - 기타,안전운전불이행,건조,맑음,단일로 - 기타,승용,남,34세,상해없음,보행자,남,73세,경상
2013041200100584,2013년 4월 12일 21시,금요일,강원도 원주시 명륜동,경상사고,0,0,1,0,차대사람 - 기타,보행자보호의무위반,건조,맑음,단일로 - 기타,화물,남,49세,상해없음,보행자,여,32세,경상
2013041200100585,2013년 4월 12일 21시,금요일,강원도 홍천군 홍천읍,경상사고,0,0,5,0,차대차 - 기타,교차로운행방법위반,건조,맑음,교차로 - 교차로안,승용,남,28세,상해없음,승용,남,43세,경상
2013041200100586,2013년 4월 12일 21시,금요일,강원도 고성군 토성면,중상사고,0,1,0,0,차대사람 - 횡단중,안전운전불이행,건조,맑음,단일로 - 기타,승용,남,25세,상해없음,보행자,남,18세,중상