사고번호,사고일시,요일,시군구,사고내용,사망자수,중상자수,경상자수,부상신고자수,사고유형,법규위반,노면상태,기상상태,도로형태,가해운전자 차종,가해운전자 성별,가해운전자 연령,가해운전자 상해정도,피해운전자 차종,피해운전자 성별,피해운전자 연령,피해운전자 상해정도
2013041200100625,2013년 4월 12일 22시,금요일,강원도 고성군 토성면,경상사고,0,0,3,0,차대차 - 측면직각충돌,안전운전불이행,건조,맑음,단일로 - 기타,승용,남,48세,상해없음,승용,남,51세,경상
2013041200100657,2013년 4월 12일 23시,금요일,강원도 춘천시 후평동,경상사고,0,0,1,0,차대차 - 측면직각충돌,신호위반,건조,맑음,교차로 - 교차로안,이륜,남,18세,상해없음,승용,여,40세,경상
2013041200100658,2013년 4월 12일 23시,금요일,강원도 속초시 청호동,경상사고,0,0,2,0,차대차 - 측면직각충돌,안전거리미확보,건조,맑음,교차로 - 교차로부근,승용,남,26세,상해없음,승용,남,53세,상해없음
2013041300100015,2013년 4월 13일 00시,토요일,강원도 원주시 무실동,경상사고,0,0,1,0,차대차 - 기타,중앙선침범,건조,맑음,교차로 - 교차로부근,승용,남,30세,상해없음,승용,남,25세,경상
2013041300100041,2013년 4월 13일 02시,토요일,강원도 원주시 단구동,경상사고,0,0,1,0,차대차 - 추돌 - 주정차중,안전거리미확보,건조,맑음,교차로 - 교차로부근,승용,여,39세,상해없음,승용,남,45세,경상
2013041300100057,2013년 4월 13일 03시,토요일,강원도 강릉시 안현동,중상사고,0,1,0,0,차대차 - 추돌 - 주정차중,안전운전불이행,건조,맑음,단일로 - 기타,승용,남,19세,상해없음,승용,남,53세,상해없음
2013041300100058,2013년 4월 13일 03시,토요일,강원도 강릉시 주문진읍,경상사고,0,0,1,0,차대차 - 추돌 - 진행중,안전거리미확보,건조,맑음,단일로 - 기타,승용,남,25세,상해없음,화물,남,33세,경상
2013041300100078,2013년 4월 13일 05시,토요일,강원도 춘천시 석사동,경상사고,0,0,3,0,차대차 - 측면직각충돌,교차로운행방법위반,건조,맑음,교차로 - 교차로안,승용,남,60세,상해없음,승용,남,50세,경상
2013041300100091,2013년 4월 13일 06시,토요일,강원도 영월군 영월읍,중상사고,0,2,3,0,차대차 - 추돌 - 진행중,안전거리미확보,건조,맑음,단일로 - 터널,승용,남,52세,상해없음,승용,남,34세,경상
2013041300100105,2013년 4월 13일 07시,토요일,강원도 화천군 하남면,경상사고,0,0,1,0,차대차 - 정면충돌,중앙선침범,건조,맑음,단일로 - 횡단보도부근,승용,여,56세,상해없음,승용,여,46세,경상
2013041300100132,2013년 4월 13일 08시,토요일,강원도 원주시 우산동,중상사고,0,2,0,0,차대차 - 정면충돌,중앙선침범,건조,맑음,교차로 - 교차로부근,승용,여,37세,중상,승용,남,41세,중상
2013041300100154,2013년 4월 13일 09시,토요일,강원도 강릉시 견소동,경상사고,0,0,1,0,차대차 - 측면직각충돌,신호위반,건조,맑음,교차로 - 교차로안,승용,남,32세,상해없음,승용,여,48세,경상
2013041300100181,2013년 4월 13일 10시,토요일,강원도 태백시 황지동,중상사고,0,1,0,0,차대차 - 기타,중앙선침범,건조,맑음,단일로 - 기타,건설기계,남,49세,상해없음,승용,여,31세,중상
2013041300100245,2013년 4월 13일 12시,토요일,강원도 평창군 진부면,경상사고,0,0,2,0,차대차 - 추돌 - 진행중,안전운전불이행,건조,맑음,단일로 - 기타,승용,남,21세,상해없음,승용,남,25세,경상
2013041300100324,2013년 4월 13일 14시,토요일,강원도 원주시 단구동,경상사고,0,0,6,0,차대차 - 측면직각충돌,신호위반,건조,맑음,교차로 - 교차로안,승용,남,56세,상해없음,승용,여,47세,경상
2013041300100362,2013년 4월 13일 15시,토요일,강원도 영월군 한반도면,중상사고,0,2,2,0,차대차 - 정면충돌,중앙선침범,건조,맑음,단일로 - 기타,승용,남,55세,중상,승용,여,35세,중상
2013041300100363,2013년 4월 13일 15시,토요일,강원도 고성군 토성면,중상사고,0,1,1,0,차대차 - 측면직각충돌,안전거리미확보,건조,맑음,단일로 - 기타,건설기계,남,58세,상해없음,승용,남,32세,중상
2013041300100473,2013년 4월 13일 18시,토요일,강원도 철원군 갈말읍,경상사고,0,0,2,0,차대차 - 측면직각충돌,중앙선침범,건조,맑음,단일로 - 기타,화물,남,44세,상해없음,승용,남,31세,경상
2013041300100517,2013년 4월 13일 19시,토요일,강원도 횡성군 우천면,경상사고,0,0,1,0,차대차 - 기타,안전운전불이행,건조,맑음,단일로 - 기타,승용,여,31세,상해없음,승합,남,53세,상해없음
2013041300100582,2013년 4월 13일 21시,토요일,강원도 속초시 조양동,중상사고,0,1,0,0,차대차 - 추돌 - 주정차중,안전운전불이행,건조,흐림,교차로 - 교차로부근,승용,남,44세,상해없음,승용,남,39세,중상
2013041400100044,2013년 4월 14일 02시,일요일,강원도 강릉시 포남동,경상사고,0,0,1,0,차대차 - 측면직각충돌,중앙선침범,건조,맑음,단일로 - 기타,화물,남,27세,상해없음,승용,남,54세,경상
2013041400100086,2013년 4월 14일 05시,일요일,강원도 춘천시 효자동,사망사고,1,0,0,0,차량단독 - 공작물충돌,안전운전불이행,습기,비,단일로 - 기타,이륜,남,67세,사망,,,,
2013041400100121,2013년 4월 14일 08시,일요일,강원도 춘천시 근화동,경상사고,0,0,2,0,차대차 - 측면직각충돌,안전운전불이행,건조,맑음,교차로 - 교차로부근,승용,여,35세,상해없음,승용,남,41세,경상
2013041400100153,2013년 4월 14일 10시,일요일,강원도 원주시 판부면,중상사고,0,1,2,0,차대차 - 추돌 - 주정차중,안전운전불이행,건조,맑음,교차로 - 교차로부근,승용,남,52세,상해없음,승용,여,59세,중상
2013041400100169,2013년 4월 14일 11시,일요일,강원도 속초시 조양동,경상사고,0,0,1,0,차대차 - 측면직각충돌,안전운전불이행,건조,맑음,단일로 - 기타,화물,남,50세,상해없음,승용,남,31세,경상
2013041400100170,2013년 4월 14일 11시,일요일,강원도 고성군 거진읍,중상사고,0,2,0,0,차대차 - 정면충돌,중앙선침범,건조,맑음,단일로 - 기타,승용,남,53세,상해없음,승합,남,55세,상해없음
2013041400100231,2013년 4월 14일 13시,일요일,강원도 원주시 태장동,중상사고,0,2,0,0,차대차 - 추돌 - 진행중,안전거리미확보,건조,맑음,교차로 - 교차로부근,승용,남,35세,상해없음,승용,여,49세,중상
2013041400100257,2013년 4월 14일 14시,일요일,강원도 속초시 청학동,중상사고,0,1,0,0,차대사람 - 횡단중,안전운전불이행,건조,맑음,단일로 - 기타,승용,남,60세,상해없음,보행자,여,12세,중상
2013041400100281,2013년 4월 14일 15시,일요일,강원도 춘천시 신동면,경상사고,0,0,1,0,차대차 - 추돌 - 주정차중,안전운전불이행,기타,기타,단일로 - 기타,승용,남,45세,상해없음,승용,여,38세,경상
2013041400100313,2013년 4월 14일 16시,일요일,강원도 춘천시 동내면,경상사고,0,0,2,0,차대차 - 측면직각충돌,교차로운행방법위반,건조,맑음,교차로 - 교차로안,원동기,남,46세,경상,승용,남,44세,상해없음
2013041400100347,2013년 4월 14일 17시,일요일,강원도 삼척시 원덕읍,경상사고,0,0,1,0,차대차 - 추돌 - 주정차중,안전운전불이행,기타,맑음,단일로 - 기타,화물,남,57세,상해없음,건설기계,남,57세,경상
2013041400100381,2013년 4월 14일 18시,일요일,강원도 춘천시 석사동,경상사고,0,0,1,0,차대차 - 추돌 - 주정차중,안전운전불이행,건조,맑음,단일로 - 기타,승용,남,52세,상해없음,승용,여,38세,경상
2013041400100382,2013년 4월 14일 18시,일요일,강원도 춘천시 온의동,경상사고,0,0,1,0,차대차 - 측면직각충돌,교차로운행방법위반,건조,맑음,교차로 - 교차로안,승용,남,60세,상해없음,원동기,남,36세,경상
2013041400100383,2013년 4월 14일 18시,일요일,강원도 영월군 영월읍,중상사고,0,1,2,0,차대차 - 기타,중앙선침범,건조,맑음,단일로 - 기타,승용,남,50세,상해없음,승용,남,67세,상해없음
2013041400100419,2013년 4월 14일 19시,일요일,강원도 강릉시 주문진읍,중상사고,0,1,0,0,차대차 - 정면충돌,중앙선침범,건조,흐림,단일로 - 기타,승용,남,52세,상해없음,이륜,남,23세,중상
2013041400100420,2013년 4월 14일 19시,일요일,강원도 원주시 단계동,중상사고,0,2,0,0,차대차 - 추돌 - 진행중,안전운전불이행,건조,맑음,단일로 - 기타,승용,남,56세,상해없음,승용,남,47세,상해없음
2013041400100481,2013년 4월 14일 21시,일요일,강원도 강릉시 교동,경상사고,0,0,2,0,차대차 - 측면직각충돌,신호위반,건조,맑음,교차로 - 교차로안,승용,여,43세,상해없음,승용,여,53세,경상
2013041500100044,2013년 4월 15일 06시,월요일,강원도 춘천시 후평동,경상사고,0,0,1,0,차대차 - 측면직각충돌,직진우회전진행방해,건조,맑음,교차로 - 교차로안,원동기,남,41세,상해없음,승용,여,41세,경상
2013041500100089,2013년 4월 15일 08시,월요일,강원도 춘천시 효자동,경상사고,0,0,1,0,차대사람 - 기타,신호위반,건조,맑음,단일로 - 기타,자전거,남,16세,상해없음,보행자,여,49세,경상
2013041500100090,2013년 4월 15일 08시,월요일,강원도 횡성군 공근면,사망사고,1,1,0,0,차량단독 - 도로외이탈 - 추락,안전운전불이행,건조,흐림,단일로 - 기타,화물,남,19세,상해없음,,,,
2013041500100123,2013년 4월 15일 09시,월요일,강원도 춘천시 후평동,중상사고,0,1,0,0,차대사람 - 기타,안전운전불이행,건조,맑음,교차로 - 교차로안,승용,남,34세,상해없음,보행자,남,17세,중상
2013041500100149,2013년 4월 15일 10시,월요일,강원도 원주시 단계동,경상사고,0,0,1,0,차대차 - 측면직각충돌,교차로운행방법위반,건조,흐림,교차로 - 교차로안,승용,남,73세,상해없음,승용,남,57세,경상
2013041500100169,2013년 4월 15일 11시,월요일,강원도 원주시 중앙동,경상사고,0,0,2,0,차대차 - 측면직각충돌,안전거리미확보,건조,흐림,단일로 - 기타,승용,남,66세,상해없음,승용,남,31세,경상
2013041500100189,2013년 4월 15일 12시,월요일,강원도 춘천시 남산면,경상사고,0,0,1,0,차대차 - 기타,안전운전불이행,건조,맑음,단일로 - 기타,화물,남,62세,상해없음,이륜,남,85세,경상
2013041500100190,2013년 4월 15일 12시,월요일,강원도 삼척시 도계읍,경상사고,0,0,1,0,차량단독 - 공작물충돌,안전운전불이행,건조,흐림,단일로 - 기타,화물,남,41세,경상,,,,
2013041500100231,2013년 4월 15일 14시,월요일,강원도 원주시 태장동,경상사고,0,0,1,0,차대사람 - 차도통행중,안전운전불이행,건조,맑음,교차로 - 교차로부근,승합,남,53세,상해없음,보행자,남,62세,경상
2013041500100250,2013년 4월 15일 15시,월요일,강원도 춘천시 남산면,중상사고,0,1,0,0,차대차 - 측면직각충돌,안전운전불이행,건조,맑음,단일로 - 기타,승용,남,34세,상해없음,승용,남,43세,중상
2013041500100251,2013년 4월 15일 15시,월요일,강원도 춘천시 석사동,경상사고,0,0,1,0,차대차 - 추돌 - 주정차중,안전운전불이행,건조,맑음,단일로 - 기타,승용,남,29세,상해없음,승합,남,47세,경상
2013041500100252,2013년 4월 15일 15시,월요일,강원도 원주시 태장동,경상사고,0,0,2,0,차대차 - 측면직각충돌,안전운전불이행,건조,맑음,교차로 - 교차로부근,승용,여,35세,상해없음,승용,남,51세,경상
2013041500100284,2013년 4월 15일 16시,월요일,강원도 춘천시 우두동,경상사고,0,0,3,0,차대차 - 측면직각충돌,중앙선침범,건조,맑음,단일로 - 기타,승용,여,58세,상해없음,승용,남,30세,경상
2013041500100314,2013년 4월 15일 17시,월요일,강원도 춘천시 석사동,경상사고,0,0,1,0,차대차 - 측면직각충돌,안전운전불이행,건조,맑음,단일로 - 기타,승용,여,38세,상해없음,승용,남,41세,상해없음
2013041500100315,2013년 4월 15일 17시,월요일,강원도 강릉시 교동,경상사고,0,0,1,0,차대사람 - 기타,안전운전불이행,건조,맑음,교차로 - 교차로부근,승용,여,38세,상해없음,보행자,남,18세,경상
2013041500100316,2013년 4월 15일 17시,월요일,강원도 속초시 조양동,경상사고,0,0,2,0,차대차 - 측면직각충돌,안전운전불이행,건조,맑음,단일로 - 기타,승용,남,78세,상해없음,승용,여,35세,상해없음
2013041500100342,2013년 4월 15일 18시,월요일,강원도 춘천시 석사동,경상사고,0,0,2,0,차대차 - 기타,안전운전불이행,건조,맑음,교차로 - 교차로부근,건설기계,남,62세,상해없음,승용,여,23세,경상
2013041500100481,2013년 4월 15일 22시,월요일,강원도 동해시 나안동,부상신고사고,0,0,0,1,차대차 - 기타,안전운전불이행,건조,맑음,교차로 - 교차로안,이륜,남,17세,상해없음,승용,여,66세,상해없음
2013041600100006,2013년 4월 16일 00시,화요일,강원도 원주시 평원동,경상사고,0,0,3,0,차대차 - 추돌 - 진행중,안전운전불이행,건조,맑음,교차로 - 교차로부근,승용,남,26세,상해없음,승용,남,35세,경상
2013041600100007,2013년 4월 16일 00시,화요일,강원도 속초시 조양동,경상사고,0,0,1,0,차대차 - 측면직각충돌,안전운전불이행,건조,맑음,교차로 - 교차로안,화물,남,45세,상해없음,승용,남,47세,경상
2013041600100070,2013년 4월 16일 06시,화요일,강원도 춘천시 우두동,경상사고,0,0,1,0,차대차 - 측면직각충돌,교차로운행방법위반,건조,맑음,교차로 - 교차로안,승용,남,45세,상해없음,승용,여,28세,경상
2013041600100115,2013년 4월 16일 08시,화요일,강원도 춘천시 후평동,경상사고,0,0,1,0,차대사람 - 횡단중,안전운전불이행,건조,맑음,단일로 - 횡단보도부근,승용,여,42세,상해없음,보행자,남,15세,경상
2013041600100141,2013년 4월 16일 09시,화요일,강원도 춘천시 후평동,경상사고,0,0,2,0,차대차 - 측면직각충돌,직진우회전진행방해,건조,맑음,교차로 - 교차로안,승용,여,56세,상해없음,승용,남,65세,경상
2013041600100142,2013년 4월 16일 09시,화요일,강원도 원주시 단구동,경상사고,0,0,1,0,차대차 - 추돌 - 진행중,차로위반,건조,맑음,단일로 - 기타,자전거,남,70세,경상,승용,여,45세,상해없음
2013041600100165,2013년 4월 16일 10시,화요일,강원도 춘천시 석사동,중상사고,0,3,1,0,차대차 - 추돌 - 진행중,안전거리미확보,건조,맑음,교차로 - 교차로부근,승합,남,50세,상해없음,승용,남,57세,중상
2013041600100166,2013년 4월 16일 10시,화요일,강원도 속초시 도문동,중상사고,0,1,0,0,차대차 - 측면직각충돌,안전운전불이행,건조,맑음,단일로 - 기타,승용,남,44세,상해없음,원동기,남,72세,중상
2013041600100183,2013년 4월 16일 11시,화요일,강원도 원주시 우산동,중상사고,0,1,0,0,차대차 - 측면직각충돌,안전운전불이행,건조,맑음,교차로 - 교차로부근,승용,남,44세,상해없음,자전거,남,65세,중상
2013041600100184,2013년 4월 16일 11시,화요일,강원도 홍천군 두촌면,중상사고,0,3,0,0,차대차 - 기타,안전운전불이행,건조,맑음,단일로 - 기타,승용,여,22세,상해없음,승용,남,26세,중상
2013041600100230,2013년 4월 16일 13시,화요일,강원도 횡성군 서원면,경상사고,0,0,1,0,차대차 - 기타,안전운전불이행,건조,맑음,교차로 - 교차로안,승용,남,61세,상해없음,승용,남,33세,경상
2013041600100265,2013년 4월 16일 14시,화요일,강원도 춘천시 석사동,중상사고,0,1,0,1,차대사람 - 차도통행중,안전운전불이행,건조,맑음,단일로 - 기타,승용,여,48세,상해없음,보행자,여,79세,부상신고
2013041600100266,2013년 4월 16일 14시,화요일,강원도 횡성군 안흥면,중상사고,0,1,1,0,차대차 - 측면직각충돌,안전운전불이행,건조,맑음,단일로 - 기타,승용,여,34세,상해없음,승용,남,43세,중상
2013041600100320,2013년 4월 16일 16시,화요일,강원도 춘천시 석사동,경상사고,0,0,1,0,차대차 - 측면직각충돌,안전운전불이행,건조,맑음,단일로 - 기타,승용,남,63세,상해없음,자전거,남,12세,경상
2013041600100321,2013년 4월 16일 16시,화요일,강원도 원주시 관설동,경상사고,0,0,1,0,차량단독 - 전도전복,안전운전불이행,건조,맑음,단일로 - 기타,이륜,남,17세,상해없음,,,,
2013041600100358,2013년 4월 16일 17시,화요일,강원도 춘천시 남산면,경상사고,0,0,1,0,차대차 - 기타,안전운전불이행,건조,맑음,교차로 - 교차로안,이륜,남,21세,상해없음,원동기,남,33세,경상
2013041600100359,2013년 4월 16일 17시,화요일,강원도 원주시 명륜동,경상사고,0,0,1,0,차대차 - 기타,안전운전불이행,건조,맑음,교차로 - 교차로안,승용,남,42세,상해없음,자전거,남,32세,경상
2013041600100396,2013년 4월 16일 18시,화요일,강원도 속초시 조양동,경상사고,0,0,1,0,차대차 - 추돌 - 주정차중,안전운전불이행,건조,맑음,단일로 - 기타,승용,남,54세,기타불명,승용,남,51세,상해없음
2013041600100425,2013년 4월 16일 19시,화요일,강원도 춘천시 근화동,경상사고,0,0,2,0,차대차 - 기타,안전운전불이행,건조,맑음,단일로 - 기타,승용,남,58세,상해없음,화물,남,31세,경상
2013041600100426,2013년 4월 16일 19시,화요일,강원도 원주시 문막읍,경상사고,0,0,1,0,차대차 - 기타,안전운전불이행,건조,맑음,기타 - 기타,승용,여,59세,상해없음,승용,남,20세,경상
2013041600100500,2013년 4월 16일 22시,화요일,강원도 춘천시 후평동,경상사고,0,0,3,0,차대차 - 추돌 - 주정차중,안전운전불이행,건조,맑음,교차로 - 교차로부근,승용,남,44세,상해없음,승용,여,52세,경상
2013041600100501,2013년 4월 16일 22시,화요일,강원도 원주시 일산동,중상사고,0,2,2,0,차대차 - 추돌 - 진행중,안전운전불이행,건조,맑음,교차로 - 교차로부근,승용,여,42세,상해없음,승용,여,60세,중상
2013041600100531,2013년 4월 16일 23시,화요일,강원도 원주시 태장동,중상사고,0,1,0,0,차대사람 - 횡단중,안전운전불이행,건조,맑음,단일로 - 기타,승용,남,46세,상해없음,보행자,남,35세,중상
2013041600100532,2013년 4월 16일 23시,화요일,강원도 고성군 죽왕면,중상사고,0,1,0,0,차량단독 - 공작물충돌,안전운전불이행,습기,비,교차로 - 교차로안,승용,남,46세,상해없음,,,,
2013041700100029,2013년 4월 17일 01시,수요일,강원도 춘천시 효자동,경상사고,0,0,1,0,차대사람 - 길가장자리구역통행중,안전운전불이행,건조,맑음,단일로 - 기타,승용,남,27세,상해없음,보행자,여,50세,경상
2013041700100057,2013년 4월 17일 04시,수요일,강원도 강릉시 교동,사망사고,1,0,0,0,차대사람 - 횡단중,안전운전불이행,습기,비,단일로 - 기타,승용,남,37세,상해없음,보행자,남,24세,사망
2013041700100095,2013년 4월 17일 07시,수요일,강원도 원주시 단계동,경상사고,0,0,1,0,차대차 - 추돌 - 진행중,안전거리미확보,습기,비,교차로 - 교차로부근,화물,남,35세,상해없음,승용,여,48세,경상
2013041700100142,2013년 4월 17일 08시,수요일,강원도 춘천시 후평동,경상사고,0,0,1,0,차대차 - 측면직각충돌,차로위반,건조,맑음,단일로 - 기타,승용,여,48세,상해없음,승용,남,60세,경상
2013041700100143,2013년 4월 17일 08시,수요일,강원도 강릉시 연곡면,경상사고,0,0,1,0,차대차 - 측면직각충돌,안전운전불이행,건조,맑음,교차로 - 교차로안,승합,여,51세,상해없음,승용,남,46세,경상
2013041700100144,2013년 4월 17일 08시,수요일,강원도 동해시 평릉동,중상사고,0,1,1,0,차대차 - 측면직각충돌,직진우회전진행방해,건조,흐림,교차로 - 교차로안,승용,여,41세,상해없음,승용,여,40세,중상
2013041700100177,2013년 4월 17일 09시,수요일,강원도 양양군 서면,사망사고,1,0,0,0,차량단독 - 공작물충돌,안전운전불이행,습기,흐림,단일로 - 기타,화물,남,42세,사망,,,,
2013041700100201,2013년 4월 17일 10시,수요일,강원도 강릉시 주문진읍,경상사고,0,0,2,0,차대차 - 측면직각충돌,안전운전불이행,건조,맑음,교차로 - 교차로안,승용,남,72세,상해없음,화물,남,34세,경상
2013041700100225,2013년 4월 17일 11시,수요일,강원도 춘천시 신동면,경상사고,0,0,2,0,차대차 - 기타,중앙선침범,습기,맑음,단일로 - 기타,승용,남,68세,상해없음,승용,남,37세,경상
2013041700100226,2013년 4월 17일 11시,수요일,강원도 원주시 태장동,경상사고,0,0,1,0,차대차 - 측면직각충돌,안전운전불이행,건조,맑음,단일로 - 기타,승용,여,45세,상해없음,승용,남,44세,경상
2013041700100247,2013년 4월 17일 12시,수요일,강원도 강릉시 옥천동,경상사고,0,0,1,0,차대차 - 기타,안전운전불이행,건조,맑음,단일로 - 기타,승용,여,47세,상해없음,승용,남,48세,상해없음
2013041700100248,2013년 4월 17일 12시,수요일,강원도 속초시 교동,중상사고,0,1,0,0,차대차 - 측면직각충돌,교차로운행방법위반,건조,맑음,교차로 - 교차로안,승용,여,45세,상해없음,이륜,남,80세,중상
2013041700100268,2013년 4월 17일 13시,수요일,강원도 강릉시 강문동,중상사고,0,3,1,1,차대차 - 측면직각충돌,신호위반,건조,흐림,교차로 - 교차로안,승용,여,54세,부상신고,승용,여,51세,중상
2013041700100295,2013년 4월 17일 14시,수요일,강원도 속초시 조양동,중상사고,0,1,0,0,차대사람 - 횡단중,신호위반,건조,맑음,단일로 - 횡단보도상,승용,여,32세,상해없음,보행자,남,9세,중상
2013041700100315,2013년 4월 17일 15시,수요일,강원도 강릉시 교동,경상사고,0,0,1,0,차대차 - 측면직각충돌,안전운전불이행,건조,맑음,단일로 - 기타,승용,여,41세,상해없음,원동기,남,28세,경상
2013041700100382,2013년 4월 17일 17시,수요일,강원도 춘천시 석사동,경상사고,0,0,1,0,차대차 - 추돌 - 진행중,안전거리미확보,건조,맑음,단일로 - 기타,승합,남,51세,상해없음,승용,남,68세,경상
2013041700100383,2013년 4월 17일 17시,수요일,강원도 강릉시 입암동,경상사고,0,0,1,0,차대사람 - 횡단중,안전운전불이행,건조,맑음,단일로 - 기타,화물,남,59세,상해없음,보행자,여,3세,경상
2013041700100384,2013년 4월 17일 17시,수요일,강원도 평창군 봉평면,경상사고,0,0,1,0,차대차 - 측면직각충돌,중앙선침범,건조,맑음,단일로 - 기타,승용,여,35세,상해없음,승용,여,39세,경상
2013041700100419,2013년 4월 17일 18시,수요일,강원도 춘천시 후평동,경상사고,0,0,5,0,차대차 - 측면직각충돌,교차로운행방법위반,건조,맑음,교차로 - 교차로안,승용,남,44세,상해없음,승용,남,23세,경상
2013041700100521,2013년 4월 17일 21시,수요일,강원도 홍천군 서석면,중상사고,0,1,2,0,차대사람 - 차도통행중,안전운전불이행,건조,맑음,교차로 - 교차로부근,원동기,남,17세,경상,보행자,남,51세,중상
2013041700100591,2013년 4월 17일 23시,수요일,강원도 동해시 발한동,경상사고,0,0,1,0,차대차 - 측면직각충돌,교차로운행방법위반,건조,맑음,교차로 - 교차로안,승용,남,52세,상해없음,승용,남,52세,경상
2013041800100009,2013년 4월 18일 00시,목요일,강원도 원주시 무실동,경상사고,0,0,1,0,차대차 - 측면직각충돌,차로위반,건조,맑음,교차로 - 교차로안,승용,여,33세,상해없음,승용,남,41세,경상
2013041800100040,2013년 4월 18일 02시,목요일,강원도 춘천시 후평동,경상사고,0,0,2,0,차대차 - 측면직각충돌,안전거리미확보,건조,맑음,교차로 - 교차로부근,승용,남,34세,상해없음,승용,남,27세,경상
2013041800100041,2013년 4월 18일 02시,목요일,강원도 춘천시 온의동,경상사고,0,0,2,0,차대차 - 측면직각충돌,안전거리미확보,건조,맑음,단일로 - 기타,승용,여,58세,상해없음,승용,남,30세,경상
2013041800100089,2013년 4월 18일 07시,목요일,강원도 춘천시 후평동,경상사고,0,0,1,0,차대차 - 기타,신호위반,건조,맑음,교차로 - 교차로안,화물,남,69세,상해없음,승용,남,49세,경상
2013041800100113,2013년 4월 18일 08시,목요일,강원도 홍천군 홍천읍,중상사고,0,1,0,0,차대차 - 기타,교차로운행방법위반,건조,맑음,교차로 - 교차로안,승용,여,45세,상해없음,승용,여,41세,중상
2013041800100146,2013년 4월 18일 09시,목요일,강원도 속초시 교동,경상사고,0,0,1,0,차대차 - 측면직각충돌,안전거리미확보,건조,맑음,단일로 - 기타,승용,남,51세,상해없음,승용,남,31세,경상
2013041800100179,2013년 4월 18일 10시,목요일,강원도 동해시 천곡동,중상사고,0,1,0,0,차대차 - 추돌 - 주정차중,안전운전불이행,건조,맑음,단일로 - 기타,승용,남,40세,상해없음,화물,남,65세,중상
2013041800100203,2013년 4월 18일 11시,목요일,강원도 춘천시 석사동,경상사고,0,0,1,0,차대사람 - 길가장자리구역통행중,보행자보호의무위반,건조,맑음,교차로 - 교차로부근,기타불명,기타불명,기타불명,기타불명,보행자,남,14세,경상
2013041800100259,2013년 4월 18일 13시,목요일,강원도 원주시 명륜동,중상사고,0,1,0,0,차대사람 - 횡단중,안전운전불이행,건조,맑음,교차로 - 교차로부근,화물,여,49세,상해없음,보행자,여,71세,중상
2013041800100280,2013년 4월 18일 14시,목요일,강원도 원주시 판부면,경상사고,0,0,1,0,차대차 - 추돌 - 주정차중,안전거리미확보,건조,맑음,교차로 - 교차로부근,승용,남,77세,상해없음,승용,여,50세,경상
2013041800100311,2013년 4월 18일 15시,목요일,강원도 횡성군 공근면,경상사고,0,0,2,0,차대차 - 추돌 - 주정차중,안전운전불이행,건조,맑음,교차로 - 교차로부근,화물,남,56세,상해없음,승용,남,47세,경상
2013041800100312,2013년 4월 18일 15시,목요일,강원도 동해시 북평동,경상사고,0,0,1,0,차대사람 - 횡단중,안전운전불이행,건조,맑음,단일로 - 기타,승용,여,25세,상해없음,보행자,여,75세,경상
2013041800100387,2013년 4월 18일 17시,목요일,강원도 춘천시 효자동,경상사고,0,0,1,0,차대차 - 기타,교차로운행방법위반,건조,맑음,교차로 - 교차로안,승용,남,34세,상해없음,자전거,남,26세,경상
2013041800100388,2013년 4월 18일 17시,목요일,강원도 원주시 우산동,중상사고,0,1,0,0,차대사람 - 기타,기타,건조,맑음,교차로 - 교차로부근,승용,여,53세,상해없음,보행자,남,7세,중상
2013041800100389,2013년 4월 18일 17시,목요일,강원도 원주시 관설동,중상사고,0,1,0,0,차대차 - 측면직각충돌,교차로운행방법위반,건조,맑음,교차로 - 교차로안,승용,남,52세,상해없음,승용,여,44세,중상
2013041800100424,2013년 4월 18일 18시,목요일,강원도 춘천시 동내면,경상사고,0,0,2,0,차대차 - 기타,안전거리미확보,건조,맑음,단일로 - 기타,승합,남,42세,상해없음,승용,여,25세,경상
2013041800100425,2013년 4월 18일 18시,목요일,강원도 원주시 단계동,사망사고,1,0,0,0,차대차 - 측면직각충돌,신호위반,건조,맑음,교차로 - 교차로안,원동기,남,68세,사망,승용,남,46세,상해없음
2013041800100551,2013년 4월 18일 22시,목요일,강원도 원주시 행구동,경상사고,0,0,1,0,차대차 - 추돌 - 진행중,안전운전불이행,건조,맑음,단일로 - 기타,승용,남,47세,상해없음,승용,여,27세,경상
2013041800100579,2013년 4월 18일 23시,목요일,강원도 원주시 단구동,경상사고,0,0,2,0,차대차 - 추돌 - 진행중,차로위반,건조,맑음,단일로 - 기타,승용,남,43세,상해없음,승용,남,39세,경상
2013041800100580,2013년 4월 18일 23시,목요일,강원도 원주시 소초면,중상사고,0,1,0,0,차량단독 - 공작물충돌,안전운전불이행,건조,맑음,단일로 - 기타,승합,남,53세,중상,,,,
2013041900100009,2013년 4월 19일 00시,금요일,강원도 원주시 단계동,경상사고,0,0,1,0,차대사람 - 차도통행중,안전운전불이행,건조,맑음,단일로 - 기타,승용,남,33세,상해없음,보행자,남,21세,경상
2013041900100010,2013년 4월 19일 00시,금요일,강원도 속초시 조양동,경상사고,0,0,3,0,차대차 - 추돌 - 주정차중,안전운전불이행,건조,맑음,단일로 - 기타,승용,남,22세,상해없음,승용,남,32세,상해없음
2013041900100028,2013년 4월 19일 01시,금요일,강원도 춘천시 효자동,경상사고,0,0,2,0,차대차 - 측면직각충돌,중앙선침범,건조,맑음,단일로 - 기타,승용,남,40세,상해없음,승용,남,66세,경상
2013041900100029,2013년 4월 19일 01시,금요일,강원도 원주시 우산동,중상사고,0,1,0,0,차대차 - 측면직각충돌,안전운전불이행,건조,맑음,단일로 - 기타,승용,남,21세,상해없음,원동기,남,18세,중상