사고번호,사고일시,요일,시군구,사고내용,사망자수,중상자수,경상자수,부상신고자수,사고유형,법규위반,노면상태,기상상태,도로형태,가해운전자 차종,가해운전자 성별,가해운전자 연령,가해운전자 상해정도,피해운전자 차종,피해운전자 성별,피해운전자 연령,피해운전자 상해정도
2013050400100162,2013년 5월 4일 09시,토요일,강원도 춘천시 석사동,경상사고,0,0,1,0,차대사람 - 기타,신호위반,건조,맑음,단일로 - 횡단보도상,원동기,남,54세,상해없음,보행자,여,59세,경상
2013050400100163,2013년 5월 4일 09시,토요일,강원도 평창군 용평면,경상사고,0,0,2,0,차대차 - 기타,안전운전불이행,건조,맑음,단일로 - 기타,기타불명,기타불명,기타불명,기타불명,승용,여,41세,경상
2013050400100185,2013년 5월 4일 10시,토요일,강원도 강릉시 주문진읍,경상사고,0,0,2,0,차대차 - 기타,안전운전불이행,건조,맑음,단일로 - 기타,이륜,남,63세,상해없음,화물,남,47세,경상
2013050400100212,2013년 5월 4일 11시,토요일,강원도 춘천시 동면,경상사고,0,0,5,0,차대차 - 측면직각충돌,교차로운행방법위반,건조,맑음,교차로 - 교차로안,승용,남,50세,상해없음,승용,남,52세,경상
2013050400100213,2013년 5월 4일 11시,토요일,강원도 속초시 교동,경상사고,0,0,1,0,차대사람 - 차도통행중,안전운전불이행,건조,맑음,단일로 - 기타,화물,남,43세,상해없음,보행자,남,12세,경상
2013050400100214,2013년 5월 4일 11시,토요일,강원도 삼척시 남양동,중상사고,0,1,0,0,차량단독 - 기타,안전운전불이행,건조,맑음,단일로 - 기타,원동기,남,78세,중상,,,,
2013050400100215,2013년 5월 4일 11시,토요일,강원도 홍천군 서면,경상사고,0,0,3,0,차대차 - 기타,안전운전불이행,건조,맑음,교차로 - 교차로부근,승용,남,50세,상해없음,승용,남,35세,경상
2013050400100241,2013년 5월 4일 12시,토요일,강원도 춘천시 퇴계동,경상사고,0,0,1,0,차대사람 - 기타,안전운전불이행,건조,맑음,단일로 - 기타,승용,남,33세,상해없음,보행자,여,24세,경상
2013050400100271,2013년 5월 4일 13시,토요일,강원도 원주시 단계동,경상사고,0,0,1,0,차대차 - 추돌 - 진행중,안전거리미확보,건조,맑음,교차로 - 교차로안,화물,남,44세,기타불명,승용,여,48세,경상
2013050400100272,2013년 5월 4일 13시,토요일,강원도 평창군 대관령면,중상사고,0,1,0,1,차대차 - 측면직각충돌,안전운전불이행,건조,맑음,단일로 - 기타,승용,남,38세,상해없음,농기계,남,45세,상해없음
2013050400100305,2013년 5월 4일 14시,토요일,강원도 홍천군 남면,사망사고,1,0,0,0,차대차 - 기타,중앙선침범,건조,맑음,단일로 - 기타,원동기,남,45세,사망,화물,남,49세,상해없음
2013050400100352,2013년 5월 4일 15시,토요일,강원도 평창군 진부면,경상사고,0,0,1,1,차대차 - 측면직각충돌,안전운전불이행,건조,맑음,교차로 - 교차로부근,화물,남,35세,상해없음,이륜,남,45세,부상신고
2013050400100397,2013년 5월 4일 16시,토요일,강원도 원주시 학성동,경상사고,0,0,3,0,차대차 - 측면직각충돌,교차로운행방법위반,건조,맑음,교차로 - 교차로안,승용,여,26세,상해없음,승용,여,44세,경상
2013050400100398,2013년 5월 4일 16시,토요일,강원도 화천군 간동면,경상사고,0,0,2,0,차대차 - 측면직각충돌,중앙선침범,건조,맑음,단일로 - 기타,승용,남,52세,경상,화물,남,21세,경상
2013050400100423,2013년 5월 4일 17시,토요일,강원도 원주시 단계동,중상사고,0,1,0,0,차대차 - 측면직각충돌,안전거리미확보,건조,맑음,단일로 - 기타,승용,남,73세,상해없음,승용,남,55세,중상
2013050400100424,2013년 5월 4일 17시,토요일,강원도 태백시 문곡동,중상사고,0,2,0,0,차대차 - 측면직각충돌,신호위반,건조,맑음,교차로 - 교차로안,승용,남,57세,상해없음,승용,남,64세,중상
2013050400100452,2013년 5월 4일 18시,토요일,강원도 원주시 일산동,경상사고,0,0,1,0,차대사람 - 횡단중,보행자보호의무위반,습기,흐림,교차로 - 교차로안,화물,남,65세,상해없음,보행자,남,4세,경상
2013050400100453,2013년 5월 4일 18시,토요일,강원도 정선군 신동읍,경상사고,0,0,1,0,차대차 - 기타,안전운전불이행,건조,맑음,기타 - 기타,화물,남,51세,상해없음,승합,남,59세,경상
2013050400100557,2013년 5월 4일 21시,토요일,강원도 원주시 단구동,경상사고,0,0,1,0,차대차 - 측면직각충돌,직진우회전진행방해,건조,맑음,교차로 - 교차로안,승용,여,27세,상해없음,이륜,남,54세,경상
2013050400100558,2013년 5월 4일 21시,토요일,강원도 원주시 일산동,중상사고,0,1,2,0,차대차 - 기타,신호위반,건조,맑음,교차로 - 교차로부근,원동기,남,16세,중상,승용,남,54세,상해없음
2013050400100588,2013년 5월 4일 22시,토요일,강원도 춘천시 동면,경상사고,0,0,2,0,차대차 - 측면직각충돌,교차로운행방법위반,건조,맑음,교차로 - 교차로안,화물,남,45세,상해없음,승용,여,42세,경상
2013050400100589,2013년 5월 4일 22시,토요일,강원도 고성군 거진읍,경상사고,0,0,1,1,차대차 - 정면충돌,안전운전불이행,건조,맑음,단일로 - 기타,승용,여,40세,상해없음,이륜,남,59세,부상신고
2013050500100011,2013년 5월 5일 00시,일요일,강원도 춘천시 석사동,경상사고,0,0,3,0,차대차 - 측면직각충돌,교차로운행방법위반,건조,맑음,교차로 - 교차로안,승용,남,23세,경상,승용,남,33세,경상
2013050500100043,2013년 5월 5일 02시,일요일,강원도 속초시 노학동,경상사고,0,0,3,0,차대차 - 측면직각충돌,신호위반,건조,맑음,교차로 - 교차로안,승용,남,29세,상해없음,승용,여,45세,경상
2013050500100044,2013년 5월 5일 02시,일요일,강원도 동해시 추암동,중상사고,0,2,0,0,차대차 - 측면직각충돌,과속,건조,맑음,교차로 - 교차로안,승용,남,23세,중상,승용,남,39세,중상
2013050500100086,2013년 5월 5일 05시,일요일,강원도 원주시 일산동,경상사고,0,0,2,0,차대차 - 측면직각충돌,신호위반,건조,맑음,교차로 - 교차로안,승용,여,49세,상해없음,승용,남,53세,경상
2013050500100111,2013년 5월 5일 07시,일요일,강원도 고성군 토성면,경상사고,0,0,2,0,차대차 - 추돌 - 진행중,안전운전불이행,건조,맑음,단일로 - 기타,승용,남,19세,상해없음,승용,남,44세,경상
2013050500100182,2013년 5월 5일 11시,일요일,강원도 강릉시 성산면,경상사고,0,0,1,0,차대차 - 측면직각충돌,안전운전불이행,건조,맑음,단일로 - 기타,승용,여,44세,상해없음,승용,여,47세,경상
2013050500100200,2013년 5월 5일 12시,일요일,강원도 강릉시 포남동,경상사고,0,0,1,0,차량단독 - 기타,안전운전불이행,건조,맑음,단일로 - 기타,이륜,남,41세,경상,,,,
2013050500100201,2013년 5월 5일 12시,일요일,강원도 삼척시 원덕읍,중상사고,0,2,0,0,차대차 - 측면직각충돌,안전운전불이행,건조,맑음,단일로 - 기타,이륜,남,37세,중상,이륜,남,46세,중상
2013050500100229,2013년 5월 5일 13시,일요일,강원도 원주시 무실동,경상사고,0,0,3,0,차대차 - 측면직각충돌,교차로운행방법위반,건조,맑음,교차로 - 교차로안,승용,남,57세,경상,승용,남,30세,경상
2013050500100230,2013년 5월 5일 13시,일요일,강원도 양구군 양구읍,중상사고,0,1,0,0,차대차 - 측면직각충돌,안전운전불이행,건조,맑음,교차로 - 교차로안,이륜,남,71세,상해없음,승용,여,36세,상해없음
2013050500100260,2013년 5월 5일 14시,일요일,강원도 원주시 명륜동,경상사고,0,0,1,0,차대차 - 측면직각충돌,안전운전불이행,건조,맑음,교차로 - 교차로안,승용,여,47세,기타불명,이륜,남,16세,경상
2013050500100330,2013년 5월 5일 16시,일요일,강원도 강릉시 월호평동,경상사고,0,0,3,0,차대차 - 추돌 - 진행중,안전운전불이행,건조,맑음,교차로 - 교차로안,승용,남,50세,상해없음,승용,남,48세,경상
2013050500100376,2013년 5월 5일 17시,일요일,강원도 춘천시 석사동,경상사고,0,0,2,0,차대차 - 추돌 - 주정차중,안전운전불이행,건조,맑음,교차로 - 교차로부근,승용,남,42세,상해없음,승용,여,50세,경상
2013050500100416,2013년 5월 5일 18시,일요일,강원도 강릉시 주문진읍,경상사고,0,0,1,0,차대차 - 측면직각충돌,중앙선침범,건조,맑음,단일로 - 기타,승용,남,44세,상해없음,승용,남,48세,경상
2013050500100450,2013년 5월 5일 19시,일요일,강원도 원주시 단구동,경상사고,0,0,1,0,차대사람 - 보도통행중,안전운전불이행,건조,맑음,교차로 - 교차로안,승용,남,37세,상해없음,보행자,남,41세,경상
2013050500100451,2013년 5월 5일 19시,일요일,강원도 원주시 흥업면,중상사고,0,3,0,0,차대차 - 측면직각충돌,직진우회전진행방해,건조,맑음,교차로 - 교차로안,승용,남,59세,상해없음,승용,여,56세,중상
2013050500100479,2013년 5월 5일 20시,일요일,강원도 춘천시 퇴계동,경상사고,0,0,1,0,차대사람 - 기타,안전운전불이행,건조,맑음,교차로 - 교차로부근,승용,남,53세,상해없음,보행자,남,50세,경상
2013050500100480,2013년 5월 5일 20시,일요일,강원도 강릉시 포남동,중상사고,0,1,1,0,차대차 - 추돌 - 주정차중,안전운전불이행,건조,맑음,교차로 - 교차로부근,화물,남,45세,상해없음,승용,여,56세,중상
2013050500100481,2013년 5월 5일 20시,일요일,강원도 원주시 우산동,중상사고,0,1,0,0,차대차 - 측면직각충돌,신호위반,건조,맑음,교차로 - 교차로안,승용,여,53세,기타불명,이륜,남,17세,중상
2013050500100513,2013년 5월 5일 21시,일요일,강원도 삼척시 당저동,중상사고,0,1,0,0,차대사람 - 기타,안전운전불이행,건조,맑음,단일로 - 기타,승용,남,29세,상해없음,보행자,남,27세,중상
2013050600100049,2013년 5월 6일 05시,월요일,강원도 원주시 단계동,경상사고,0,0,1,0,차대사람 - 기타,안전운전불이행,건조,맑음,단일로 - 기타,승용,여,60세,상해없음,보행자,남,34세,경상
2013050600100109,2013년 5월 6일 08시,월요일,강원도 원주시 일산동,경상사고,0,0,1,0,차대사람 - 길가장자리구역통행중,안전운전불이행,건조,맑음,단일로 - 기타,기타불명,기타불명,기타불명,기타불명,보행자,남,12세,경상
2013050600100146,2013년 5월 6일 09시,월요일,강원도 춘천시 퇴계동,중상사고,0,1,0,0,차대사람 - 횡단중,안전운전불이행,건조,맑음,단일로 - 기타,승합,남,40세,상해없음,보행자,여,43세,중상
2013050600100243,2013년 5월 6일 13시,월요일,강원도 강릉시 주문진읍,중상사고,0,1,3,0,차대차 - 측면직각충돌,안전운전불이행,건조,맑음,교차로 - 교차로안,승용,남,38세,상해없음,승용,여,58세,경상
2013050600100244,2013년 5월 6일 13시,월요일,강원도 삼척시 도계읍,경상사고,0,0,1,0,차대사람 - 횡단중,보행자보호의무위반,건조,맑음,단일로 - 기타,화물,남,56세,상해없음,보행자,남,7세,경상
2013050600100245,2013년 5월 6일 13시,월요일,강원도 영월군 영월읍,중상사고,0,1,0,0,차대차 - 정면충돌,중앙선침범,건조,맑음,단일로 - 기타,화물,남,62세,상해없음,승용,남,46세,중상
2013050600100278,2013년 5월 6일 14시,월요일,강원도 삼척시 도계읍,경상사고,0,0,1,0,차량단독 - 기타,안전운전불이행,건조,맑음,단일로 - 기타,승용,남,32세,상해없음,,,,
2013050600100300,2013년 5월 6일 15시,월요일,강원도 강릉시 옥천동,중상사고,0,1,0,0,차대차 - 추돌 - 진행중,안전운전불이행,건조,맑음,교차로 - 교차로부근,승용,여,42세,상해없음,승용,여,50세,중상
2013050600100301,2013년 5월 6일 15시,월요일,강원도 동해시 동회동,경상사고,0,0,1,0,차대차 - 기타,중앙선침범,건조,맑음,교차로 - 교차로부근,승용,여,51세,상해없음,승용,여,32세,경상
2013050600100342,2013년 5월 6일 16시,월요일,강원도 원주시 무실동,중상사고,0,1,0,0,차대차 - 추돌 - 주정차중,안전운전불이행,건조,맑음,교차로 - 교차로부근,화물,남,43세,상해없음,승용,남,28세,중상
2013050600100343,2013년 5월 6일 16시,월요일,강원도 태백시 백산동,경상사고,0,0,1,0,차대차 - 추돌 - 주정차중,안전거리미확보,건조,맑음,단일로 - 기타,승용,남,26세,상해없음,승용,남,55세,경상
2013050600100370,2013년 5월 6일 17시,월요일,강원도 양양군 양양읍,경상사고,0,0,1,0,차대차 - 측면직각충돌,교차로운행방법위반,건조,맑음,교차로 - 교차로안,승용,여,50세,상해없음,승합,남,75세,경상
2013050600100371,2013년 5월 6일 17시,월요일,강원도 속초시 영랑동,경상사고,0,0,1,0,차대차 - 측면직각충돌,기타,건조,맑음,단일로 - 기타,화물,남,34세,상해없음,승용,여,37세,경상
2013050600100409,2013년 5월 6일 18시,월요일,강원도 원주시 단계동,경상사고,0,0,5,0,차대차 - 추돌 - 진행중,안전거리미확보,건조,맑음,단일로 - 기타,승합,남,37세,상해없음,승용,남,47세,경상
2013050600100410,2013년 5월 6일 18시,월요일,강원도 원주시 흥업면,중상사고,0,1,2,0,차대차 - 측면직각충돌,교차로운행방법위반,건조,맑음,교차로 - 교차로안,승용,여,35세,경상,화물,남,53세,중상
2013050600100438,2013년 5월 6일 19시,월요일,강원도 춘천시 후평동,중상사고,0,1,0,1,차대차 - 측면직각충돌,신호위반,건조,맑음,교차로 - 교차로안,이륜,남,22세,부상신고,승용,남,74세,상해없음
2013050600100439,2013년 5월 6일 19시,월요일,강원도 원주시 단계동,중상사고,0,2,0,0,차대차 - 추돌 - 진행중,신호위반,건조,맑음,교차로 - 교차로안,승용,여,25세,상해없음,화물,남,59세,중상
2013050600100466,2013년 5월 6일 20시,월요일,강원도 강릉시 주문진읍,경상사고,0,0,1,0,차대차 - 기타,안전운전불이행,건조,맑음,단일로 - 기타,승용,남,78세,상해없음,자전거,남,57세,경상
2013050600100500,2013년 5월 6일 21시,월요일,강원도 춘천시 중앙로2가,부상신고사고,0,0,0,1,차대차 - 측면직각충돌,안전운전불이행,건조,맑음,교차로 - 교차로안,승용,기타불명,기타불명,기타불명,승용,남,57세,상해없음
2013050600100501,2013년 5월 6일 21시,월요일,강원도 원주시 문막읍,경상사고,0,0,2,0,차대차 - 추돌 - 진행중,안전운전불이행,건조,맑음,단일로 - 기타,승용,남,50세,경상,승용,여,52세,상해없음
2013050600100502,2013년 5월 6일 21시,월요일,강원도 삼척시 당저동,중상사고,0,1,0,0,차대차 - 측면직각충돌,신호위반,건조,맑음,교차로 - 교차로안,원동기,남,17세,중상,승용,남,28세,상해없음
2013050600100529,2013년 5월 6일 22시,월요일,강원도 원주시 무실동,경상사고,0,0,1,0,차대차 - 측면직각충돌,신호위반,건조,맑음,교차로 - 교차로부근,승합,남,42세,상해없음,자전거,남,16세,경상
2013050700100008,2013년 5월 7일 00시,화요일,강원도 동해시 송정동,경상사고,0,0,2,0,차대차 - 기타,안전운전불이행,건조,맑음,교차로 - 교차로안,승용,남,39세,상해없음,승용,남,40세,경상
2013050700100045,2013년 5월 7일 03시,화요일,강원도 원주시 명륜동,부상신고사고,0,0,0,1,차대차 - 기타,안전거리미확보,건조,맑음,단일로 - 기타,기타불명,기타불명,기타불명,기타불명,승용,남,40세,상해없음
2013050700100085,2013년 5월 7일 07시,화요일,강원도 원주시 단구동,중상사고,0,1,0,0,차대차 - 기타,교차로운행방법위반,건조,맑음,교차로 - 교차로부근,승용,남,58세,상해없음,자전거,남,65세,중상
2013050700100117,2013년 5월 7일 08시,화요일,강원도 춘천시 퇴계동,경상사고,0,0,1,0,차대차 - 측면직각충돌,안전운전불이행,건조,맑음,단일로 - 기타,승용,남,72세,상해없음,화물,남,42세,경상
2013050700100118,2013년 5월 7일 08시,화요일,강원도 원주시 관설동,경상사고,0,0,1,0,차대차 - 측면직각충돌,교차로운행방법위반,건조,맑음,교차로 - 교차로안,승용,남,50세,상해없음,승용,여,40세,경상
2013050700100119,2013년 5월 7일 08시,화요일,강원도 속초시 동명동,경상사고,0,0,3,0,차대차 - 측면직각충돌,교차로운행방법위반,건조,맑음,교차로 - 교차로안,승용,여,52세,상해없음,승용,남,50세,경상
2013050700100206,2013년 5월 7일 11시,화요일,강원도 춘천시 퇴계동,경상사고,0,0,2,0,차대차 - 측면직각충돌,안전거리미확보,건조,맑음,단일로 - 기타,승용,여,31세,상해없음,승용,남,47세,경상
2013050700100207,2013년 5월 7일 11시,화요일,강원도 춘천시 석사동,경상사고,0,0,1,0,차대차 - 추돌 - 진행중,안전운전불이행,건조,맑음,단일로 - 기타,승용,남,56세,상해없음,승용,남,34세,경상
2013050700100208,2013년 5월 7일 11시,화요일,강원도 태백시 황지동,경상사고,0,0,1,0,차대차 - 기타,안전운전불이행,건조,맑음,교차로 - 교차로부근,승용,남,42세,상해없음,승용,여,31세,상해없음
2013050700100252,2013년 5월 7일 13시,화요일,강원도 춘천시 근화동,중상사고,0,1,0,0,차대사람 - 횡단중,안전운전불이행,건조,맑음,단일로 - 기타,승용,여,54세,상해없음,보행자,여,66세,중상
2013050700100253,2013년 5월 7일 13시,화요일,강원도 삼척시 원덕읍,사망사고,1,0,0,0,차량단독 - 공작물충돌,안전운전불이행,건조,맑음,단일로 - 기타,승용,남,34세,사망,,,,
2013050700100370,2013년 5월 7일 17시,화요일,강원도 원주시 관설동,경상사고,0,0,1,0,차대사람 - 길가장자리구역통행중,안전운전불이행,건조,맑음,단일로 - 기타,승용,여,39세,상해없음,보행자,여,51세,경상
2013050700100371,2013년 5월 7일 17시,화요일,강원도 태백시 황지동,경상사고,0,0,1,0,차대차 - 기타,중앙선침범,건조,맑음,교차로 - 교차로부근,승합,여,54세,상해없음,승용,여,31세,경상
2013050700100401,2013년 5월 7일 18시,화요일,강원도 속초시 교동,중상사고,0,1,0,0,차대차 - 측면직각충돌,안전운전불이행,건조,맑음,단일로 - 기타,화물,남,71세,상해없음,자전거,여,55세,중상
2013050700100402,2013년 5월 7일 18시,화요일,강원도 철원군 철원읍,경상사고,0,0,1,0,차대차 - 측면직각충돌,기타,건조,맑음,교차로 - 교차로안,승용,남,54세,상해없음,원동기,여,71세,경상
2013050700100431,2013년 5월 7일 19시,화요일,강원도 원주시 학성동,경상사고,0,0,1,0,차대차 - 측면직각충돌,과속,건조,맑음,교차로 - 교차로안,승용,남,53세,상해없음,원동기,남,74세,경상
2013050700100460,2013년 5월 7일 20시,화요일,강원도 춘천시 서면,경상사고,0,0,1,0,차대차 - 추돌 - 진행중,안전거리미확보,건조,맑음,단일로 - 기타,승용,남,52세,상해없음,농기계,남,70세,경상
2013050700100488,2013년 5월 7일 21시,화요일,강원도 강릉시 옥계면,중상사고,0,1,0,0,차대사람 - 길가장자리구역통행중,안전운전불이행,건조,맑음,단일로 - 기타,승용,남,51세,상해없음,보행자,여,66세,중상
2013050700100517,2013년 5월 7일 22시,화요일,강원도 춘천시 석사동,경상사고,0,0,1,0,차대차 - 측면직각충돌,기타,건조,맑음,단일로 - 기타,승용,남,57세,상해없음,이륜,남,36세,경상
2013050700100518,2013년 5월 7일 22시,화요일,강원도 강릉시 포남동,경상사고,0,0,1,0,차대사람 - 횡단중,안전운전불이행,건조,맑음,단일로 - 횡단보도상,승용,남,38세,상해없음,보행자,여,65세,경상
2013050800100099,2013년 5월 8일 07시,수요일,강원도 춘천시 효자동,경상사고,0,0,1,0,차대차 - 측면직각충돌,기타,건조,맑음,교차로 - 교차로안,승용,여,29세,상해없음,승용,여,39세,경상
2013050800100132,2013년 5월 8일 08시,수요일,강원도 강릉시 내곡동,경상사고,0,0,1,0,차대차 - 측면직각충돌,안전운전불이행,건조,맑음,교차로 - 교차로안,승용,여,40세,기타불명,자전거,남,30세,경상
2013050800100133,2013년 5월 8일 08시,수요일,강원도 원주시 단구동,경상사고,0,0,1,0,차대차 - 기타,신호위반,건조,맑음,교차로 - 교차로안,승용,여,47세,기타불명,자전거,남,12세,경상
2013050800100134,2013년 5월 8일 08시,수요일,강원도 원주시 단계동,중상사고,0,1,0,0,차대차 - 추돌 - 진행중,안전거리미확보,건조,맑음,교차로 - 교차로부근,승용,남,28세,상해없음,승용,여,41세,중상
2013050800100135,2013년 5월 8일 08시,수요일,강원도 속초시 동명동,경상사고,0,0,5,0,차대차 - 측면직각충돌,안전운전불이행,건조,맑음,교차로 - 교차로안,승용,남,72세,상해없음,승용,여,52세,경상
2013050800100136,2013년 5월 8일 08시,수요일,강원도 고성군 죽왕면,경상사고,0,0,1,0,차량단독 - 공작물충돌,안전운전불이행,건조,맑음,단일로 - 기타,화물,남,58세,상해없음,,,,
2013050800100173,2013년 5월 8일 09시,수요일,강원도 태백시 황지동,경상사고,0,0,2,0,차대차 - 추돌 - 진행중,안전거리미확보,건조,맑음,단일로 - 기타,승용,남,58세,상해없음,화물,남,66세,경상
2013050800100252,2013년 5월 8일 12시,수요일,강원도 원주시 행구동,중상사고,0,1,4,0,차대차 - 측면직각충돌,신호위반,건조,맑음,교차로 - 교차로안,승용,남,67세,경상,승용,남,39세,경상
2013050800100273,2013년 5월 8일 13시,수요일,강원도 춘천시 근화동,중상사고,0,1,0,0,차대사람 - 기타,안전운전불이행,건조,맑음,단일로 - 기타,승용,남,54세,상해없음,보행자,남,52세,중상
2013050800100274,2013년 5월 8일 13시,수요일,강원도 원주시 개운동,경상사고,0,0,1,0,차대차 - 측면직각충돌,교차로운행방법위반,건조,맑음,교차로 - 교차로안,자전거,남,11세,경상,승용,남,58세,상해없음
2013050800100342,2013년 5월 8일 15시,수요일,강원도 원주시 단계동,중상사고,0,1,0,0,차대차 - 기타,신호위반,건조,맑음,교차로 - 교차로안,승용,남,74세,상해없음,화물,남,56세,중상
2013050800100409,2013년 5월 8일 17시,수요일,강원도 삼척시 원덕읍,경상사고,0,0,2,0,차대차 - 측면직각충돌,안전운전불이행,건조,맑음,단일로 - 기타,승용,남,69세,상해없음,화물,남,44세,경상
2013050800100585,2013년 5월 8일 21시,수요일,강원도 춘천시 효자동,경상사고,0,0,2,0,차대차 - 기타,교차로운행방법위반,건조,맑음,교차로 - 교차로안,승용,여,50세,상해없음,승합,남,43세,상해없음
2013050800100586,2013년 5월 8일 21시,수요일,강원도 원주시 문막읍,경상사고,0,0,3,0,차대차 - 측면직각충돌,안전운전불이행,건조,맑음,교차로 - 교차로안,승용,남,61세,경상,원동기,남,16세,경상
2013050900100008,2013년 5월 9일 00시,목요일,강원도 원주시 단구동,중상사고,0,3,2,0,차대차 - 기타,안전운전불이행,건조,맑음,교차로 - 교차로부근,승용,남,35세,상해없음,승용,여,28세,경상
2013050900100075,2013년 5월 9일 07시,목요일,강원도 평창군 평창읍,중상사고,0,1,0,0,차대사람 - 횡단중,안전운전불이행,건조,맑음,단일로 - 기타,승합,남,59세,상해없음,보행자,여,48세,중상
2013050900100144,2013년 5월 9일 09시,목요일,강원도 정선군 임계면,중상사고,0,1,0,0,차량단독 - 공작물충돌,안전운전불이행,건조,맑음,기타 - 기타,화물,남,49세,상해없음,,,,
2013050900100217,2013년 5월 9일 12시,목요일,강원도 춘천시 후평동,경상사고,0,0,1,0,차대사람 - 길가장자리구역통행중,기타,기타,맑음,단일로 - 기타,원동기,남,47세,상해없음,보행자,남,21세,경상
2013050900100218,2013년 5월 9일 12시,목요일,강원도 동해시 동회동,경상사고,0,0,1,0,차대사람 - 길가장자리구역통행중,안전운전불이행,건조,맑음,단일로 - 기타,승용,여,55세,상해없음,보행자,여,78세,경상
2013050900100249,2013년 5월 9일 13시,목요일,강원도 영월군 영월읍,경상사고,0,0,1,0,차대차 - 기타,신호위반,건조,맑음,교차로 - 교차로안,승용,여,46세,상해없음,특수,남,54세,경상
2013050900100250,2013년 5월 9일 13시,목요일,강원도 인제군 인제읍,중상사고,0,1,0,0,차량단독 - 공작물충돌,안전운전불이행,건조,맑음,단일로 - 기타,화물,남,45세,상해없음,,,,
2013050900100279,2013년 5월 9일 14시,목요일,강원도 강릉시 주문진읍,경상사고,0,0,1,0,차대차 - 측면직각충돌,안전운전불이행,건조,맑음,교차로 - 교차로안,승용,남,61세,상해없음,이륜,여,63세,경상
2013050900100371,2013년 5월 9일 17시,목요일,강원도 춘천시 소양로1가,부상신고사고,0,0,0,1,차대차 - 측면직각충돌,신호위반,건조,맑음,교차로 - 교차로부근,승용,남,57세,상해없음,자전거,남,17세,부상신고
2013050900100372,2013년 5월 9일 17시,목요일,강원도 태백시 황지동,경상사고,0,0,3,0,차대차 - 측면직각충돌,불법유턴,건조,맑음,단일로 - 기타,승용,여,40세,상해없음,승용,남,54세,경상
2013050900100373,2013년 5월 9일 17시,목요일,강원도 고성군 죽왕면,중상사고,0,1,1,0,차대차 - 기타,안전운전불이행,건조,맑음,단일로 - 기타,이륜,남,57세,경상,화물,남,56세,상해없음
2013050900100407,2013년 5월 9일 18시,목요일,강원도 춘천시 효자동,경상사고,0,0,1,0,차대차 - 측면직각충돌,안전거리미확보,건조,맑음,단일로 - 기타,승용,남,60세,상해없음,승용,남,50세,경상
2013050900100408,2013년 5월 9일 18시,목요일,강원도 원주시 흥업면,경상사고,0,0,1,0,차대차 - 측면직각충돌,신호위반,건조,맑음,교차로 - 교차로안,승용,남,57세,상해없음,승용,남,48세,경상
2013050900100409,2013년 5월 9일 18시,목요일,강원도 원주시 명륜동,경상사고,0,0,1,0,차대차 - 측면직각충돌,교차로운행방법위반,건조,맑음,교차로 - 교차로안,승합,남,58세,상해없음,자전거,남,16세,경상
2013050900100410,2013년 5월 9일 18시,목요일,강원도 원주시 흥업면,경상사고,0,0,1,0,차량단독 - 기타,안전운전불이행,건조,맑음,단일로 - 기타,승합,남,52세,상해없음,,,,
2013050900100455,2013년 5월 9일 19시,목요일,강원도 영월군 영월읍,중상사고,0,1,0,0,차대차 - 정면충돌,중앙선침범,건조,맑음,단일로 - 기타,승용,남,61세,상해없음,승용,여,40세,중상
2013050900100485,2013년 5월 9일 20시,목요일,강원도 춘천시 동내면,중상사고,0,1,0,0,차대차 - 추돌 - 진행중,신호위반,습기,비,교차로 - 교차로안,승용,여,42세,상해없음,승용,여,41세,중상
2013050900100486,2013년 5월 9일 20시,목요일,강원도 고성군 죽왕면,경상사고,0,0,2,0,차대차 - 추돌 - 진행중,안전운전불이행,습기,비,단일로 - 기타,승용,남,44세,상해없음,농기계,남,70세,경상
2013050900100518,2013년 5월 9일 21시,목요일,강원도 춘천시 효자동,경상사고,0,0,1,0,차대차 - 추돌 - 주정차중,안전운전불이행,건조,맑음,교차로 - 교차로부근,화물,남,45세,상해없음,승용,여,24세,경상
2013050900100519,2013년 5월 9일 21시,목요일,강원도 속초시 교동,중상사고,0,1,0,0,차대사람 - 횡단중,안전운전불이행,습기,비,단일로 - 기타,승용,남,54세,상해없음,보행자,남,71세,중상
2013050900100576,2013년 5월 9일 22시,목요일,강원도 강릉시 포남동,경상사고,0,0,2,0,차대차 - 추돌 - 진행중,안전거리미확보,건조,맑음,교차로 - 교차로부근,승용,남,52세,상해없음,화물,남,23세,경상
2013050900100577,2013년 5월 9일 22시,목요일,강원도 홍천군 홍천읍,경상사고,0,0,1,0,차대차 - 기타,신호위반,습기,비,교차로 - 교차로안,승용,남,50세,상해없음,승용,남,29세,경상
2013050900100646,2013년 5월 9일 23시,목요일,강원도 원주시 단계동,경상사고,0,0,1,0,차대사람 - 횡단중,안전운전불이행,습기,비,교차로 - 교차로안,승합,남,25세,상해없음,보행자,남,43세,경상
2013050900100647,2013년 5월 9일 23시,목요일,강원도 원주시 우산동,중상사고,0,1,0,0,차대차 - 정면충돌,중앙선침범,습기,비,단일로 - 기타,승용,남,56세,상해없음,자전거,남,27세,중상
2013051000100024,2013년 5월 10일 00시,금요일,강원도 춘천시 석사동,경상사고,0,0,1,0,차대차 - 측면직각충돌,안전운전불이행,습기,비,교차로 - 교차로부근,기타불명,기타불명,기타불명,기타불명,원동기,남,22세,경상
2013051000100062,2013년 5월 10일 01시,금요일,강원도 원주시 무실동,중상사고,0,1,0,0,차대사람 - 횡단중,안전운전불이행,습기,비,단일로 - 횡단보도부근,승용,남,46세,상해없음,보행자,남,31세,중상
2013051000100095,2013년 5월 10일 02시,금요일,강원도 홍천군 홍천읍,경상사고,0,0,1,0,차대사람 - 횡단중,보행자보호의무위반,습기,비,단일로 - 횡단보도상,기타불명,기타불명,기타불명,기타불명,보행자,남,39세,경상