사고번호,사고일시,요일,시군구,사고내용,사망자수,중상자수,경상자수,부상신고자수,사고유형,법규위반,노면상태,기상상태,도로형태,가해운전자 차종,가해운전자 성별,가해운전자 연령,가해운전자 상해정도,피해운전자 차종,피해운전자 성별,피해운전자 연령,피해운전자 상해정도
2013051000100114,2013년 5월 10일 03시,금요일,강원도 원주시 학성동,경상사고,0,0,1,0,차대차 - 정면충돌,중앙선침범,습기,비,단일로 - 기타,승용,남,31세,상해없음,승합,남,43세,경상
2013051000100155,2013년 5월 10일 05시,금요일,강원도 원주시 개운동,경상사고,0,0,1,0,차대차 - 측면직각충돌,교차로운행방법위반,습기,비,교차로 - 교차로안,승용,남,48세,상해없음,승용,여,39세,경상
2013051000100156,2013년 5월 10일 05시,금요일,강원도 원주시 판부면,중상사고,0,3,0,0,차량단독 - 공작물충돌,안전운전불이행,습기,비,기타 - 기타,승용,남,44세,중상,,,,
2013051000100171,2013년 5월 10일 06시,금요일,강원도 춘천시 효자동,경상사고,0,0,6,0,차대차 - 측면직각충돌,안전거리미확보,건조,맑음,단일로 - 기타,승합,남,57세,경상,승용,남,35세,경상
2013051000100227,2013년 5월 10일 08시,금요일,강원도 철원군 김화읍,중상사고,0,1,0,0,차대차 - 측면직각충돌,신호위반,습기,비,교차로 - 교차로안,승용,남,57세,상해없음,화물,남,44세,중상
2013051000100271,2013년 5월 10일 09시,금요일,강원도 춘천시 칠전동,경상사고,0,0,1,0,차대차 - 측면직각충돌,신호위반,습기,비,교차로 - 교차로안,화물,남,73세,상해없음,승용,남,54세,경상
2013051000100272,2013년 5월 10일 09시,금요일,강원도 강릉시 포남동,경상사고,0,0,1,0,차대차 - 측면직각충돌,안전운전불이행,습기,흐림,교차로 - 교차로안,승용,남,47세,상해없음,화물,남,34세,경상
2013051000100273,2013년 5월 10일 09시,금요일,강원도 양양군 강현면,사망사고,1,1,3,0,차대차 - 측면직각충돌,중앙선침범,습기,비,교차로 - 교차로부근,승용,남,52세,사망,승합,남,52세,경상
2013051000100313,2013년 5월 10일 10시,금요일,강원도 강릉시 교동,경상사고,0,0,2,0,차대차 - 측면직각충돌,안전운전불이행,건조,맑음,교차로 - 교차로안,승용,남,32세,상해없음,승용,남,56세,경상
2013051000100314,2013년 5월 10일 10시,금요일,강원도 홍천군 홍천읍,중상사고,0,1,0,0,차대사람 - 기타,안전운전불이행,결빙,비,단일로 - 기타,화물,남,64세,상해없음,보행자,남,76세,중상
2013051000100349,2013년 5월 10일 12시,금요일,강원도 속초시 금호동,경상사고,0,0,1,0,차대사람 - 횡단중,안전운전불이행,건조,흐림,단일로 - 기타,승용,남,50세,상해없음,보행자,여,70세,경상
2013051000100420,2013년 5월 10일 15시,금요일,강원도 춘천시 후평동,중상사고,0,1,0,0,차대사람 - 기타,기타,건조,맑음,단일로 - 기타,승용,여,49세,상해없음,보행자,남,73세,중상
2013051000100421,2013년 5월 10일 15시,금요일,강원도 원주시 학성동,경상사고,0,0,1,0,차대차 - 측면직각충돌,신호위반,건조,맑음,교차로 - 교차로안,승용,남,44세,상해없음,승용,남,41세,경상
2013051000100454,2013년 5월 10일 16시,금요일,강원도 원주시 소초면,중상사고,0,1,3,0,차대차 - 추돌 - 주정차중,안전거리미확보,건조,맑음,교차로 - 교차로부근,화물,남,45세,상해없음,화물,남,45세,경상
2013051000100523,2013년 5월 10일 18시,금요일,강원도 춘천시 효자동,경상사고,0,0,4,0,차대차 - 추돌 - 주정차중,안전거리미확보,건조,맑음,단일로 - 기타,승용,남,37세,상해없음,화물,남,29세,경상
2013051000100524,2013년 5월 10일 18시,금요일,강원도 원주시 원동,경상사고,0,0,1,0,차대사람 - 기타,안전운전불이행,건조,맑음,단일로 - 기타,승합,남,41세,상해없음,보행자,남,43세,경상
2013051000100525,2013년 5월 10일 18시,금요일,강원도 홍천군 홍천읍,중상사고,0,1,0,0,차대차 - 측면직각충돌,교차로운행방법위반,건조,맑음,교차로 - 교차로안,승용,여,28세,상해없음,자전거,남,67세,중상
2013051000100568,2013년 5월 10일 19시,금요일,강원도 원주시 단구동,경상사고,0,0,3,0,차대차 - 추돌 - 진행중,안전거리미확보,건조,맑음,교차로 - 교차로부근,이륜,남,16세,상해없음,승용,여,53세,상해없음
2013051000100569,2013년 5월 10일 19시,금요일,강원도 원주시 단계동,경상사고,0,0,1,0,차대사람 - 기타,안전운전불이행,건조,맑음,단일로 - 기타,승용,여,49세,상해없음,보행자,남,46세,경상
2013051000100607,2013년 5월 10일 20시,금요일,강원도 춘천시 효자동,중상사고,0,1,0,0,차대사람 - 횡단중,보행자보호의무위반,건조,흐림,단일로 - 횡단보도상,승용,남,58세,상해없음,보행자,여,44세,중상
2013051000100608,2013년 5월 10일 20시,금요일,강원도 원주시 단구동,중상사고,0,1,0,0,차대차 - 측면직각충돌,안전운전불이행,건조,맑음,단일로 - 기타,이륜,남,18세,중상,승용,남,53세,상해없음
2013051100100020,2013년 5월 11일 00시,토요일,강원도 강릉시 옥천동,중상사고,0,1,2,0,차대차 - 추돌 - 주정차중,안전운전불이행,건조,맑음,단일로 - 기타,승용,여,50세,상해없음,승용,남,32세,경상
2013051100100072,2013년 5월 11일 02시,토요일,강원도 강릉시 교동,경상사고,0,0,1,0,차대차 - 기타,안전운전불이행,건조,맑음,단일로 - 기타,화물,남,42세,상해없음,승합,남,57세,상해없음
2013051100100073,2013년 5월 11일 02시,토요일,강원도 원주시 우산동,경상사고,0,0,1,0,차대차 - 기타,신호위반,건조,맑음,교차로 - 교차로안,승용,남,35세,상해없음,승용,남,31세,경상
2013051100100137,2013년 5월 11일 05시,토요일,강원도 강릉시 포남동,중상사고,0,1,1,0,차대차 - 정면충돌,신호위반,건조,맑음,교차로 - 교차로안,승용,남,25세,상해없음,승합,남,60세,경상
2013051100100138,2013년 5월 11일 05시,토요일,강원도 원주시 무실동,중상사고,0,1,1,0,차대차 - 측면직각충돌,신호위반,건조,맑음,교차로 - 교차로안,승용,남,21세,상해없음,화물,남,51세,경상
2013051100100195,2013년 5월 11일 08시,토요일,강원도 강릉시 노암동,경상사고,0,0,1,0,차대차 - 측면직각충돌,안전운전불이행,건조,맑음,교차로 - 교차로안,승용,남,42세,상해없음,승용,남,59세,경상
2013051100100218,2013년 5월 11일 09시,토요일,강원도 춘천시 효자동,중상사고,0,1,0,0,차대사람 - 횡단중,안전운전불이행,건조,맑음,단일로 - 기타,승용,남,69세,상해없음,보행자,남,64세,중상
2013051100100244,2013년 5월 11일 10시,토요일,강원도 정선군 정선읍,경상사고,0,0,1,0,차대사람 - 보도통행중,보행자보호의무위반,건조,맑음,단일로 - 횡단보도상,승용,남,29세,상해없음,보행자,남,8세,경상
2013051100100276,2013년 5월 11일 11시,토요일,강원도 원주시 일산동,중상사고,0,1,0,0,차대차 - 측면직각충돌,직진우회전진행방해,건조,맑음,교차로 - 교차로안,승용,남,54세,상해없음,이륜,남,81세,중상
2013051100100319,2013년 5월 11일 12시,토요일,강원도 춘천시 근화동,중상사고,0,1,0,0,차대차 - 측면직각충돌,안전운전불이행,건조,맑음,단일로 - 기타,자전거,남,90세 이상,중상,승용,여,90세 이상,상해없음
2013051100100320,2013년 5월 11일 12시,토요일,강원도 속초시 금호동,경상사고,0,0,1,0,차대차 - 측면직각충돌,안전운전불이행,건조,맑음,단일로 - 기타,승용,남,51세,상해없음,이륜,남,49세,경상
2013051100100321,2013년 5월 11일 12시,토요일,강원도 홍천군 홍천읍,경상사고,0,0,1,0,차대차 - 기타,안전운전불이행,건조,맑음,교차로 - 교차로부근,승용,남,31세,상해없음,승용,남,38세,경상
2013051100100394,2013년 5월 11일 14시,토요일,강원도 춘천시 남산면,경상사고,0,0,1,0,차량단독 - 공작물충돌,안전운전불이행,건조,맑음,단일로 - 기타,이륜,여,23세,상해없음,,,,
2013051100100395,2013년 5월 11일 14시,토요일,강원도 강릉시 옥천동,중상사고,0,1,5,0,차대차 - 정면충돌,중앙선침범,건조,맑음,교차로 - 교차로부근,승용,남,30세,상해없음,승합,남,39세,경상
2013051100100396,2013년 5월 11일 14시,토요일,강원도 동해시 천곡동,경상사고,0,0,1,0,차대사람 - 횡단중,보행자보호의무위반,건조,맑음,단일로 - 횡단보도상,승용,남,71세,상해없음,보행자,여,27세,경상
2013051100100397,2013년 5월 11일 14시,토요일,강원도 동해시 천곡동,중상사고,0,1,0,0,차대사람 - 횡단중,안전운전불이행,건조,맑음,단일로 - 기타,이륜,남,38세,상해없음,보행자,남,11세,중상
2013051100100425,2013년 5월 11일 15시,토요일,강원도 춘천시 효자동,경상사고,0,0,1,0,차대차 - 추돌 - 주정차중,안전운전불이행,건조,맑음,단일로 - 기타,승용,남,64세,상해없음,승용,여,30세,상해없음
2013051100100426,2013년 5월 11일 15시,토요일,강원도 평창군 진부면,경상사고,0,0,1,0,차대차 - 정면충돌,중앙선침범,건조,맑음,단일로 - 기타,승합,남,53세,상해없음,원동기,남,43세,경상
2013051100100450,2013년 5월 11일 16시,토요일,강원도 속초시 중앙동,경상사고,0,0,1,0,차대차 - 측면직각충돌,교차로운행방법위반,건조,맑음,교차로 - 교차로안,화물,남,53세,상해없음,승용,남,61세,경상
2013051100100451,2013년 5월 11일 16시,토요일,강원도 영월군 상동읍,중상사고,0,1,0,0,차대차 - 측면직각충돌,안전운전불이행,건조,맑음,단일로 - 기타,건설기계,남,40세,상해없음,화물,남,46세,중상
2013051100100452,2013년 5월 11일 16시,토요일,강원도 홍천군 홍천읍,경상사고,0,0,1,0,차대사람 - 기타,보행자보호의무위반,건조,맑음,교차로 - 교차로안,승용,여,30세,상해없음,보행자,여,76세,경상
2013051100100495,2013년 5월 11일 17시,토요일,강원도 춘천시 효자동,경상사고,0,0,1,0,차대사람 - 기타,안전운전불이행,건조,맑음,단일로 - 기타,승용,남,27세,상해없음,보행자,여,57세,경상
2013051100100496,2013년 5월 11일 17시,토요일,강원도 철원군 서면,중상사고,0,1,0,0,차대차 - 측면직각충돌,교차로운행방법위반,건조,맑음,교차로 - 교차로안,승용,남,24세,상해없음,이륜,여,61세,중상
2013051100100539,2013년 5월 11일 18시,토요일,강원도 춘천시 석사동,경상사고,0,0,1,0,차대사람 - 횡단중,안전운전불이행,건조,맑음,교차로 - 교차로부근,승용,여,28세,상해없음,보행자,남,14세,경상
2013051100100540,2013년 5월 11일 18시,토요일,강원도 원주시 태장동,경상사고,0,0,1,0,차대차 - 측면직각충돌,교차로운행방법위반,건조,맑음,교차로 - 교차로안,승용,남,49세,상해없음,자전거,남,10세,경상
2013051100100567,2013년 5월 11일 19시,토요일,강원도 태백시 문곡동,중상사고,0,1,0,0,차대차 - 측면직각충돌,안전거리미확보,건조,맑음,단일로 - 기타,화물,남,63세,상해없음,승용,남,62세,상해없음
2013051100100603,2013년 5월 11일 20시,토요일,강원도 춘천시 퇴계동,중상사고,0,1,0,0,차대차 - 기타,신호위반,건조,맑음,교차로 - 교차로안,승용,남,29세,상해없음,승용,남,40세,상해없음
2013051100100604,2013년 5월 11일 20시,토요일,강원도 홍천군 홍천읍,중상사고,0,1,0,0,차대사람 - 기타,안전운전불이행,건조,맑음,단일로 - 횡단보도상,승용,남,55세,상해없음,보행자,여,70세,중상
2013051100100605,2013년 5월 11일 20시,토요일,강원도 홍천군 두촌면,중상사고,0,1,0,0,차대차 - 기타,과속,건조,흐림,기타 - 기타,화물,남,45세,상해없음,이륜,남,57세,중상
2013051100100644,2013년 5월 11일 21시,토요일,강원도 춘천시 후평동,경상사고,0,0,1,0,차대사람 - 횡단중,보행자보호의무위반,건조,맑음,단일로 - 기타,승용,남,42세,상해없음,보행자,여,33세,경상
2013051100100645,2013년 5월 11일 21시,토요일,강원도 양양군 양양읍,중상사고,0,1,0,0,차대사람 - 횡단중,안전운전불이행,건조,맑음,단일로 - 기타,승용,여,63세,상해없음,보행자,여,57세,중상
2013051100100646,2013년 5월 11일 21시,토요일,강원도 횡성군 공근면,경상사고,0,0,1,0,차대차 - 추돌 - 주정차중,안전운전불이행,건조,맑음,단일로 - 기타,화물,남,32세,상해없음,승용,남,57세,경상
2013051100100702,2013년 5월 11일 23시,토요일,강원도 춘천시 동내면,중상사고,0,4,0,0,차대차 - 측면직각충돌,중앙선침범,건조,맑음,단일로 - 기타,승용,남,38세,중상,승용,여,57세,중상
2013051200100063,2013년 5월 12일 03시,일요일,강원도 춘천시 근화동,중상사고,0,2,0,0,차대차 - 측면직각충돌,안전운전불이행,건조,맑음,단일로 - 기타,승용,남,20세,상해없음,승용,남,34세,중상
2013051200100104,2013년 5월 12일 07시,일요일,강원도 강릉시 구정면,사망사고,1,0,1,0,차대차 - 추돌 - 주정차중,안전운전불이행,건조,맑음,단일로 - 기타,화물,남,57세,사망,승용,남,65세,경상
2013051200100182,2013년 5월 12일 12시,일요일,강원도 영월군 한반도면,중상사고,0,2,0,0,차대차 - 측면직각충돌,안전거리미확보,건조,맑음,단일로 - 기타,특수,남,40세,상해없음,승용,남,59세,중상
2013051200100197,2013년 5월 12일 13시,일요일,강원도 평창군 용평면,경상사고,0,0,1,0,차대차 - 측면직각충돌,안전운전불이행,건조,맑음,단일로 - 기타,화물,남,56세,상해없음,원동기,남,37세,경상
2013051200100223,2013년 5월 12일 14시,일요일,강원도 춘천시 낙원동,중상사고,0,1,1,0,차대차 - 기타,안전운전불이행,건조,맑음,단일로 - 기타,승용,남,30세,상해없음,승용,남,57세,중상
2013051200100224,2013년 5월 12일 14시,일요일,강원도 속초시 교동,중상사고,0,1,0,0,차대차 - 측면직각충돌,교차로운행방법위반,건조,맑음,교차로 - 교차로안,승용,남,53세,상해없음,원동기,남,49세,중상
2013051200100260,2013년 5월 12일 15시,일요일,강원도 정선군 임계면,부상신고사고,0,0,0,1,차대차 - 기타,중앙선침범,건조,맑음,기타 - 기타,농기계,남,62세,상해없음,승용,남,28세,상해없음
2013051200100297,2013년 5월 12일 16시,일요일,강원도 홍천군 두촌면,중상사고,0,1,0,0,차대차 - 기타,안전운전불이행,건조,맑음,단일로 - 기타,승용,남,26세,상해없음,승용,남,57세,중상
2013051200100333,2013년 5월 12일 17시,일요일,강원도 양구군 남면,중상사고,0,2,1,0,차량단독 - 도로외이탈 - 추락,안전운전불이행,건조,맑음,단일로 - 기타,승용,남,21세,상해없음,,,,
2013051200100363,2013년 5월 12일 18시,일요일,강원도 춘천시 신동,경상사고,0,0,1,0,차대차 - 측면직각충돌,안전운전불이행,건조,맑음,교차로 - 교차로안,승용,남,47세,상해없음,승용,여,47세,경상
2013051200100364,2013년 5월 12일 18시,일요일,강원도 원주시 명륜동,중상사고,0,1,1,0,차대차 - 추돌 - 진행중,차로위반,건조,맑음,교차로 - 교차로안,기타불명,기타불명,기타불명,기타불명,승용,남,22세,상해없음
2013051200100407,2013년 5월 12일 19시,일요일,강원도 춘천시 후평동,경상사고,0,0,1,0,차대차 - 측면직각충돌,중앙선침범,건조,맑음,교차로 - 교차로부근,승용,여,37세,상해없음,승용,여,60세,상해없음
2013051200100455,2013년 5월 12일 20시,일요일,강원도 춘천시 후평동,경상사고,0,0,4,0,차대차 - 추돌 - 주정차중,안전운전불이행,건조,맑음,교차로 - 교차로부근,승합,남,46세,상해없음,승용,남,26세,경상
2013051200100456,2013년 5월 12일 20시,일요일,강원도 속초시 조양동,경상사고,0,0,1,0,차대차 - 측면직각충돌,안전운전불이행,건조,맑음,교차로 - 교차로부근,승용,여,49세,상해없음,승합,남,46세,상해없음
2013051200100457,2013년 5월 12일 20시,일요일,강원도 홍천군 서면,중상사고,0,1,0,0,차량단독 - 기타,안전운전불이행,건조,맑음,기타 - 기타,승합,남,49세,상해없음,,,,
2013051200100529,2013년 5월 12일 22시,일요일,강원도 춘천시 중앙로3가,부상신고사고,0,0,0,1,차대차 - 측면직각충돌,안전운전불이행,건조,맑음,단일로 - 기타,이륜,남,19세,상해없음,화물,남,40세,상해없음
2013051200100530,2013년 5월 12일 22시,일요일,강원도 강릉시 포남동,경상사고,0,0,1,0,차대차 - 기타,신호위반,건조,맑음,교차로 - 교차로안,승용,남,37세,상해없음,원동기,남,29세,경상
2013051300100127,2013년 5월 13일 09시,월요일,강원도 춘천시 온의동,경상사고,0,0,1,0,차대차 - 추돌 - 주정차중,안전운전불이행,건조,맑음,교차로 - 교차로부근,승용,여,30세,상해없음,승용,여,54세,경상
2013051300100159,2013년 5월 13일 10시,월요일,강원도 원주시 문막읍,경상사고,0,0,1,0,차대차 - 추돌 - 주정차중,불법유턴,건조,맑음,단일로 - 기타,승용,남,63세,상해없음,승용,여,55세,경상
2013051300100160,2013년 5월 13일 10시,월요일,강원도 철원군 근남면,중상사고,0,2,0,0,차대차 - 측면직각충돌,교차로운행방법위반,건조,맑음,교차로 - 교차로안,화물,남,45세,중상,승용,남,41세,중상
2013051300100194,2013년 5월 13일 11시,월요일,강원도 춘천시 석사동,중상사고,0,1,1,0,차대차 - 측면직각충돌,안전운전불이행,건조,맑음,교차로 - 교차로부근,승용,남,48세,상해없음,화물,남,25세,중상
2013051300100261,2013년 5월 13일 13시,월요일,강원도 춘천시 신동면,경상사고,0,0,1,0,차대사람 - 기타,안전운전불이행,건조,맑음,단일로 - 기타,승합,남,58세,상해없음,보행자,남,69세,경상
2013051300100262,2013년 5월 13일 13시,월요일,강원도 강릉시 성내동,경상사고,0,0,1,0,차대차 - 측면직각충돌,교차로운행방법위반,건조,맑음,교차로 - 교차로안,승용,여,59세,상해없음,승용,남,50세,경상
2013051300100263,2013년 5월 13일 13시,월요일,강원도 홍천군 홍천읍,경상사고,0,0,1,0,차대사람 - 횡단중,신호위반,건조,맑음,단일로 - 횡단보도상,승합,남,61세,상해없음,보행자,남,6세,경상
2013051300100300,2013년 5월 13일 14시,월요일,강원도 춘천시 중앙로2가,경상사고,0,0,2,0,차대차 - 측면직각충돌,신호위반,건조,맑음,교차로 - 교차로안,승용,남,66세,상해없음,승용,남,47세,경상
2013051300100301,2013년 5월 13일 14시,월요일,강원도 원주시 흥업면,경상사고,0,0,1,0,차대차 - 측면직각충돌,직진우회전진행방해,건조,맑음,단일로 - 기타,화물,남,21세,상해없음,승합,남,63세,상해없음
2013051300100332,2013년 5월 13일 15시,월요일,강원도 홍천군 홍천읍,경상사고,0,0,1,0,차대사람 - 차도통행중,안전운전불이행,건조,맑음,단일로 - 기타,기타불명,기타불명,기타불명,기타불명,보행자,남,48세,경상
2013051300100377,2013년 5월 13일 16시,월요일,강원도 강릉시 성산면,경상사고,0,0,1,0,차대차 - 측면직각충돌,안전운전불이행,건조,맑음,단일로 - 기타,승용,여,56세,상해없음,원동기,남,76세,경상
2013051300100378,2013년 5월 13일 16시,월요일,강원도 원주시 흥업면,중상사고,0,4,0,0,차대사람 - 기타,안전운전불이행,건조,맑음,기타 - 기타,화물,남,24세,상해없음,보행자,여,21세,중상
2013051300100411,2013년 5월 13일 17시,월요일,강원도 춘천시 소양로3가,경상사고,0,0,1,0,차대차 - 측면직각충돌,중앙선침범,건조,맑음,교차로 - 교차로부근,승용,남,55세,상해없음,승용,남,55세,경상
2013051300100412,2013년 5월 13일 17시,월요일,강원도 춘천시 후평동,경상사고,0,0,1,0,차대사람 - 기타,안전운전불이행,건조,맑음,단일로 - 횡단보도상,원동기,남,55세,상해없음,보행자,여,48세,경상
2013051300100413,2013년 5월 13일 17시,월요일,강원도 원주시 태장동,경상사고,0,0,1,0,차대사람 - 기타,기타,건조,맑음,단일로 - 기타,승합,남,54세,상해없음,보행자,남,4세,경상
2013051300100488,2013년 5월 13일 19시,월요일,강원도 강릉시 옥천동,경상사고,0,0,1,0,차대차 - 측면직각충돌,안전운전불이행,건조,맑음,단일로 - 기타,승용,남,59세,상해없음,원동기,남,59세,경상
2013051300100516,2013년 5월 13일 20시,월요일,강원도 춘천시 석사동,경상사고,0,0,1,0,차대차 - 기타,안전운전불이행,건조,맑음,단일로 - 기타,승용,남,40세,상해없음,승용,남,55세,경상
2013051300100517,2013년 5월 13일 20시,월요일,강원도 춘천시 효자동,경상사고,0,0,2,0,차대차 - 측면직각충돌,기타,건조,맑음,교차로 - 교차로안,승용,남,59세,상해없음,승용,여,50세,경상
2013051300100547,2013년 5월 13일 21시,월요일,강원도 강릉시 내곡동,경상사고,0,0,1,0,차대차 - 추돌 - 진행중,안전운전불이행,건조,맑음,교차로 - 교차로부근,승용,여,38세,상해없음,승용,여,47세,경상
2013051300100608,2013년 5월 13일 23시,월요일,강원도 춘천시 효자동,부상신고사고,0,0,0,1,차대차 - 추돌 - 진행중,안전거리미확보,건조,맑음,단일로 - 기타,승용,남,23세,상해없음,원동기,남,46세,부상신고
2013051400100076,2013년 5월 14일 05시,화요일,강원도 원주시 평원동,중상사고,0,1,0,0,차대사람 - 기타,안전운전불이행,건조,맑음,기타 - 기타,화물,여,61세,상해없음,보행자,여,49세,중상
2013051400100085,2013년 5월 14일 06시,화요일,강원도 강릉시 주문진읍,중상사고,0,1,0,0,차대사람 - 기타,안전운전불이행,건조,맑음,단일로 - 기타,화물,남,45세,상해없음,보행자,여,53세,중상
2013051400100086,2013년 5월 14일 06시,화요일,강원도 동해시 천곡동,사망사고,1,0,1,0,차대차 - 기타,중앙선침범,건조,흐림,단일로 - 기타,승용,남,23세,사망,승합,남,52세,경상
2013051400100141,2013년 5월 14일 08시,화요일,강원도 춘천시 신동면,중상사고,0,1,1,0,차대차 - 추돌 - 진행중,직진우회전진행방해,건조,맑음,교차로 - 교차로안,화물,남,45세,상해없음,승용,남,35세,경상
2013051400100174,2013년 5월 14일 09시,화요일,강원도 속초시 교동,중상사고,0,1,0,0,차대차 - 측면직각충돌,직진우회전진행방해,건조,흐림,교차로 - 교차로안,화물,남,33세,상해없음,원동기,남,72세,중상
2013051400100271,2013년 5월 14일 13시,화요일,강원도 춘천시 근화동,경상사고,0,0,1,0,차대차 - 측면직각충돌,신호위반,건조,맑음,교차로 - 교차로안,승용,남,34세,상해없음,승용,남,68세,경상
2013051400100340,2013년 5월 14일 15시,화요일,강원도 속초시 교동,경상사고,0,0,1,0,차대사람 - 차도통행중,안전운전불이행,건조,맑음,단일로 - 기타,승용,여,43세,상해없음,보행자,여,5세,경상
2013051400100341,2013년 5월 14일 15시,화요일,강원도 정선군 정선읍,중상사고,0,1,0,0,차대차 - 기타,직진우회전진행방해,건조,맑음,교차로 - 교차로부근,승합,여,53세,상해없음,승용,여,45세,중상
2013051400100388,2013년 5월 14일 16시,화요일,강원도 평창군 진부면,중상사고,0,1,0,0,차대차 - 추돌 - 주정차중,안전운전불이행,건조,맑음,단일로 - 기타,승용,남,68세,상해없음,승용,남,48세,중상
2013051400100426,2013년 5월 14일 17시,화요일,강원도 춘천시 효자동,부상신고사고,0,0,0,1,차대차 - 측면직각충돌,신호위반,건조,맑음,교차로 - 교차로안,승용,여,53세,상해없음,승용,남,53세,부상신고
2013051400100465,2013년 5월 14일 18시,화요일,강원도 원주시 우산동,경상사고,0,0,1,0,차대차 - 기타,중앙선침범,건조,맑음,단일로 - 기타,승용,여,35세,상해없음,이륜,남,18세,경상
2013051400100466,2013년 5월 14일 18시,화요일,강원도 속초시 조양동,경상사고,0,0,2,0,차대차 - 추돌 - 진행중,교차로운행방법위반,건조,맑음,교차로 - 교차로안,화물,남,44세,상해없음,승용,남,49세,경상
2013051400100467,2013년 5월 14일 18시,화요일,강원도 동해시 평릉동,중상사고,0,1,0,0,차대차 - 기타,신호위반,건조,맑음,교차로 - 교차로안,승용,여,48세,상해없음,이륜,남,44세,중상
2013051400100505,2013년 5월 14일 19시,화요일,강원도 동해시 효가동,경상사고,0,0,1,0,차대차 - 추돌 - 주정차중,안전운전불이행,건조,맑음,교차로 - 교차로부근,승용,남,41세,상해없음,승용,남,53세,경상
2013051400100506,2013년 5월 14일 19시,화요일,강원도 동해시 부곡동,경상사고,0,0,1,0,차대사람 - 기타,안전운전불이행,건조,맑음,단일로 - 기타,승용,여,35세,상해없음,보행자,여,16세,경상
2013051400100586,2013년 5월 14일 21시,화요일,강원도 강릉시 홍제동,경상사고,0,0,2,0,차대차 - 측면직각충돌,신호위반,건조,맑음,교차로 - 교차로안,화물,남,56세,경상,승용,남,48세,경상
2013051400100610,2013년 5월 14일 22시,화요일,강원도 홍천군 홍천읍,중상사고,0,1,0,0,차대사람 - 기타,안전운전불이행,건조,흐림,기타 - 기타,승용,남,50세,상해없음,보행자,여,48세,중상
2013051400100611,2013년 5월 14일 22시,화요일,강원도 동해시 구미동,중상사고,0,1,2,0,차대차 - 추돌 - 주정차중,안전거리미확보,건조,맑음,교차로 - 교차로부근,화물,남,55세,상해없음,승용,여,42세,경상
2013051400100645,2013년 5월 14일 23시,화요일,강원도 원주시 개운동,경상사고,0,0,2,0,차대차 - 추돌 - 주정차중,안전운전불이행,건조,맑음,교차로 - 교차로부근,승합,남,46세,상해없음,화물,남,24세,경상
2013051500100069,2013년 5월 15일 05시,수요일,강원도 강릉시 주문진읍,중상사고,0,1,0,0,차대사람 - 기타,불법유턴,건조,맑음,기타 - 기타,승용,남,61세,상해없음,보행자,여,81세,중상
2013051500100079,2013년 5월 15일 06시,수요일,강원도 강릉시 임당동,경상사고,0,0,2,0,차대차 - 측면직각충돌,안전운전불이행,건조,맑음,교차로 - 교차로안,승용,남,19세,상해없음,화물,남,53세,경상
2013051500100125,2013년 5월 15일 08시,수요일,강원도 춘천시 석사동,중상사고,0,1,0,0,차대차 - 측면직각충돌,안전운전불이행,건조,맑음,단일로 - 기타,승용,여,52세,상해없음,자전거,남,15세,중상
2013051500100126,2013년 5월 15일 08시,수요일,강원도 횡성군 우천면,경상사고,0,0,1,0,차대차 - 정면충돌,중앙선침범,건조,맑음,단일로 - 기타,승용,여,26세,상해없음,승용,남,38세,경상
2013051500100160,2013년 5월 15일 09시,수요일,강원도 강릉시 옥계면,중상사고,0,1,0,0,차대차 - 측면직각충돌,안전운전불이행,건조,맑음,단일로 - 기타,화물,남,47세,상해없음,이륜,남,77세,중상
2013051500100161,2013년 5월 15일 09시,수요일,강원도 태백시 통동,중상사고,0,1,1,0,차대사람 - 길가장자리구역통행중,안전운전불이행,건조,맑음,단일로 - 기타,승용,여,53세,상해없음,보행자,여,68세,중상
2013051500100242,2013년 5월 15일 12시,수요일,강원도 강릉시 강동면,경상사고,0,0,1,0,차대차 - 측면직각충돌,안전운전불이행,건조,맑음,교차로 - 교차로안,화물,남,70세,기타불명,화물,여,28세,경상
2013051500100243,2013년 5월 15일 12시,수요일,강원도 원주시 소초면,중상사고,0,2,0,0,차대차 - 추돌 - 주정차중,기타,건조,맑음,교차로 - 교차로부근,화물,남,45세,상해없음,승용,남,43세,중상
2013051500100244,2013년 5월 15일 12시,수요일,강원도 속초시 동명동,경상사고,0,0,3,0,차대차 - 추돌 - 주정차중,안전운전불이행,건조,맑음,단일로 - 교량,승합,남,47세,상해없음,화물,남,59세,경상
2013051500100245,2013년 5월 15일 12시,수요일,강원도 영월군 주천면,경상사고,0,0,1,0,차대차 - 기타,안전운전불이행,건조,맑음,교차로 - 교차로안,화물,남,56세,상해없음,이륜,남,49세,경상
2013051500100268,2013년 5월 15일 13시,수요일,강원도 강릉시 성남동,중상사고,0,1,0,0,차대차 - 측면직각충돌,안전운전불이행,건조,맑음,교차로 - 교차로안,승용,여,24세,상해없음,자전거,남,61세,중상
2013051500100269,2013년 5월 15일 13시,수요일,강원도 속초시 노학동,경상사고,0,0,1,0,차대차 - 측면직각충돌,교차로운행방법위반,건조,맑음,교차로 - 교차로안,승용,남,82세,상해없음,화물,남,28세,경상
2013051500100270,2013년 5월 15일 13시,수요일,강원도 속초시 교동,경상사고,0,0,1,0,차대사람 - 보도통행중,안전운전불이행,건조,흐림,기타 - 기타,승용,남,68세,상해없음,보행자,여,13세,경상