사고번호,사고일시,요일,시군구,사고내용,사망자수,중상자수,경상자수,부상신고자수,사고유형,법규위반,노면상태,기상상태,도로형태,가해운전자 차종,가해운전자 성별,가해운전자 연령,가해운전자 상해정도,피해운전자 차종,피해운전자 성별,피해운전자 연령,피해운전자 상해정도
2013051500100299,2013년 5월 15일 14시,수요일,강원도 원주시 관설동,경상사고,0,0,1,0,차대사람 - 길가장자리구역통행중,보행자보호의무위반,건조,맑음,교차로 - 교차로부근,승합,남,60세,상해없음,보행자,남,6세,경상
2013051500100332,2013년 5월 15일 15시,수요일,강원도 삼척시 하장면,중상사고,0,3,0,0,차대차 - 추돌 - 진행중,안전거리미확보,건조,맑음,교차로 - 교차로부근,건설기계,남,39세,상해없음,건설기계,남,36세,상해없음
2013051500100384,2013년 5월 15일 16시,수요일,강원도 삼척시 정상동,중상사고,0,2,3,0,차대차 - 측면직각충돌,안전운전불이행,건조,맑음,단일로 - 기타,건설기계,남,51세,상해없음,승용,여,34세,경상
2013051500100428,2013년 5월 15일 17시,수요일,강원도 철원군 동송읍,중상사고,0,2,0,0,차량단독 - 전도전복,안전운전불이행,건조,맑음,단일로 - 기타,승용,남,44세,상해없음,,,,
2013051500100551,2013년 5월 15일 20시,수요일,강원도 원주시 우산동,경상사고,0,0,2,0,차대차 - 측면직각충돌,중앙선침범,건조,맑음,단일로 - 기타,승용,남,52세,상해없음,이륜,남,18세,경상
2013051500100552,2013년 5월 15일 20시,수요일,강원도 삼척시 도계읍,경상사고,0,0,2,1,차대차 - 측면직각충돌,안전거리미확보,건조,맑음,단일로 - 기타,승용,남,51세,상해없음,승용,여,36세,경상
2013051500100595,2013년 5월 15일 21시,수요일,강원도 춘천시 동내면,경상사고,0,0,1,0,차대차 - 측면직각충돌,중앙선침범,건조,맑음,교차로 - 교차로안,화물,남,59세,상해없음,승용,남,44세,상해없음
2013051500100625,2013년 5월 15일 22시,수요일,강원도 춘천시 운교동,중상사고,0,1,1,0,차대차 - 측면직각충돌,중앙선침범,건조,맑음,교차로 - 교차로부근,승용,남,43세,상해없음,원동기,남,72세,중상
2013051600100015,2013년 5월 16일 00시,목요일,강원도 원주시 일산동,경상사고,0,0,1,0,차대차 - 측면직각충돌,중앙선침범,건조,맑음,교차로 - 교차로안,승용,남,25세,상해없음,이륜,남,18세,경상
2013051600100066,2013년 5월 16일 03시,목요일,강원도 원주시 단계동,경상사고,0,0,2,0,차대차 - 측면직각충돌,중앙선침범,건조,맑음,단일로 - 기타,승용,남,32세,상해없음,승용,남,51세,경상
2013051600100080,2013년 5월 16일 04시,목요일,강원도 정선군 신동읍,경상사고,0,0,1,0,차대차 - 추돌 - 진행중,안전운전불이행,건조,맑음,단일로 - 기타,승용,남,50세,상해없음,승용,남,24세,상해없음
2013051600100102,2013년 5월 16일 06시,목요일,강원도 원주시 태장동,경상사고,0,0,4,0,차대차 - 추돌 - 진행중,안전거리미확보,건조,맑음,단일로 - 기타,승용,남,21세,상해없음,승용,남,35세,경상
2013051600100103,2013년 5월 16일 06시,목요일,강원도 속초시 교동,경상사고,0,0,1,0,차대차 - 측면직각충돌,신호위반,건조,맑음,교차로 - 교차로안,승용,남,55세,상해없음,이륜,남,64세,경상
2013051600100121,2013년 5월 16일 07시,목요일,강원도 원주시 태장동,중상사고,0,1,0,0,차대차 - 추돌 - 진행중,교차로운행방법위반,건조,맑음,교차로 - 교차로안,승합,남,51세,상해없음,승용,남,49세,중상
2013051600100153,2013년 5월 16일 08시,목요일,강원도 원주시 단구동,경상사고,0,0,2,0,차대차 - 정면충돌,직진우회전진행방해,건조,맑음,교차로 - 교차로안,승용,남,36세,상해없음,승용,남,40세,경상
2013051600100154,2013년 5월 16일 08시,목요일,강원도 원주시 소초면,경상사고,0,0,1,0,차대차 - 정면충돌,안전운전불이행,건조,맑음,교차로 - 교차로안,승용,남,36세,상해없음,승용,여,45세,경상
2013051600100155,2013년 5월 16일 08시,목요일,강원도 평창군 대관령면,경상사고,0,0,2,0,차대차 - 측면직각충돌,안전운전불이행,건조,맑음,교차로 - 교차로안,승용,여,48세,경상,승용,남,41세,경상
2013051600100156,2013년 5월 16일 08시,목요일,강원도 고성군 현내면,중상사고,0,4,0,0,차량단독 - 공작물충돌,안전운전불이행,건조,맑음,단일로 - 기타,승용,남,19세,상해없음,,,,
2013051600100197,2013년 5월 16일 09시,목요일,강원도 강릉시 포남동,경상사고,0,0,2,0,차대차 - 측면직각충돌,신호위반,건조,맑음,교차로 - 교차로안,승용,여,42세,상해없음,승용,여,29세,상해없음
2013051600100198,2013년 5월 16일 09시,목요일,강원도 홍천군 내면,중상사고,0,1,0,0,차대차 - 기타,안전운전불이행,건조,맑음,단일로 - 기타,건설기계,남,44세,상해없음,화물,여,45세,중상
2013051600100199,2013년 5월 16일 09시,목요일,강원도 양구군 양구읍,중상사고,0,1,0,0,차대사람 - 횡단중,안전운전불이행,건조,맑음,교차로 - 교차로안,승용,여,23세,상해없음,보행자,남,52세,중상
2013051600100238,2013년 5월 16일 10시,목요일,강원도 영월군 영월읍,중상사고,0,1,1,0,차대차 - 기타,안전운전불이행,건조,맑음,단일로 - 기타,화물,남,62세,중상,화물,남,47세,경상
2013051600100266,2013년 5월 16일 11시,목요일,강원도 춘천시 남면,중상사고,0,1,0,0,차대차 - 측면직각충돌,직진우회전진행방해,건조,맑음,교차로 - 교차로안,승용,남,45세,상해없음,원동기,남,65세,중상
2013051600100316,2013년 5월 16일 13시,목요일,강원도 원주시 평원동,경상사고,0,0,1,0,차대차 - 추돌 - 진행중,안전운전불이행,건조,맑음,단일로 - 기타,화물,남,38세,상해없음,승용,여,51세,경상
2013051600100386,2013년 5월 16일 15시,목요일,강원도 춘천시 효자동,경상사고,0,0,2,0,차대차 - 정면충돌,교차로운행방법위반,건조,맑음,교차로 - 교차로안,승용,여,54세,상해없음,이륜,남,27세,경상
2013051600100387,2013년 5월 16일 15시,목요일,강원도 속초시 중앙동,경상사고,0,0,1,0,차대사람 - 횡단중,안전운전불이행,건조,맑음,단일로 - 기타,승용,남,58세,상해없음,보행자,여,57세,경상
2013051600100424,2013년 5월 16일 16시,목요일,강원도 원주시 우산동,경상사고,0,0,1,1,차대차 - 기타,교차로운행방법위반,건조,맑음,교차로 - 교차로안,원동기,남,27세,부상신고,승용,남,24세,경상
2013051600100425,2013년 5월 16일 16시,목요일,강원도 속초시 청학동,경상사고,0,0,4,0,차대차 - 측면직각충돌,직진우회전진행방해,건조,맑음,교차로 - 교차로안,화물,남,58세,상해없음,화물,남,44세,경상
2013051600100426,2013년 5월 16일 16시,목요일,강원도 홍천군 홍천읍,경상사고,0,0,1,0,차대차 - 기타,교차로운행방법위반,건조,맑음,교차로 - 교차로안,승용,여,41세,상해없음,승용,여,43세,경상
2013051600100468,2013년 5월 16일 17시,목요일,강원도 원주시 단계동,중상사고,0,1,3,0,차대차 - 추돌 - 진행중,직진우회전진행방해,건조,맑음,교차로 - 교차로안,승용,여,42세,중상,승용,여,42세,경상
2013051600100525,2013년 5월 16일 18시,목요일,강원도 삼척시 가곡면,중상사고,0,1,0,0,차대차 - 측면직각충돌,중앙선침범,건조,맑음,단일로 - 기타,원동기,여,52세,중상,화물,남,60세,상해없음
2013051600100553,2013년 5월 16일 19시,목요일,강원도 강릉시 내곡동,경상사고,0,0,1,0,차대차 - 기타,안전거리미확보,건조,맑음,단일로 - 기타,승합,남,31세,상해없음,승용,남,39세,경상
2013051600100554,2013년 5월 16일 19시,목요일,강원도 홍천군 화촌면,중상사고,0,1,0,0,차대차 - 기타,안전운전불이행,건조,맑음,단일로 - 기타,화물,남,57세,상해없음,농기계,남,54세,중상
2013051600100584,2013년 5월 16일 20시,목요일,강원도 삼척시 교동,경상사고,0,0,1,0,차대차 - 측면직각충돌,안전운전불이행,건조,맑음,교차로 - 교차로안,원동기,남,16세,경상,화물,남,38세,상해없음
2013051600100649,2013년 5월 16일 22시,목요일,강원도 춘천시 후평동,경상사고,0,0,1,0,차대사람 - 기타,안전운전불이행,건조,맑음,단일로 - 기타,승용,남,52세,상해없음,보행자,남,56세,경상
2013051600100650,2013년 5월 16일 22시,목요일,강원도 원주시 명륜동,중상사고,0,1,0,0,차대차 - 추돌 - 진행중,차로위반,건조,맑음,교차로 - 교차로부근,승용,남,32세,상해없음,승용,남,36세,중상
2013051600100651,2013년 5월 16일 22시,목요일,강원도 동해시 용정동,중상사고,0,1,0,0,차량단독 - 공작물충돌,안전운전불이행,건조,맑음,단일로 - 기타,승용,남,36세,상해없음,,,,
2013051600100689,2013년 5월 16일 23시,목요일,강원도 원주시 단계동,경상사고,0,0,1,0,차대차 - 추돌 - 진행중,안전운전불이행,건조,맑음,교차로 - 교차로부근,승용,남,31세,상해없음,승용,여,50세,경상
2013051600100690,2013년 5월 16일 23시,목요일,강원도 평창군 대관령면,중상사고,0,1,0,0,차대차 - 측면직각충돌,중앙선침범,건조,맑음,단일로 - 기타,승용,남,42세,상해없음,승용,남,41세,중상
2013051700100057,2013년 5월 17일 02시,금요일,강원도 철원군 동송읍,경상사고,0,0,1,0,차대차 - 측면직각충돌,교차로운행방법위반,건조,맑음,교차로 - 교차로안,화물,남,69세,상해없음,화물,남,33세,경상
2013051700100079,2013년 5월 17일 03시,금요일,강원도 영월군 영월읍,경상사고,0,0,2,0,차대차 - 추돌 - 진행중,안전거리미확보,건조,맑음,단일로 - 기타,승용,남,26세,상해없음,승용,남,41세,경상
2013051700100140,2013년 5월 17일 06시,금요일,강원도 춘천시 남산면,경상사고,0,0,3,0,차대차 - 측면직각충돌,중앙선침범,건조,맑음,단일로 - 기타,승용,남,31세,상해없음,승용,여,31세,경상
2013051700100158,2013년 5월 17일 07시,금요일,강원도 강릉시 내곡동,경상사고,0,0,1,0,차대차 - 기타,안전운전불이행,건조,맑음,단일로 - 기타,승용,남,62세,상해없음,화물,남,48세,경상
2013051700100159,2013년 5월 17일 07시,금요일,강원도 횡성군 공근면,경상사고,0,0,1,0,차대차 - 기타,기타,건조,맑음,단일로 - 기타,화물,남,39세,상해없음,승합,남,39세,경상
2013051700100160,2013년 5월 17일 07시,금요일,강원도 고성군 토성면,중상사고,0,1,3,0,차대차 - 추돌 - 진행중,안전운전불이행,건조,맑음,단일로 - 기타,승용,남,46세,상해없음,승용,남,61세,경상
2013051700100170,2013년 5월 17일 08시,금요일,강원도 횡성군 갑천면,경상사고,0,0,1,0,차대차 - 기타,중앙선침범,건조,맑음,단일로 - 기타,승용,남,76세,상해없음,화물,남,70세,경상
2013051700100171,2013년 5월 17일 08시,금요일,강원도 동해시 천곡동,경상사고,0,0,2,0,차대차 - 측면직각충돌,안전운전불이행,건조,맑음,단일로 - 기타,승용,남,43세,상해없음,승용,여,38세,경상
2013051700100277,2013년 5월 17일 12시,금요일,강원도 강릉시 주문진읍,중상사고,0,1,0,0,차대차 - 기타,안전운전불이행,건조,맑음,단일로 - 기타,이륜,남,15세,상해없음,자전거,남,13세,중상
2013051700100278,2013년 5월 17일 12시,금요일,강원도 원주시 호저면,경상사고,0,0,2,0,차대차 - 측면직각충돌,교차로운행방법위반,건조,맑음,교차로 - 교차로부근,이륜,남,62세,경상,승용,여,23세,상해없음
2013051700100279,2013년 5월 17일 12시,금요일,강원도 평창군 봉평면,경상사고,0,0,1,0,차대사람 - 횡단중,안전운전불이행,건조,맑음,단일로 - 기타,승용,남,55세,상해없음,보행자,여,39세,경상
2013051700100313,2013년 5월 17일 13시,금요일,강원도 춘천시 서면,경상사고,0,0,1,0,차대차 - 기타,안전운전불이행,건조,맑음,기타 - 기타,승용,남,47세,상해없음,승용,남,46세,경상
2013051700100314,2013년 5월 17일 13시,금요일,강원도 원주시 학성동,경상사고,0,0,1,0,차대차 - 측면직각충돌,직진우회전진행방해,건조,맑음,교차로 - 교차로안,화물,남,41세,상해없음,이륜,남,58세,경상
2013051700100315,2013년 5월 17일 13시,금요일,강원도 속초시 대포동,중상사고,0,2,2,0,차대차 - 추돌 - 진행중,안전운전불이행,건조,맑음,교차로 - 교차로부근,화물,남,47세,상해없음,승용,남,56세,중상
2013051700100316,2013년 5월 17일 13시,금요일,강원도 인제군 남면,중상사고,0,2,0,0,차량단독 - 공작물충돌,안전운전불이행,건조,맑음,교차로 - 교차로부근,승용,여,60세,상해없음,,,,
2013051700100350,2013년 5월 17일 14시,금요일,강원도 강릉시 교동,중상사고,0,1,0,0,차대차 - 측면직각충돌,안전운전불이행,건조,맑음,교차로 - 교차로안,승용,여,66세,상해없음,승용,남,74세,중상
2013051700100351,2013년 5월 17일 14시,금요일,강원도 태백시 장성동,중상사고,0,1,1,0,차대차 - 측면직각충돌,신호위반,건조,맑음,교차로 - 교차로안,승용,여,38세,상해없음,승용,남,73세,경상
2013051700100352,2013년 5월 17일 14시,금요일,강원도 원주시 문막읍,중상사고,0,1,0,0,차대차 - 기타,안전운전불이행,건조,맑음,기타 - 기타,기타불명,기타불명,기타불명,기타불명,승용,여,48세,중상
2013051700100384,2013년 5월 17일 15시,금요일,강원도 춘천시 서면,중상사고,0,1,1,5,차대차 - 추돌 - 진행중,안전거리미확보,건조,맑음,단일로 - 기타,건설기계,남,49세,상해없음,승용,남,43세,중상
2013051700100385,2013년 5월 17일 15시,금요일,강원도 춘천시 남산면,경상사고,0,0,1,0,차대차 - 기타,안전운전불이행,건조,맑음,단일로 - 기타,승합,남,54세,상해없음,이륜,남,19세,경상
2013051700100386,2013년 5월 17일 15시,금요일,강원도 원주시 무실동,경상사고,0,0,2,0,차대차 - 측면직각충돌,안전거리미확보,건조,맑음,단일로 - 기타,이륜,남,21세,경상,승용,여,54세,경상
2013051700100387,2013년 5월 17일 15시,금요일,강원도 원주시 일산동,중상사고,0,1,0,0,차대사람 - 기타,안전운전불이행,건조,맑음,단일로 - 기타,기타불명,기타불명,기타불명,기타불명,보행자,여,46세,중상
2013051700100388,2013년 5월 17일 15시,금요일,강원도 속초시 대포동,경상사고,0,0,5,0,차대차 - 측면직각충돌,안전거리미확보,건조,맑음,교차로 - 교차로부근,승용,남,43세,경상,승용,여,38세,경상
2013051700100425,2013년 5월 17일 16시,금요일,강원도 춘천시 퇴계동,부상신고사고,0,0,0,1,차대사람 - 기타,안전운전불이행,건조,맑음,단일로 - 기타,승용,남,76세,상해없음,보행자,여,4세,부상신고
2013051700100426,2013년 5월 17일 16시,금요일,강원도 원주시 학성동,경상사고,0,0,3,0,차대차 - 측면직각충돌,교차로운행방법위반,건조,맑음,교차로 - 교차로안,승용,남,39세,경상,승용,남,57세,경상
2013051700100427,2013년 5월 17일 16시,금요일,강원도 원주시 명륜동,경상사고,0,0,2,0,차대차 - 측면직각충돌,직진우회전진행방해,건조,맑음,교차로 - 교차로안,승용,여,24세,상해없음,승용,남,67세,경상
2013051700100428,2013년 5월 17일 16시,금요일,강원도 속초시 조양동,경상사고,0,0,1,0,차대차 - 측면직각충돌,안전거리미확보,건조,맑음,단일로 - 기타,승용,남,75세,상해없음,승용,여,52세,상해없음
2013051700100429,2013년 5월 17일 16시,금요일,강원도 삼척시 남양동,경상사고,0,0,1,0,차대차 - 기타,기타,건조,맑음,단일로 - 기타,승용,남,62세,상해없음,원동기,여,55세,경상
2013051700100462,2013년 5월 17일 17시,금요일,강원도 원주시 단계동,중상사고,0,1,0,0,차대사람 - 기타,안전운전불이행,건조,맑음,기타 - 기타,승용,남,31세,상해없음,보행자,여,44세,중상
2013051700100463,2013년 5월 17일 17시,금요일,강원도 홍천군 서면,경상사고,0,0,4,0,차대차 - 기타,안전운전불이행,건조,맑음,단일로 - 기타,승용,남,29세,상해없음,승용,남,50세,경상
2013051700100532,2013년 5월 17일 19시,금요일,강원도 횡성군 청일면,경상사고,0,0,1,0,차량단독 - 전도전복,안전운전불이행,건조,맑음,단일로 - 기타,원동기,남,17세,상해없음,,,,
2013051700100533,2013년 5월 17일 19시,금요일,강원도 동해시 동회동,중상사고,0,1,0,0,차대사람 - 횡단중,안전운전불이행,건조,맑음,단일로 - 기타,승용,여,38세,상해없음,보행자,여,27세,중상
2013051700100566,2013년 5월 17일 20시,금요일,강원도 강릉시 남문동,중상사고,0,1,0,0,차대차 - 측면직각충돌,안전운전불이행,건조,맑음,단일로 - 기타,화물,남,45세,상해없음,이륜,남,38세,중상
2013051700100567,2013년 5월 17일 20시,금요일,강원도 원주시 태장동,중상사고,0,1,0,0,차대차 - 측면직각충돌,중앙선침범,건조,맑음,단일로 - 기타,승용,여,58세,상해없음,이륜,남,42세,중상
2013051700100568,2013년 5월 17일 20시,금요일,강원도 속초시 조양동,중상사고,0,2,1,0,차대차 - 측면직각충돌,안전운전불이행,건조,맑음,교차로 - 교차로안,승용,남,29세,상해없음,승용,여,50세,경상
2013051700100569,2013년 5월 17일 20시,금요일,강원도 속초시 교동,경상사고,0,0,1,0,차대차 - 측면직각충돌,교차로운행방법위반,건조,맑음,교차로 - 교차로안,승용,기타불명,기타불명,기타불명,원동기,남,22세,경상
2013051700100570,2013년 5월 17일 20시,금요일,강원도 양양군 서면,경상사고,0,0,3,0,차대차 - 측면직각충돌,중앙선침범,건조,맑음,단일로 - 기타,승용,남,64세,상해없음,승용,남,32세,경상
2013051700100604,2013년 5월 17일 21시,금요일,강원도 춘천시 남산면,중상사고,0,1,0,0,차대사람 - 기타,안전운전불이행,건조,맑음,단일로 - 기타,승합,여,50세,상해없음,보행자,여,54세,중상
2013051700100630,2013년 5월 17일 22시,금요일,강원도 춘천시 남산면,경상사고,0,0,2,0,차대차 - 측면직각충돌,기타,건조,맑음,교차로 - 교차로안,승용,여,44세,상해없음,승용,남,63세,경상
2013051700100631,2013년 5월 17일 22시,금요일,강원도 속초시 조양동,경상사고,0,0,3,0,차대사람 - 길가장자리구역통행중,안전운전불이행,건조,맑음,단일로 - 기타,승용,남,20세,상해없음,보행자,남,30세,경상
2013051800100011,2013년 5월 18일 00시,토요일,강원도 강릉시 입암동,중상사고,0,1,0,0,차대차 - 정면충돌,중앙선침범,건조,맑음,단일로 - 기타,승용,남,35세,상해없음,원동기,남,50세,중상
2013051800100012,2013년 5월 18일 00시,토요일,강원도 강릉시 교동,경상사고,0,0,4,0,차대차 - 추돌 - 주정차중,안전운전불이행,건조,맑음,교차로 - 교차로부근,승용,남,30세,기타불명,승용,여,50세,경상
2013051800100102,2013년 5월 18일 06시,토요일,강원도 정선군 여량면,경상사고,0,0,2,0,차대차 - 추돌 - 주정차중,안전운전불이행,건조,맑음,단일로 - 기타,승용,여,47세,경상,승합,남,57세,상해없음
2013051800100115,2013년 5월 18일 07시,토요일,강원도 춘천시 교동,경상사고,0,0,1,0,차대차 - 측면직각충돌,안전운전불이행,건조,맑음,단일로 - 기타,승용,남,43세,상해없음,자전거,남,63세,경상
2013051800100130,2013년 5월 18일 08시,토요일,강원도 강릉시 옥천동,경상사고,0,0,1,0,차대차 - 측면직각충돌,안전운전불이행,건조,맑음,교차로 - 교차로안,자전거,남,69세,경상,승용,여,49세,상해없음
2013051800100131,2013년 5월 18일 08시,토요일,강원도 홍천군 두촌면,경상사고,0,0,3,0,차대차 - 기타,안전거리미확보,건조,맑음,단일로 - 기타,화물,남,57세,상해없음,승용,남,42세,경상
2013051800100152,2013년 5월 18일 09시,토요일,강원도 고성군 토성면,중상사고,0,1,3,0,차대차 - 추돌 - 주정차중,안전운전불이행,건조,맑음,교차로 - 교차로부근,건설기계,남,49세,상해없음,승용,여,26세,경상
2013051800100222,2013년 5월 18일 12시,토요일,강원도 춘천시 중앙로2가,경상사고,0,0,1,0,차대사람 - 기타,안전운전불이행,건조,맑음,단일로 - 기타,승용,남,53세,상해없음,보행자,여,30세,경상
2013051800100303,2013년 5월 18일 15시,토요일,강원도 화천군 하남면,사망사고,1,0,0,0,차대차 - 기타,안전운전불이행,건조,흐림,단일로 - 기타,화물,남,51세,상해없음,원동기,남,43세,사망
2013051800100333,2013년 5월 18일 16시,토요일,강원도 강릉시 연곡면,경상사고,0,0,1,0,차대사람 - 길가장자리구역통행중,안전운전불이행,건조,맑음,단일로 - 기타,승용,여,33세,상해없음,보행자,남,20세,경상
2013051800100334,2013년 5월 18일 16시,토요일,강원도 강릉시 성산면,경상사고,0,0,2,0,차대차 - 정면충돌,중앙선침범,건조,맑음,단일로 - 기타,승용,여,37세,상해없음,승용,여,34세,경상
2013051800100335,2013년 5월 18일 16시,토요일,강원도 원주시 흥업면,경상사고,0,0,3,0,차대차 - 추돌 - 주정차중,안전운전불이행,건조,맑음,교차로 - 교차로부근,승용,남,19세,상해없음,승용,여,27세,경상
2013051800100336,2013년 5월 18일 16시,토요일,강원도 삼척시 남양동,중상사고,0,2,2,0,차대차 - 측면직각충돌,직진우회전진행방해,건조,맑음,교차로 - 교차로안,승용,여,37세,경상,승용,남,54세,중상
2013051800100376,2013년 5월 18일 17시,토요일,강원도 원주시 문막읍,경상사고,0,0,4,0,차대차 - 추돌 - 주정차중,안전거리미확보,건조,맑음,단일로 - 기타,특수,남,48세,상해없음,승용,남,60세,경상
2013051800100433,2013년 5월 18일 19시,토요일,강원도 강릉시 연곡면,중상사고,0,1,0,0,차대차 - 추돌 - 진행중,안전운전불이행,건조,맑음,단일로 - 기타,승용,여,55세,상해없음,자전거,남,63세,중상
2013051800100470,2013년 5월 18일 20시,토요일,강원도 동해시 평릉동,중상사고,0,1,4,0,차대차 - 기타,신호위반,건조,맑음,교차로 - 교차로안,승용,남,57세,중상,승용,남,32세,경상
2013051800100586,2013년 5월 18일 22시,토요일,강원도 춘천시 신동면,경상사고,0,0,1,0,차대차 - 추돌 - 진행중,안전운전불이행,습기,비,단일로 - 기타,화물,남,58세,상해없음,승용,남,42세,경상
2013051800100587,2013년 5월 18일 22시,토요일,강원도 춘천시 동내면,중상사고,0,2,1,4,차대차 - 측면직각충돌,신호위반,습기,비,교차로 - 교차로안,승합,남,27세,상해없음,승용,여,32세,중상
2013051800100650,2013년 5월 18일 23시,토요일,강원도 춘천시 퇴계동,경상사고,0,0,1,0,차대사람 - 횡단중,보행자보호의무위반,습기,비,단일로 - 횡단보도상,승용,여,32세,상해없음,보행자,남,37세,경상
2013051800100651,2013년 5월 18일 23시,토요일,강원도 원주시 단계동,경상사고,0,0,3,0,차대차 - 추돌 - 진행중,불법유턴,습기,비,교차로 - 교차로부근,승용,남,51세,상해없음,승용,남,22세,상해없음
2013051800100652,2013년 5월 18일 23시,토요일,강원도 원주시 단구동,경상사고,0,0,2,0,차대차 - 추돌 - 주정차중,안전거리미확보,건조,맑음,단일로 - 기타,승용,남,28세,상해없음,승용,남,34세,경상
2013051800100653,2013년 5월 18일 23시,토요일,강원도 태백시 화전동,사망사고,1,0,0,0,차대사람 - 기타,안전운전불이행,습기,비,단일로 - 기타,승용,남,42세,상해없음,보행자,남,39세,사망
2013051900100143,2013년 5월 19일 04시,일요일,강원도 양구군 양구읍,사망사고,1,0,0,0,차대차 - 측면직각충돌,안전운전불이행,습기,비,교차로 - 교차로안,화물,남,54세,상해없음,원동기,남,58세,사망
2013051900100216,2013년 5월 19일 08시,일요일,강원도 양양군 현남면,경상사고,0,0,2,0,차대차 - 측면직각충돌,안전운전불이행,습기,비,교차로 - 교차로부근,승용,남,55세,상해없음,승용,여,60세,경상
2013051900100233,2013년 5월 19일 09시,일요일,강원도 속초시 교동,경상사고,0,0,1,0,차대차 - 측면직각충돌,신호위반,습기,비,교차로 - 교차로안,승용,남,47세,상해없음,승용,남,47세,경상
2013051900100251,2013년 5월 19일 10시,일요일,강원도 강릉시 교동,경상사고,0,0,1,0,차대차 - 기타,신호위반,습기,비,교차로 - 교차로안,화물,남,55세,상해없음,승용,남,70세,경상
2013051900100281,2013년 5월 19일 12시,일요일,강원도 원주시 문막읍,경상사고,0,0,2,0,차대차 - 측면직각충돌,교차로운행방법위반,건조,맑음,교차로 - 교차로부근,승용,남,32세,상해없음,승용,남,31세,경상
2013051900100282,2013년 5월 19일 12시,일요일,강원도 양양군 양양읍,경상사고,0,0,5,0,차대차 - 추돌 - 주정차중,안전운전불이행,건조,맑음,교차로 - 교차로안,승용,남,49세,상해없음,승용,남,25세,경상
2013051900100283,2013년 5월 19일 12시,일요일,강원도 동해시 천곡동,중상사고,0,2,0,0,차대차 - 정면충돌,안전운전불이행,건조,맑음,교차로 - 교차로안,승용,남,53세,상해없음,승용,남,39세,중상
2013051900100308,2013년 5월 19일 13시,일요일,강원도 춘천시 남산면,경상사고,0,0,3,0,차대차 - 추돌 - 주정차중,안전거리미확보,건조,맑음,단일로 - 기타,승용,남,52세,상해없음,승용,여,44세,경상
2013051900100325,2013년 5월 19일 14시,일요일,강원도 원주시 무실동,경상사고,0,0,1,0,차대차 - 측면직각충돌,신호위반,건조,맑음,교차로 - 교차로안,승용,남,39세,상해없음,승용,남,34세,경상
2013051900100326,2013년 5월 19일 14시,일요일,강원도 삼척시 하장면,경상사고,0,0,2,0,차대차 - 측면직각충돌,중앙선침범,건조,흐림,단일로 - 기타,승용,남,53세,상해없음,화물,남,50세,경상
2013051900100327,2013년 5월 19일 14시,일요일,강원도 홍천군 서석면,경상사고,0,0,1,0,차대사람 - 기타,보행자보호의무위반,건조,맑음,단일로 - 기타,승용,남,57세,상해없음,보행자,남,1세,경상
2013051900100328,2013년 5월 19일 14시,일요일,강원도 동해시 발한동,경상사고,0,0,1,0,차대차 - 추돌 - 주정차중,안전운전불이행,건조,맑음,교차로 - 교차로부근,승용,남,60세,상해없음,승용,남,58세,경상
2013051900100359,2013년 5월 19일 15시,일요일,강원도 원주시 단계동,경상사고,0,0,1,0,차대차 - 기타,안전거리미확보,건조,맑음,단일로 - 기타,승용,남,51세,상해없음,원동기,남,41세,경상
2013051900100360,2013년 5월 19일 15시,일요일,강원도 속초시 조양동,경상사고,0,0,2,0,차대차 - 정면충돌,중앙선침범,습기,비,교차로 - 교차로안,승용,남,31세,상해없음,승용,남,64세,경상
2013051900100361,2013년 5월 19일 15시,일요일,강원도 평창군 평창읍,중상사고,0,1,1,0,차량단독 - 공작물충돌,안전운전불이행,건조,맑음,단일로 - 기타,승용,남,63세,상해없음,,,,
2013051900100362,2013년 5월 19일 15시,일요일,강원도 철원군 동송읍,중상사고,0,1,0,0,차대차 - 측면직각충돌,중앙선침범,건조,맑음,단일로 - 기타,승용,여,41세,상해없음,원동기,남,85세,중상
2013051900100426,2013년 5월 19일 17시,일요일,강원도 원주시 단계동,경상사고,0,0,3,0,차대차 - 측면직각충돌,교차로운행방법위반,건조,맑음,교차로 - 교차로부근,승용,남,46세,경상,승용,남,31세,경상
2013051900100427,2013년 5월 19일 17시,일요일,강원도 삼척시 도계읍,경상사고,0,0,5,0,차대차 - 측면직각충돌,신호위반,건조,맑음,교차로 - 교차로안,승용,남,30세,상해없음,승용,여,32세,경상
2013051900100458,2013년 5월 19일 18시,일요일,강원도 강릉시 교동,경상사고,0,0,1,0,차대차 - 측면직각충돌,안전운전불이행,건조,맑음,단일로 - 기타,승용,여,52세,상해없음,자전거,남,18세,경상
2013051900100512,2013년 5월 19일 20시,일요일,강원도 속초시 조양동,중상사고,0,1,1,0,차대차 - 측면직각충돌,신호위반,건조,흐림,교차로 - 교차로안,이륜,남,17세,상해없음,승용,남,43세,상해없음
2013051900100513,2013년 5월 19일 20시,일요일,강원도 동해시 천곡동,경상사고,0,0,1,0,차대차 - 측면직각충돌,교차로운행방법위반,건조,맑음,교차로 - 교차로안,승용,남,49세,상해없음,승용,남,33세,경상
2013051900100514,2013년 5월 19일 20시,일요일,강원도 동해시 이도동,경상사고,0,0,2,0,차대차 - 측면직각충돌,직진우회전진행방해,건조,맑음,교차로 - 교차로안,화물,남,62세,상해없음,승용,남,33세,상해없음
2013051900100595,2013년 5월 19일 23시,일요일,강원도 양양군 양양읍,경상사고,0,0,1,0,차량단독 - 공작물충돌,안전운전불이행,건조,맑음,교차로 - 교차로안,승용,남,29세,상해없음,,,,