사고번호,사고일시,요일,시군구,사고내용,사망자수,중상자수,경상자수,부상신고자수,사고유형,법규위반,노면상태,기상상태,도로형태,가해운전자 차종,가해운전자 성별,가해운전자 연령,가해운전자 상해정도,피해운전자 차종,피해운전자 성별,피해운전자 연령,피해운전자 상해정도
2013052000100031,2013년 5월 20일 03시,월요일,강원도 평창군 용평면,경상사고,0,0,1,0,차대차 - 측면직각충돌,안전운전불이행,건조,맑음,단일로 - 기타,승용,남,50세,상해없음,화물,남,40세,경상
2013052000100075,2013년 5월 20일 07시,월요일,강원도 속초시 조양동,경상사고,0,0,1,0,차대차 - 측면직각충돌,교차로운행방법위반,건조,맑음,교차로 - 교차로안,승용,여,39세,상해없음,승용,여,43세,경상
2013052000100097,2013년 5월 20일 08시,월요일,강원도 춘천시 중앙로1가,경상사고,0,0,2,0,차대차 - 측면직각충돌,교차로운행방법위반,건조,맑음,교차로 - 교차로안,승용,남,76세,상해없음,승합,남,59세,경상
2013052000100098,2013년 5월 20일 08시,월요일,강원도 춘천시 조양동,경상사고,0,0,1,0,차대차 - 측면직각충돌,직진우회전진행방해,건조,맑음,교차로 - 교차로안,승용,여,43세,상해없음,승용,남,28세,경상
2013052000100171,2013년 5월 20일 11시,월요일,강원도 춘천시 근화동,경상사고,0,0,1,0,차대차 - 측면직각충돌,기타,건조,맑음,단일로 - 기타,건설기계,남,31세,상해없음,승용,남,49세,경상
2013052000100205,2013년 5월 20일 12시,월요일,강원도 춘천시 동산면,경상사고,0,0,1,0,차량단독 - 기타,안전운전불이행,건조,맑음,단일로 - 기타,원동기,남,74세,상해없음,,,,
2013052000100206,2013년 5월 20일 12시,월요일,강원도 춘천시 중앙로2가,경상사고,0,0,2,0,차대차 - 측면직각충돌,안전거리미확보,건조,맑음,단일로 - 기타,화물,남,51세,상해없음,승용,남,68세,경상
2013052000100207,2013년 5월 20일 12시,월요일,강원도 원주시 무실동,경상사고,0,0,1,0,차대차 - 추돌 - 진행중,직진우회전진행방해,건조,맑음,교차로 - 교차로안,승용,남,63세,상해없음,화물,남,40세,경상
2013052000100208,2013년 5월 20일 12시,월요일,강원도 영월군 남면,사망사고,1,1,3,1,차대차 - 기타,안전운전불이행,건조,맑음,단일로 - 교량,승합,남,43세,상해없음,승용,남,76세,중상
2013052000100233,2013년 5월 20일 13시,월요일,강원도 원주시 호저면,중상사고,0,1,4,0,차대차 - 추돌 - 진행중,안전거리미확보,건조,맑음,단일로 - 기타,화물,남,25세,상해없음,승용,남,47세,경상
2013052000100253,2013년 5월 20일 14시,월요일,강원도 양양군 강현면,경상사고,0,0,1,0,차대차 - 측면직각충돌,안전운전불이행,건조,맑음,교차로 - 교차로부근,승용,남,76세,상해없음,화물,남,57세,경상
2013052000100338,2013년 5월 20일 16시,월요일,강원도 춘천시 후평동,경상사고,0,0,2,0,차대차 - 측면직각충돌,중앙선침범,건조,맑음,단일로 - 기타,승용,남,40세,상해없음,승용,여,43세,경상
2013052000100339,2013년 5월 20일 16시,월요일,강원도 강릉시 임당동,중상사고,0,1,0,0,차대사람 - 횡단중,보행자보호의무위반,건조,맑음,교차로 - 교차로부근,승합,남,50세,상해없음,보행자,남,83세,중상
2013052000100381,2013년 5월 20일 17시,월요일,강원도 태백시 화전동,경상사고,0,0,1,0,차대차 - 측면직각충돌,차로위반,건조,맑음,단일로 - 기타,승용,남,56세,상해없음,승용,남,60세,경상
2013052000100417,2013년 5월 20일 18시,월요일,강원도 춘천시 효자동,경상사고,0,0,1,0,차대차 - 측면직각충돌,교차로운행방법위반,건조,맑음,교차로 - 교차로안,승용,남,26세,상해없음,원동기,남,44세,경상
2013052000100418,2013년 5월 20일 18시,월요일,강원도 원주시 단계동,경상사고,0,0,1,0,차대사람 - 횡단중,보행자보호의무위반,건조,맑음,교차로 - 교차로부근,승용,남,27세,상해없음,보행자,여,41세,경상
2013052000100419,2013년 5월 20일 18시,월요일,강원도 평창군 평창읍,중상사고,0,1,1,0,차대차 - 측면직각충돌,기타,건조,맑음,교차로 - 교차로안,화물,남,47세,상해없음,화물,여,55세,경상
2013052000100451,2013년 5월 20일 19시,월요일,강원도 원주시 문막읍,중상사고,0,1,0,0,차량단독 - 기타,안전운전불이행,습기,맑음,단일로 - 기타,승합,남,54세,상해없음,,,,
2013052000100473,2013년 5월 20일 20시,월요일,강원도 원주시 단계동,부상신고사고,0,0,0,2,차대차 - 추돌 - 주정차중,불법유턴,건조,맑음,단일로 - 기타,승용,남,42세,상해없음,승용,남,34세,부상신고
2013052000100509,2013년 5월 20일 21시,월요일,강원도 춘천시 퇴계동,중상사고,0,1,0,0,차대차 - 측면직각충돌,신호위반,건조,맑음,교차로 - 교차로부근,승용,남,51세,상해없음,자전거,남,21세,중상
2013052000100575,2013년 5월 20일 23시,월요일,강원도 강릉시 송정동,중상사고,0,1,0,0,차대차 - 정면충돌,중앙선침범,건조,맑음,단일로 - 기타,승합,남,33세,상해없음,승용,남,49세,중상
2013052100100034,2013년 5월 21일 02시,화요일,강원도 원주시 학성동,경상사고,0,0,2,0,차대차 - 기타,교차로운행방법위반,건조,맑음,교차로 - 교차로안,승용,남,37세,기타불명,승용,남,47세,경상
2013052100100083,2013년 5월 21일 07시,화요일,강원도 횡성군 안흥면,경상사고,0,0,1,0,차대차 - 측면직각충돌,안전운전불이행,건조,맑음,단일로 - 기타,화물,남,70세,상해없음,화물,남,72세,경상
2013052100100155,2013년 5월 21일 09시,화요일,강원도 강릉시 사천면,경상사고,0,0,1,0,차대차 - 측면직각충돌,안전운전불이행,건조,맑음,교차로 - 교차로부근,승용,여,53세,상해없음,승합,남,42세,상해없음
2013052100100156,2013년 5월 21일 09시,화요일,강원도 횡성군 공근면,중상사고,0,1,0,0,차대차 - 측면직각충돌,중앙선침범,건조,맑음,단일로 - 기타,원동기,여,50세,중상,승용,남,58세,상해없음
2013052100100186,2013년 5월 21일 10시,화요일,강원도 동해시 북평동,경상사고,0,0,1,0,차대차 - 측면직각충돌,안전운전불이행,건조,맑음,교차로 - 교차로안,승용,남,52세,상해없음,승용,남,33세,경상
2013052100100236,2013년 5월 21일 12시,화요일,강원도 강릉시 노암동,경상사고,0,0,1,0,차대차 - 측면직각충돌,안전운전불이행,건조,맑음,교차로 - 교차로부근,승합,남,78세,상해없음,화물,남,34세,경상
2013052100100237,2013년 5월 21일 12시,화요일,강원도 동해시 부곡동,중상사고,0,1,0,0,차량단독 - 기타,기타,건조,맑음,단일로 - 기타,승합,남,49세,상해없음,,,,
2013052100100265,2013년 5월 21일 13시,화요일,강원도 원주시 흥업면,중상사고,0,1,0,0,차대차 - 추돌 - 진행중,안전운전불이행,건조,맑음,단일로 - 기타,화물,남,45세,상해없음,화물,남,52세,중상
2013052100100329,2013년 5월 21일 15시,화요일,강원도 태백시 황지동,경상사고,0,0,1,0,차대사람 - 횡단중,안전운전불이행,건조,맑음,단일로 - 횡단보도부근,승용,남,32세,상해없음,보행자,여,39세,경상
2013052100100406,2013년 5월 21일 17시,화요일,강원도 원주시 평원동,경상사고,0,0,2,0,차대차 - 측면직각충돌,안전거리미확보,건조,맑음,단일로 - 기타,승합,남,52세,상해없음,승용,남,25세,경상
2013052100100407,2013년 5월 21일 17시,화요일,강원도 속초시 조양동,경상사고,0,0,1,0,차대차 - 측면직각충돌,안전운전불이행,건조,맑음,교차로 - 교차로안,화물,남,60세,상해없음,승용,남,37세,상해없음
2013052100100459,2013년 5월 21일 18시,화요일,강원도 원주시 명륜동,중상사고,0,1,0,0,차대사람 - 기타,안전운전불이행,건조,맑음,교차로 - 교차로부근,화물,남,72세,상해없음,보행자,여,12세,중상
2013052100100460,2013년 5월 21일 18시,화요일,강원도 정선군 임계면,중상사고,0,1,0,0,차대사람 - 기타,안전운전불이행,건조,맑음,기타 - 기타,승용,남,50세,상해없음,보행자,여,75세,중상
2013052100100527,2013년 5월 21일 20시,화요일,강원도 원주시 단구동,경상사고,0,0,1,0,차대차 - 측면직각충돌,안전운전불이행,건조,맑음,단일로 - 기타,승용,남,53세,상해없음,승용,여,46세,경상
2013052100100566,2013년 5월 21일 21시,화요일,강원도 춘천시 사농동,부상신고사고,0,0,0,1,차대차 - 기타,안전운전불이행,건조,맑음,교차로 - 교차로안,승용,남,31세,기타불명,승용,남,44세,부상신고
2013052100100567,2013년 5월 21일 21시,화요일,강원도 원주시 개운동,중상사고,0,1,0,0,차대사람 - 횡단중,안전운전불이행,건조,맑음,단일로 - 기타,이륜,남,23세,상해없음,보행자,남,67세,중상
2013052100100568,2013년 5월 21일 21시,화요일,강원도 정선군 고한읍,경상사고,0,0,1,0,차대차 - 기타,기타,건조,맑음,기타 - 기타,기타불명,기타불명,기타불명,기타불명,승용,남,52세,경상
2013052100100607,2013년 5월 21일 22시,화요일,강원도 원주시 태장동,경상사고,0,0,1,0,차대차 - 추돌 - 진행중,안전운전불이행,건조,맑음,단일로 - 기타,승용,남,40세,상해없음,이륜,남,17세,경상
2013052100100608,2013년 5월 21일 22시,화요일,강원도 횡성군 우천면,경상사고,0,0,2,0,차대차 - 측면직각충돌,직진우회전진행방해,건조,맑음,교차로 - 교차로안,화물,남,35세,상해없음,화물,여,48세,경상
2013052200100067,2013년 5월 22일 05시,수요일,강원도 평창군 대관령면,경상사고,0,0,1,0,차대차 - 측면직각충돌,안전운전불이행,건조,맑음,교차로 - 교차로안,화물,남,54세,상해없음,화물,남,48세,경상
2013052200100095,2013년 5월 22일 07시,수요일,강원도 원주시 태장동,경상사고,0,0,2,0,차대차 - 기타,안전거리미확보,건조,맑음,단일로 - 기타,승용,남,56세,상해없음,승용,남,54세,경상
2013052200100130,2013년 5월 22일 08시,수요일,강원도 강릉시 박월동,경상사고,0,0,1,0,차대차 - 측면직각충돌,안전운전불이행,건조,맑음,교차로 - 교차로안,승용,여,51세,상해없음,농기계,남,76세,경상
2013052200100131,2013년 5월 22일 08시,수요일,강원도 속초시 조양동,경상사고,0,0,2,0,차대차 - 측면직각충돌,신호위반,건조,맑음,교차로 - 교차로안,화물,남,21세,상해없음,승용,남,60세,경상
2013052200100132,2013년 5월 22일 08시,수요일,강원도 홍천군 남면,부상신고사고,0,0,0,1,차대차 - 기타,중앙선침범,건조,맑음,단일로 - 기타,승합,남,56세,상해없음,건설기계,남,55세,부상신고
2013052200100198,2013년 5월 22일 10시,수요일,강원도 원주시 학성동,중상사고,0,1,1,0,차대차 - 측면직각충돌,안전운전불이행,건조,맑음,단일로 - 기타,승용,여,28세,경상,승용,여,37세,중상
2013052200100199,2013년 5월 22일 10시,수요일,강원도 속초시 노학동,경상사고,0,0,2,0,차대차 - 측면직각충돌,교차로운행방법위반,건조,맑음,교차로 - 교차로안,승용,남,59세,상해없음,승용,남,25세,경상
2013052200100226,2013년 5월 22일 11시,수요일,강원도 홍천군 홍천읍,사망사고,1,0,0,0,차대사람 - 횡단중,안전운전불이행,건조,맑음,교차로 - 교차로부근,화물,남,59세,상해없음,보행자,여,87세,사망
2013052200100250,2013년 5월 22일 12시,수요일,강원도 강릉시 옥천동,경상사고,0,0,3,0,차대차 - 측면직각충돌,안전운전불이행,건조,맑음,교차로 - 교차로안,승용,남,71세,경상,승용,여,33세,경상
2013052200100251,2013년 5월 22일 12시,수요일,강원도 동해시 효가동,경상사고,0,0,1,0,차대사람 - 차도통행중,안전운전불이행,건조,맑음,교차로 - 교차로안,승용,남,70세,상해없음,보행자,여,58세,경상
2013052200100279,2013년 5월 22일 13시,수요일,강원도 원주시 단계동,중상사고,0,2,0,0,차량단독 - 공작물충돌,안전운전불이행,건조,맑음,단일로 - 기타,승용,남,69세,상해없음,,,,
2013052200100345,2013년 5월 22일 15시,수요일,강원도 속초시 조양동,중상사고,0,1,1,0,차대차 - 측면직각충돌,교차로운행방법위반,건조,맑음,단일로 - 기타,승용,여,29세,상해없음,승용,여,28세,중상
2013052200100346,2013년 5월 22일 15시,수요일,강원도 고성군 토성면,경상사고,0,0,1,0,차대차 - 추돌 - 주정차중,안전운전불이행,건조,맑음,단일로 - 기타,화물,남,59세,상해없음,승용,여,47세,경상
2013052200100381,2013년 5월 22일 16시,수요일,강원도 태백시 황지동,중상사고,0,3,2,0,차대차 - 측면직각충돌,교차로운행방법위반,건조,맑음,교차로 - 교차로안,승용,여,46세,상해없음,승합,남,54세,중상
2013052200100452,2013년 5월 22일 18시,수요일,강원도 원주시 단구동,경상사고,0,0,1,0,차대차 - 추돌 - 주정차중,안전운전불이행,건조,맑음,교차로 - 교차로부근,승용,남,72세,상해없음,특수,남,26세,경상
2013052200100485,2013년 5월 22일 19시,수요일,강원도 원주시 명륜동,경상사고,0,0,2,0,차대차 - 추돌 - 주정차중,안전운전불이행,건조,맑음,단일로 - 기타,승용,남,34세,상해없음,승용,남,43세,경상
2013052200100563,2013년 5월 22일 21시,수요일,강원도 춘천시 후평동,경상사고,0,0,1,0,차대차 - 추돌 - 진행중,안전거리미확보,건조,맑음,교차로 - 교차로부근,승용,남,60세,상해없음,승용,남,38세,경상
2013052200100564,2013년 5월 22일 21시,수요일,강원도 원주시 문막읍,경상사고,0,0,2,0,차대차 - 추돌 - 진행중,안전운전불이행,건조,맑음,교차로 - 교차로안,이륜,남,16세,상해없음,승용,여,58세,경상
2013052200100601,2013년 5월 22일 22시,수요일,강원도 강릉시 유천동,중상사고,0,2,1,0,차량단독 - 전도전복,안전운전불이행,건조,맑음,교차로 - 교차로부근,승용,남,22세,상해없음,,,,
2013052200100631,2013년 5월 22일 23시,수요일,강원도 원주시 단구동,경상사고,0,0,1,0,차대차 - 추돌 - 진행중,안전운전불이행,건조,맑음,교차로 - 교차로부근,승용,남,42세,상해없음,승용,남,28세,경상
2013052300100059,2013년 5월 23일 04시,목요일,강원도 원주시 명륜동,경상사고,0,0,1,0,차대차 - 추돌 - 진행중,차로위반,건조,맑음,단일로 - 기타,승용,남,38세,상해없음,건설기계,남,28세,경상
2013052300100066,2013년 5월 23일 05시,목요일,강원도 동해시 발한동,중상사고,0,1,0,0,차대사람 - 기타,안전운전불이행,건조,맑음,단일로 - 기타,승용,여,53세,상해없음,보행자,여,76세,중상
2013052300100076,2013년 5월 23일 06시,목요일,강원도 홍천군 북방면,중상사고,0,1,0,0,차량단독 - 기타,안전운전불이행,기타,안개,단일로 - 기타,이륜,여,74세,중상,,,,
2013052300100162,2013년 5월 23일 09시,목요일,강원도 강릉시 포남동,중상사고,0,1,0,0,차대사람 - 횡단중,보행자보호의무위반,건조,맑음,단일로 - 횡단보도상,승용,남,46세,상해없음,보행자,남,60세,중상
2013052300100163,2013년 5월 23일 09시,목요일,강원도 원주시 단구동,중상사고,0,1,0,0,차대사람 - 횡단중,안전운전불이행,건조,맑음,단일로 - 기타,승합,여,42세,상해없음,보행자,남,59세,중상
2013052300100241,2013년 5월 23일 12시,목요일,강원도 원주시 귀래면,중상사고,0,1,0,0,차대차 - 기타,안전운전불이행,건조,맑음,단일로 - 기타,건설기계,남,55세,상해없음,화물,남,65세,중상
2013052300100242,2013년 5월 23일 12시,목요일,강원도 속초시 교동,경상사고,0,0,1,0,차대사람 - 보도통행중,안전운전불이행,건조,맑음,단일로 - 기타,승용,남,55세,상해없음,보행자,여,42세,경상
2013052300100243,2013년 5월 23일 12시,목요일,강원도 삼척시 도계읍,중상사고,0,1,0,0,차대차 - 기타,안전운전불이행,건조,맑음,기타 - 기타,승용,여,45세,상해없음,승용,기타불명,기타불명,기타불명
2013052300100266,2013년 5월 23일 13시,목요일,강원도 춘천시 석사동,경상사고,0,0,2,0,차대차 - 측면직각충돌,안전거리미확보,건조,맑음,교차로 - 교차로부근,승용,여,34세,경상,이륜,남,26세,경상
2013052300100267,2013년 5월 23일 13시,목요일,강원도 원주시 학성동,경상사고,0,0,3,0,차대차 - 측면직각충돌,교차로운행방법위반,건조,맑음,단일로 - 기타,승용,여,26세,기타불명,승용,남,55세,경상
2013052300100296,2013년 5월 23일 14시,목요일,강원도 홍천군 서면,경상사고,0,0,3,0,차대사람 - 기타,안전운전불이행,기타,맑음,기타 - 기타,건설기계,남,49세,상해없음,보행자,남,55세,경상
2013052300100321,2013년 5월 23일 15시,목요일,강원도 원주시 학성동,경상사고,0,0,1,0,차대차 - 추돌 - 진행중,안전거리미확보,건조,맑음,단일로 - 기타,이륜,남,25세,상해없음,승용,여,56세,경상
2013052300100359,2013년 5월 23일 16시,목요일,강원도 강릉시 교동,경상사고,0,0,1,0,차대차 - 추돌 - 진행중,안전운전불이행,건조,맑음,단일로 - 기타,승용,남,61세,상해없음,승용,남,71세,경상
2013052300100403,2013년 5월 23일 17시,목요일,강원도 춘천시 동면,사망사고,1,0,0,0,차대차 - 기타,안전운전불이행,건조,맑음,단일로 - 기타,승용,여,59세,상해없음,자전거,남,67세,사망
2013052300100404,2013년 5월 23일 17시,목요일,강원도 속초시 조양동,경상사고,0,0,2,0,차대차 - 측면직각충돌,신호위반,건조,맑음,교차로 - 교차로안,화물,남,61세,상해없음,승용,여,33세,경상
2013052300100405,2013년 5월 23일 17시,목요일,강원도 양구군 양구읍,경상사고,0,0,5,0,차대차 - 측면직각충돌,안전운전불이행,건조,맑음,단일로 - 기타,승용,남,59세,상해없음,승용,여,36세,경상
2013052300100447,2013년 5월 23일 18시,목요일,강원도 홍천군 화촌면,중상사고,0,1,0,0,차량단독 - 공작물충돌,안전운전불이행,건조,맑음,단일로 - 기타,건설기계,남,33세,상해없음,,,,
2013052300100448,2013년 5월 23일 18시,목요일,강원도 평창군 용평면,경상사고,0,0,3,0,차대차 - 추돌 - 진행중,안전운전불이행,건조,맑음,교차로 - 교차로부근,승용,남,70세,상해없음,승용,남,21세,경상
2013052300100449,2013년 5월 23일 18시,목요일,강원도 평창군 대관령면,경상사고,0,0,3,0,차대차 - 측면직각충돌,안전운전불이행,건조,맑음,교차로 - 교차로안,승용,여,51세,상해없음,승용,남,33세,경상
2013052300100477,2013년 5월 23일 19시,목요일,강원도 강릉시 포남동,경상사고,0,0,4,0,차대차 - 측면직각충돌,중앙선침범,건조,맑음,교차로 - 교차로부근,이륜,남,17세,상해없음,승용,남,29세,경상
2013052300100478,2013년 5월 23일 19시,목요일,강원도 원주시 개운동,경상사고,0,0,4,0,차대차 - 측면직각충돌,교차로운행방법위반,건조,맑음,교차로 - 교차로안,승용,여,51세,상해없음,승용,남,41세,경상
2013052300100479,2013년 5월 23일 19시,목요일,강원도 철원군 동송읍,경상사고,0,0,2,0,차대차 - 측면직각충돌,안전운전불이행,건조,맑음,단일로 - 기타,이륜,남,52세,경상,원동기,남,50세,경상
2013052400100055,2013년 5월 24일 04시,금요일,강원도 평창군 용평면,중상사고,0,2,1,0,차대차 - 추돌 - 진행중,안전운전불이행,건조,맑음,단일로 - 터널,화물,남,30세,상해없음,화물,남,55세,중상
2013052400100080,2013년 5월 24일 06시,금요일,강원도 삼척시 당저동,중상사고,0,1,1,0,차대차 - 정면충돌,안전운전불이행,건조,맑음,교차로 - 교차로안,원동기,남,62세,중상,승용,여,54세,경상
2013052400100081,2013년 5월 24일 06시,금요일,강원도 평창군 진부면,경상사고,0,0,1,0,차량단독 - 공작물충돌,안전운전불이행,건조,맑음,단일로 - 터널,승용,남,25세,경상,,,,
2013052400100111,2013년 5월 24일 07시,금요일,강원도 춘천시 후평동,경상사고,0,0,1,0,차대차 - 측면직각충돌,안전운전불이행,건조,맑음,단일로 - 기타,승용,남,69세,상해없음,승용,남,57세,경상
2013052400100146,2013년 5월 24일 08시,금요일,강원도 원주시 개운동,경상사고,0,0,1,0,차대사람 - 횡단중,보행자보호의무위반,건조,맑음,교차로 - 교차로부근,승용,여,40세,상해없음,보행자,여,60세,경상
2013052400100206,2013년 5월 24일 10시,금요일,강원도 강릉시 교동,중상사고,0,1,0,0,차대차 - 측면직각충돌,안전운전불이행,건조,맑음,단일로 - 기타,승용,남,80세,기타불명,이륜,남,64세,중상
2013052400100207,2013년 5월 24일 10시,금요일,강원도 강릉시 성남동,중상사고,0,1,0,0,차대사람 - 길가장자리구역통행중,안전운전불이행,건조,맑음,단일로 - 기타,승용,여,52세,상해없음,보행자,남,77세,중상
2013052400100251,2013년 5월 24일 12시,금요일,강원도 춘천시 효자동,중상사고,0,1,0,0,차대차 - 측면직각충돌,안전운전불이행,건조,맑음,교차로 - 교차로안,승용,여,33세,상해없음,원동기,남,42세,중상
2013052400100300,2013년 5월 24일 14시,금요일,강원도 원주시 관설동,중상사고,0,1,0,0,차대차 - 측면직각충돌,신호위반,건조,맑음,교차로 - 교차로안,승용,여,56세,상해없음,승용,남,50세,중상
2013052400100301,2013년 5월 24일 14시,금요일,강원도 속초시 중앙동,중상사고,0,1,0,0,차대차 - 측면직각충돌,안전운전불이행,건조,맑음,단일로 - 기타,승용,남,62세,상해없음,승용,남,57세,상해없음
2013052400100302,2013년 5월 24일 14시,금요일,강원도 영월군 수주면,경상사고,0,0,1,0,차대차 - 측면직각충돌,교차로운행방법위반,건조,맑음,교차로 - 교차로안,승용,여,48세,상해없음,승용,남,33세,상해없음
2013052400100323,2013년 5월 24일 15시,금요일,강원도 홍천군 홍천읍,경상사고,0,0,1,0,차대사람 - 기타,안전운전불이행,건조,맑음,기타 - 기타,승합,남,28세,상해없음,보행자,여,14세,경상
2013052400100360,2013년 5월 24일 16시,금요일,강원도 원주시 우산동,부상신고사고,0,0,0,1,차대차 - 측면직각충돌,신호위반,건조,맑음,교차로 - 교차로부근,자전거,남,13세,부상신고,승용,남,45세,상해없음
2013052400100361,2013년 5월 24일 16시,금요일,강원도 강릉시 옥계면,경상사고,0,0,2,0,차대차 - 기타,안전운전불이행,건조,맑음,기타 - 기타,승용,남,39세,상해없음,승용,남,44세,경상
2013052400100461,2013년 5월 24일 18시,금요일,강원도 원주시 단구동,경상사고,0,0,1,0,차대차 - 측면직각충돌,교차로운행방법위반,건조,맑음,교차로 - 교차로부근,승용,남,44세,상해없음,자전거,남,11세,경상
2013052400100503,2013년 5월 24일 19시,금요일,강원도 원주시 무실동,중상사고,0,1,0,0,차대차 - 측면직각충돌,신호위반,건조,맑음,교차로 - 교차로안,승용,남,31세,상해없음,원동기,남,61세,중상
2013052400100535,2013년 5월 24일 20시,금요일,강원도 태백시 황지동,경상사고,0,0,1,0,차대차 - 측면직각충돌,신호위반,건조,맑음,교차로 - 교차로안,승용,여,40세,상해없음,승용,남,31세,경상
2013052400100606,2013년 5월 24일 22시,금요일,강원도 춘천시 퇴계동,경상사고,0,0,1,0,차대차 - 측면직각충돌,안전운전불이행,건조,맑음,교차로 - 교차로안,승용,남,56세,상해없음,원동기,남,16세,경상
2013052400100645,2013년 5월 24일 23시,금요일,강원도 원주시 태장동,경상사고,0,0,1,0,차량단독 - 공작물충돌,안전운전불이행,건조,맑음,교차로 - 교차로부근,승용,여,32세,상해없음,,,,
2013052500100040,2013년 5월 25일 01시,토요일,강원도 원주시 단계동,중상사고,0,1,0,0,차대차 - 측면직각충돌,중앙선침범,건조,맑음,교차로 - 교차로부근,승용,남,33세,상해없음,승용,남,54세,중상
2013052500100066,2013년 5월 25일 02시,토요일,강원도 강릉시 옥천동,중상사고,0,1,0,0,차대사람 - 차도통행중,안전운전불이행,건조,맑음,교차로 - 교차로안,승용,여,48세,상해없음,보행자,남,38세,중상
2013052500100087,2013년 5월 25일 03시,토요일,강원도 속초시 교동,경상사고,0,0,1,0,차대차 - 측면직각충돌,신호위반,건조,맑음,교차로 - 교차로안,승용,남,24세,상해없음,승용,남,43세,상해없음
2013052500100102,2013년 5월 25일 04시,토요일,강원도 강릉시 포남동,경상사고,0,0,1,0,차대차 - 추돌 - 주정차중,안전운전불이행,건조,맑음,단일로 - 기타,승용,남,22세,상해없음,승용,여,47세,기타불명
2013052500100117,2013년 5월 25일 05시,토요일,강원도 원주시 관설동,경상사고,0,0,2,0,차대차 - 측면직각충돌,신호위반,건조,맑음,교차로 - 교차로안,승용,남,42세,상해없음,승용,남,34세,경상
2013052500100136,2013년 5월 25일 06시,토요일,강원도 원주시 명륜동,경상사고,0,0,1,0,차대차 - 측면직각충돌,중앙선침범,건조,맑음,단일로 - 기타,승용,남,42세,상해없음,화물,남,43세,경상
2013052500100137,2013년 5월 25일 06시,토요일,강원도 동해시 구미동,경상사고,0,0,2,0,차대차 - 기타,직진우회전진행방해,건조,맑음,교차로 - 교차로안,승용,여,39세,상해없음,승용,남,38세,경상
2013052500100155,2013년 5월 25일 07시,토요일,강원도 강릉시 포남동,경상사고,0,0,1,0,차대차 - 측면직각충돌,안전운전불이행,건조,맑음,단일로 - 기타,승용,남,77세,상해없음,승용,남,65세,상해없음
2013052500100156,2013년 5월 25일 07시,토요일,강원도 홍천군 내촌면,경상사고,0,0,1,0,차대차 - 기타,기타,건조,맑음,단일로 - 기타,기타불명,기타불명,기타불명,기타불명,이륜,남,37세,경상
2013052500100184,2013년 5월 25일 08시,토요일,강원도 춘천시 후평동,부상신고사고,0,0,0,1,차대차 - 측면직각충돌,안전운전불이행,건조,맑음,단일로 - 기타,승용,여,56세,상해없음,원동기,남,70세,부상신고
2013052500100213,2013년 5월 25일 09시,토요일,강원도 양구군 양구읍,경상사고,0,0,1,0,차대차 - 측면직각충돌,안전운전불이행,건조,맑음,교차로 - 교차로부근,승용,남,29세,상해없음,승용,남,22세,경상
2013052500100244,2013년 5월 25일 10시,토요일,강원도 원주시 문막읍,중상사고,0,1,1,0,차대차 - 측면직각충돌,안전운전불이행,건조,맑음,기타 - 기타,이륜,남,24세,중상,승합,남,60세,경상
2013052500100245,2013년 5월 25일 10시,토요일,강원도 홍천군 서석면,중상사고,0,1,0,0,차대차 - 기타,안전운전불이행,건조,맑음,단일로 - 기타,승합,남,51세,상해없음,승용,남,61세,중상
2013052500100246,2013년 5월 25일 10시,토요일,강원도 평창군 진부면,중상사고,0,1,1,0,차대사람 - 길가장자리구역통행중,안전운전불이행,건조,맑음,단일로 - 기타,승용,남,74세,상해없음,보행자,여,58세,중상
2013052500100279,2013년 5월 25일 11시,토요일,강원도 강릉시 성산면,경상사고,0,0,3,0,차대차 - 측면직각충돌,안전운전불이행,건조,맑음,기타 - 기타,화물,남,62세,상해없음,승용,남,43세,경상
2013052500100313,2013년 5월 25일 12시,토요일,강원도 춘천시 후평동,경상사고,0,0,1,0,차대사람 - 기타,기타,건조,맑음,단일로 - 기타,화물,남,45세,상해없음,보행자,남,16세,경상
2013052500100314,2013년 5월 25일 12시,토요일,강원도 속초시 교동,중상사고,0,1,1,0,차대차 - 추돌 - 진행중,안전운전불이행,건조,맑음,교차로 - 교차로부근,승용,남,20세,상해없음,승용,남,43세,중상
2013052500100315,2013년 5월 25일 12시,토요일,강원도 원주시 부론면,중상사고,0,3,1,0,차대차 - 기타,안전운전불이행,건조,맑음,기타 - 기타,승용,여,49세,상해없음,승용,여,41세,중상
2013052500100348,2013년 5월 25일 13시,토요일,강원도 원주시 판부면,경상사고,0,0,1,0,차대차 - 추돌 - 진행중,안전운전불이행,건조,맑음,단일로 - 기타,승용,여,29세,경상,승용,남,66세,상해없음
2013052500100458,2013년 5월 25일 16시,토요일,강원도 횡성군 안흥면,경상사고,0,0,1,0,차대차 - 기타,안전운전불이행,건조,맑음,단일로 - 기타,화물,남,72세,상해없음,화물,여,65세,경상
2013052500100497,2013년 5월 25일 17시,토요일,강원도 춘천시 효자동,경상사고,0,0,1,0,차대차 - 측면직각충돌,안전운전불이행,건조,맑음,단일로 - 기타,승용,남,63세,상해없음,승합,남,51세,경상
2013052500100498,2013년 5월 25일 17시,토요일,강원도 동해시 천곡동,경상사고,0,0,2,0,차대차 - 추돌 - 진행중,안전거리미확보,건조,맑음,교차로 - 교차로부근,승용,남,25세,상해없음,승용,여,33세,경상
2013052500100541,2013년 5월 25일 18시,토요일,강원도 철원군 근남면,중상사고,0,2,1,0,차량단독 - 공작물충돌,안전운전불이행,건조,맑음,단일로 - 기타,승용,남,20세,중상,,,,