사고번호,사고일시,요일,시군구,사고내용,사망자수,중상자수,경상자수,부상신고자수,사고유형,법규위반,노면상태,기상상태,도로형태,가해운전자 차종,가해운전자 성별,가해운전자 연령,가해운전자 상해정도,피해운전자 차종,피해운전자 성별,피해운전자 연령,피해운전자 상해정도
2013060900100121,2013년 6월 9일 08시,일요일,강원도 양양군 양양읍,경상사고,0,0,1,0,차대사람 - 길가장자리구역통행중,안전운전불이행,건조,맑음,단일로 - 기타,승용,여,47세,상해없음,보행자,여,63세,경상
2013060900100139,2013년 6월 9일 09시,일요일,강원도 원주시 우산동,경상사고,0,0,5,0,차대차 - 측면직각충돌,교차로운행방법위반,건조,맑음,교차로 - 교차로부근,승용,여,36세,상해없음,승용,여,33세,경상
2013060900100140,2013년 6월 9일 09시,일요일,강원도 원주시 단계동,경상사고,0,0,2,0,차대차 - 측면직각충돌,교차로운행방법위반,건조,맑음,교차로 - 교차로안,승용,남,23세,상해없음,승용,남,45세,경상
2013060900100186,2013년 6월 9일 11시,일요일,강원도 영월군 영월읍,경상사고,0,0,1,0,차대차 - 측면직각충돌,교차로운행방법위반,건조,맑음,교차로 - 교차로안,승용,남,36세,상해없음,원동기,남,65세,경상
2013060900100205,2013년 6월 9일 12시,일요일,강원도 원주시 단구동,경상사고,0,0,2,0,차대차 - 측면직각충돌,직진우회전진행방해,건조,맑음,교차로 - 교차로안,승용,남,55세,상해없음,승용,남,56세,경상
2013060900100206,2013년 6월 9일 12시,일요일,강원도 홍천군 동면,중상사고,0,2,3,0,차대차 - 측면직각충돌,안전운전불이행,건조,맑음,단일로 - 기타,승용,남,25세,상해없음,승용,남,40세,중상
2013060900100229,2013년 6월 9일 13시,일요일,강원도 원주시 판부면,경상사고,0,0,1,0,차대차 - 정면충돌,중앙선침범,건조,맑음,교차로 - 교차로부근,승용,남,50세,상해없음,원동기,남,71세,경상
2013060900100256,2013년 6월 9일 14시,일요일,강원도 강릉시 강문동,경상사고,0,0,5,0,차대차 - 측면직각충돌,안전운전불이행,건조,맑음,교차로 - 교차로안,승용,남,56세,상해없음,승용,남,28세,경상
2013060900100300,2013년 6월 9일 16시,일요일,강원도 원주시 우산동,경상사고,0,0,5,0,차대차 - 추돌 - 주정차중,안전거리미확보,건조,맑음,단일로 - 기타,승용,남,44세,상해없음,승용,남,29세,경상
2013060900100329,2013년 6월 9일 17시,일요일,강원도 춘천시 효자동,중상사고,0,1,0,0,차대차 - 측면직각충돌,안전운전불이행,건조,맑음,교차로 - 교차로부근,승용,남,59세,상해없음,승용,남,49세,상해없음
2013060900100330,2013년 6월 9일 17시,일요일,강원도 춘천시 석사동,중상사고,0,1,0,0,차대차 - 기타,안전운전불이행,건조,맑음,단일로 - 횡단보도상,승용,남,32세,상해없음,자전거,남,57세,중상
2013060900100361,2013년 6월 9일 18시,일요일,강원도 강릉시 초당동,경상사고,0,0,1,0,차대사람 - 기타,안전운전불이행,건조,맑음,단일로 - 기타,승용,남,52세,상해없음,보행자,남,5세,경상
2013060900100362,2013년 6월 9일 18시,일요일,강원도 원주시 문막읍,중상사고,0,1,0,0,차대차 - 추돌 - 주정차중,안전운전불이행,건조,맑음,교차로 - 교차로부근,승합,남,35세,상해없음,승용,남,32세,중상
2013060900100421,2013년 6월 9일 20시,일요일,강원도 강릉시 포남동,경상사고,0,0,1,0,차대차 - 추돌 - 주정차중,안전운전불이행,건조,맑음,교차로 - 교차로부근,승용,남,49세,상해없음,승용,여,55세,경상
2013060900100422,2013년 6월 9일 20시,일요일,강원도 원주시 단구동,경상사고,0,0,1,0,차대차 - 기타,안전운전불이행,건조,맑음,교차로 - 교차로부근,승합,남,74세,상해없음,원동기,남,51세,경상
2013060900100443,2013년 6월 9일 21시,일요일,강원도 춘천시 교동,경상사고,0,0,2,0,차대사람 - 기타,안전운전불이행,건조,맑음,교차로 - 교차로부근,승합,남,22세,상해없음,보행자,남,19세,경상
2013060900100501,2013년 6월 9일 23시,일요일,강원도 춘천시 퇴계동,중상사고,0,1,2,0,차대차 - 추돌 - 주정차중,안전운전불이행,건조,맑음,교차로 - 교차로부근,승용,남,53세,기타불명,승용,남,33세,중상
2013061000100008,2013년 6월 10일 00시,월요일,강원도 원주시 단계동,경상사고,0,0,1,0,차대사람 - 길가장자리구역통행중,안전운전불이행,건조,맑음,단일로 - 기타,승용,남,45세,상해없음,보행자,남,46세,경상
2013061000100059,2013년 6월 10일 05시,월요일,강원도 춘천시 석사동,중상사고,0,3,1,0,차대차 - 측면직각충돌,교차로운행방법위반,건조,맑음,교차로 - 교차로안,승용,남,43세,상해없음,승용,남,46세,중상
2013061000100060,2013년 6월 10일 05시,월요일,강원도 춘천시 약사동,중상사고,0,1,0,0,차대차 - 측면직각충돌,기타,건조,맑음,단일로 - 기타,기타불명,기타불명,기타불명,기타불명,기타불명,기타불명,기타불명,기타불명
2013061000100074,2013년 6월 10일 06시,월요일,강원도 춘천시 동내면,경상사고,0,0,1,0,차대차 - 기타,교차로운행방법위반,건조,맑음,교차로 - 교차로안,승용,여,24세,상해없음,자전거,남,71세,경상
2013061000100094,2013년 6월 10일 07시,월요일,강원도 춘천시 효자동,경상사고,0,0,2,0,차대차 - 측면직각충돌,교차로운행방법위반,건조,맑음,교차로 - 교차로안,승용,여,56세,상해없음,승용,남,54세,경상
2013061000100095,2013년 6월 10일 07시,월요일,강원도 양양군 양양읍,중상사고,0,1,0,0,차대사람 - 보도통행중,안전운전불이행,건조,맑음,단일로 - 기타,승용,남,63세,상해없음,보행자,남,6세,중상
2013061000100096,2013년 6월 10일 07시,월요일,강원도 홍천군 홍천읍,중상사고,0,1,0,0,차대차 - 측면직각충돌,교차로운행방법위반,건조,맑음,교차로 - 교차로안,원동기,남,66세,중상,승용,여,45세,상해없음
2013061000100151,2013년 6월 10일 08시,월요일,강원도 원주시 학성동,경상사고,0,0,1,0,차대차 - 측면직각충돌,직진우회전진행방해,건조,맑음,교차로 - 교차로안,승용,남,44세,상해없음,승용,남,65세,경상
2013061000100152,2013년 6월 10일 08시,월요일,강원도 원주시 우산동,경상사고,0,0,2,0,차대차 - 측면직각충돌,교차로운행방법위반,건조,맑음,교차로 - 교차로안,승용,남,58세,상해없음,이륜,남,61세,경상
2013061000100196,2013년 6월 10일 09시,월요일,강원도 춘천시 우두동,경상사고,0,0,2,0,차대차 - 측면직각충돌,안전운전불이행,건조,맑음,단일로 - 기타,승용,여,54세,상해없음,승용,남,26세,경상
2013061000100197,2013년 6월 10일 09시,월요일,강원도 홍천군 홍천읍,중상사고,0,2,0,0,차량단독 - 공작물충돌,안전운전불이행,건조,맑음,기타 - 기타,화물,남,48세,중상,,,,
2013061000100253,2013년 6월 10일 11시,월요일,강원도 동해시 천곡동,중상사고,0,1,0,0,차대사람 - 기타,안전운전불이행,건조,맑음,교차로 - 교차로부근,화물,남,43세,상해없음,보행자,여,52세,중상
2013061000100254,2013년 6월 10일 11시,월요일,강원도 횡성군 둔내면,경상사고,0,0,4,0,차대차 - 추돌 - 진행중,안전거리미확보,건조,맑음,단일로 - 기타,승용,남,69세,경상,승용,남,34세,경상
2013061000100277,2013년 6월 10일 12시,월요일,강원도 삼척시 원덕읍,경상사고,0,0,1,0,차대차 - 추돌 - 주정차중,안전운전불이행,건조,맑음,교차로 - 교차로부근,승용,남,62세,상해없음,승용,남,51세,경상
2013061000100303,2013년 6월 10일 13시,월요일,강원도 강릉시 박월동,경상사고,0,0,1,0,차대차 - 측면직각충돌,안전운전불이행,건조,맑음,교차로 - 교차로안,승용,남,38세,상해없음,화물,남,42세,경상
2013061000100304,2013년 6월 10일 13시,월요일,강원도 속초시 교동,경상사고,0,0,1,0,차대차 - 측면직각충돌,안전거리미확보,건조,맑음,단일로 - 기타,승용,여,39세,상해없음,원동기,남,25세,경상
2013061000100334,2013년 6월 10일 14시,월요일,강원도 춘천시 퇴계동,경상사고,0,0,1,0,차대차 - 측면직각충돌,안전운전불이행,건조,맑음,단일로 - 기타,승용,남,46세,상해없음,원동기,여,32세,경상
2013061000100335,2013년 6월 10일 14시,월요일,강원도 원주시 단계동,경상사고,0,0,3,0,차대차 - 추돌 - 진행중,교차로운행방법위반,건조,맑음,교차로 - 교차로안,승용,여,31세,경상,승용,여,40세,경상
2013061000100367,2013년 6월 10일 15시,월요일,강원도 강릉시 내곡동,중상사고,0,1,1,0,차대차 - 추돌 - 진행중,안전운전불이행,건조,맑음,단일로 - 기타,화물,남,45세,상해없음,승합,남,60세,중상
2013061000100406,2013년 6월 10일 16시,월요일,강원도 강릉시 주문진읍,경상사고,0,0,2,0,차대차 - 측면직각충돌,신호위반,건조,맑음,교차로 - 교차로안,승용,남,61세,상해없음,승용,남,58세,경상
2013061000100407,2013년 6월 10일 16시,월요일,강원도 원주시 무실동,경상사고,0,0,1,0,차대차 - 측면직각충돌,직진우회전진행방해,건조,맑음,교차로 - 교차로안,승용,남,42세,상해없음,승용,여,21세,경상
2013061000100408,2013년 6월 10일 16시,월요일,강원도 속초시 교동,중상사고,0,1,1,0,차대차 - 측면직각충돌,안전운전불이행,건조,맑음,단일로 - 기타,승합,남,55세,상해없음,화물,남,71세,경상
2013061000100438,2013년 6월 10일 17시,월요일,강원도 삼척시 남양동,중상사고,0,1,0,0,차대사람 - 기타,안전운전불이행,건조,맑음,교차로 - 교차로안,자전거,남,22세,상해없음,보행자,여,45세,중상
2013061000100439,2013년 6월 10일 17시,월요일,강원도 홍천군 홍천읍,경상사고,0,0,1,0,차대차 - 기타,안전운전불이행,건조,맑음,단일로 - 기타,승용,남,43세,상해없음,원동기,남,65세,경상
2013061000100484,2013년 6월 10일 18시,월요일,강원도 춘천시 석사동,경상사고,0,0,1,0,차대차 - 측면직각충돌,안전거리미확보,건조,맑음,교차로 - 교차로부근,승용,남,80세,기타불명,승용,남,32세,경상
2013061000100485,2013년 6월 10일 18시,월요일,강원도 강릉시 포남동,경상사고,0,0,1,0,차대차 - 추돌 - 주정차중,안전운전불이행,건조,맑음,교차로 - 교차로부근,기타불명,기타불명,기타불명,기타불명,승용,여,47세,경상
2013061000100511,2013년 6월 10일 19시,월요일,강원도 춘천시 동내면,중상사고,0,1,0,0,차대차 - 정면충돌,신호위반,건조,맑음,교차로 - 교차로안,승용,여,59세,상해없음,승용,여,47세,중상
2013061000100512,2013년 6월 10일 19시,월요일,강원도 강릉시 포남동,경상사고,0,0,1,0,차대차 - 측면직각충돌,안전운전불이행,건조,맑음,단일로 - 기타,승용,남,53세,상해없음,자전거,남,17세,경상
2013061000100513,2013년 6월 10일 19시,월요일,강원도 강릉시 임당동,경상사고,0,0,1,0,차대사람 - 보도통행중,안전운전불이행,건조,맑음,단일로 - 기타,승용,여,50세,상해없음,보행자,남,76세,경상
2013061000100601,2013년 6월 10일 22시,월요일,강원도 원주시 단계동,경상사고,0,0,2,0,차대차 - 측면직각충돌,직진우회전진행방해,건조,맑음,교차로 - 교차로안,승용,남,24세,경상,승용,남,32세,경상
2013061000100628,2013년 6월 10일 23시,월요일,강원도 춘천시 효자동,경상사고,0,0,1,0,차대차 - 기타,교차로운행방법위반,건조,맑음,교차로 - 교차로안,승용,남,28세,상해없음,이륜,남,22세,경상
2013061000100629,2013년 6월 10일 23시,월요일,강원도 원주시 일산동,부상신고사고,0,0,0,1,차대사람 - 횡단중,보행자보호의무위반,건조,맑음,교차로 - 교차로부근,기타불명,기타불명,기타불명,기타불명,보행자,남,18세,부상신고
2013061000100630,2013년 6월 10일 23시,월요일,강원도 영월군 영월읍,중상사고,0,1,0,1,차대차 - 측면직각충돌,교차로운행방법위반,건조,맑음,교차로 - 교차로안,승용,여,48세,상해없음,승용,여,30세,중상
2013061100100008,2013년 6월 11일 00시,화요일,강원도 강릉시 내곡동,경상사고,0,0,4,0,차대차 - 기타,안전운전불이행,건조,맑음,단일로 - 기타,승용,여,52세,상해없음,승용,남,30세,경상
2013061100100009,2013년 6월 11일 00시,화요일,강원도 동해시 천곡동,경상사고,0,0,1,0,차대차 - 기타,교차로운행방법위반,건조,맑음,교차로 - 교차로안,승용,남,48세,상해없음,승용,여,51세,경상
2013061100100049,2013년 6월 11일 04시,화요일,강원도 원주시 명륜동,경상사고,0,0,3,0,차대차 - 측면직각충돌,교차로운행방법위반,건조,맑음,교차로 - 교차로안,승용,남,24세,상해없음,승용,남,45세,경상
2013061100100059,2013년 6월 11일 05시,화요일,강원도 춘천시 후평동,경상사고,0,0,1,0,차대차 - 측면직각충돌,직진우회전진행방해,건조,맑음,교차로 - 교차로안,승용,남,45세,상해없음,원동기,남,50세,경상
2013061100100081,2013년 6월 11일 07시,화요일,강원도 춘천시 효자동,경상사고,0,0,1,0,차대사람 - 기타,안전운전불이행,건조,맑음,단일로 - 기타,승용,여,28세,상해없음,보행자,남,46세,상해없음
2013061100100082,2013년 6월 11일 07시,화요일,강원도 원주시 신림면,경상사고,0,0,2,0,차대차 - 기타,중앙선침범,건조,맑음,단일로 - 기타,승용,여,52세,상해없음,승합,남,55세,상해없음
2013061100100111,2013년 6월 11일 08시,화요일,강원도 속초시 교동,중상사고,0,1,0,0,차대사람 - 횡단중,안전운전불이행,건조,흐림,단일로 - 기타,승용,여,47세,상해없음,보행자,여,35세,중상
2013061100100140,2013년 6월 11일 09시,화요일,강원도 홍천군 두촌면,경상사고,0,0,1,0,차대사람 - 기타,안전운전불이행,건조,맑음,기타 - 기타,승용,남,39세,상해없음,보행자,남,63세,경상
2013061100100141,2013년 6월 11일 09시,화요일,강원도 태백시 황지동,중상사고,0,1,0,0,차대사람 - 횡단중,안전운전불이행,건조,맑음,단일로 - 기타,승용,여,44세,상해없음,보행자,여,71세,중상
2013061100100187,2013년 6월 11일 11시,화요일,강원도 춘천시 석사동,경상사고,0,0,3,0,차대차 - 측면직각충돌,안전거리미확보,건조,맑음,단일로 - 기타,승합,남,56세,상해없음,승합,남,47세,경상
2013061100100188,2013년 6월 11일 11시,화요일,강원도 춘천시 퇴계동,중상사고,0,1,0,0,차량단독 - 기타,안전운전불이행,건조,맑음,단일로 - 기타,승용,여,47세,상해없음,,,,
2013061100100189,2013년 6월 11일 11시,화요일,강원도 춘천시 사농동,중상사고,0,1,0,0,차대차 - 측면직각충돌,중앙선침범,건조,맑음,단일로 - 기타,자전거,여,70세,중상,승용,여,42세,상해없음
2013061100100216,2013년 6월 11일 12시,화요일,강원도 강릉시 연곡면,경상사고,0,0,1,0,차량단독 - 전도전복,안전운전불이행,건조,맑음,단일로 - 기타,이륜,남,26세,경상,,,,
2013061100100217,2013년 6월 11일 12시,화요일,강원도 태백시 황지동,경상사고,0,0,1,0,차대차 - 측면직각충돌,신호위반,건조,맑음,교차로 - 교차로안,화물,여,48세,상해없음,승용,여,35세,경상
2013061100100218,2013년 6월 11일 12시,화요일,강원도 태백시 통동,경상사고,0,0,2,0,차대차 - 측면직각충돌,교차로운행방법위반,건조,맑음,교차로 - 교차로안,승용,남,38세,상해없음,승용,남,70세,경상
2013061100100239,2013년 6월 11일 13시,화요일,강원도 속초시 조양동,중상사고,0,3,1,0,차대차 - 추돌 - 진행중,기타,건조,맑음,교차로 - 교차로안,화물,여,50세,상해없음,승용,남,35세,경상
2013061100100240,2013년 6월 11일 13시,화요일,강원도 삼척시 교동,경상사고,0,0,1,0,차대차 - 측면직각충돌,안전운전불이행,건조,맑음,단일로 - 기타,승용,남,68세,상해없음,이륜,남,23세,경상
2013061100100241,2013년 6월 11일 13시,화요일,강원도 평창군 대화면,중상사고,0,1,0,0,차대차 - 측면직각충돌,안전운전불이행,건조,맑음,교차로 - 교차로안,승용,남,35세,상해없음,원동기,남,53세,중상
2013061100100242,2013년 6월 11일 13시,화요일,강원도 동해시 발한동,경상사고,0,0,1,0,차대차 - 측면직각충돌,교차로운행방법위반,건조,맑음,교차로 - 교차로안,화물,여,49세,상해없음,승용,여,31세,경상
2013061100100299,2013년 6월 11일 15시,화요일,강원도 속초시 중앙동,경상사고,0,0,1,0,차대차 - 측면직각충돌,안전운전불이행,건조,흐림,단일로 - 기타,화물,남,58세,상해없음,원동기,남,50세,경상
2013061100100330,2013년 6월 11일 16시,화요일,강원도 원주시 무실동,경상사고,0,0,1,0,차대사람 - 기타,안전운전불이행,건조,맑음,단일로 - 기타,승용,여,42세,상해없음,보행자,남,2세,경상
2013061100100377,2013년 6월 11일 17시,화요일,강원도 강릉시 포남동,경상사고,0,0,1,0,차대사람 - 기타,안전운전불이행,건조,맑음,교차로 - 교차로부근,승용,여,43세,상해없음,보행자,남,6세,경상
2013061100100378,2013년 6월 11일 17시,화요일,강원도 강릉시 포남동,경상사고,0,0,1,0,차대차 - 정면충돌,중앙선침범,건조,맑음,단일로 - 기타,승용,남,70세,기타불명,이륜,남,37세,경상
2013061100100422,2013년 6월 11일 18시,화요일,강원도 강릉시 성남동,경상사고,0,0,2,0,차대사람 - 기타,안전운전불이행,건조,맑음,단일로 - 기타,승용,남,29세,상해없음,보행자,여,42세,경상
2013061100100423,2013년 6월 11일 18시,화요일,강원도 강릉시 남문동,경상사고,0,0,1,0,차대사람 - 차도통행중,안전운전불이행,건조,맑음,교차로 - 교차로안,승용,여,57세,상해없음,보행자,남,20세,경상
2013061100100512,2013년 6월 11일 20시,화요일,강원도 춘천시 교동,경상사고,0,0,1,0,차대차 - 측면직각충돌,안전운전불이행,건조,맑음,교차로 - 교차로부근,승용,남,28세,상해없음,승용,여,52세,경상
2013061100100513,2013년 6월 11일 20시,화요일,강원도 춘천시 석사동,중상사고,0,1,0,0,차대차 - 추돌 - 진행중,안전운전불이행,건조,흐림,단일로 - 기타,화물,남,26세,상해없음,이륜,남,35세,중상
2013061100100514,2013년 6월 11일 20시,화요일,강원도 춘천시 후평동,중상사고,0,1,1,0,차대차 - 측면직각충돌,기타,건조,맑음,교차로 - 교차로안,화물,남,40세,상해없음,이륜,남,51세,중상
2013061100100515,2013년 6월 11일 20시,화요일,강원도 속초시 교동,중상사고,0,1,0,0,차대사람 - 길가장자리구역통행중,안전운전불이행,습기,비,단일로 - 기타,승용,남,45세,상해없음,보행자,남,55세,중상
2013061100100516,2013년 6월 11일 20시,화요일,강원도 속초시 교동,중상사고,0,3,0,0,차대사람 - 횡단중,보행자보호의무위반,습기,비,교차로 - 교차로부근,화물,여,40세,상해없음,보행자,여,32세,중상
2013061100100558,2013년 6월 11일 21시,화요일,강원도 춘천시 낙원동,경상사고,0,0,1,0,차대차 - 추돌 - 진행중,직진우회전진행방해,습기,비,교차로 - 교차로안,승용,여,44세,상해없음,자전거,남,15세,경상
2013061100100559,2013년 6월 11일 21시,화요일,강원도 강릉시 홍제동,경상사고,0,0,2,0,차대사람 - 기타,안전운전불이행,건조,맑음,단일로 - 기타,원동기,남,20세,상해없음,보행자,여,42세,경상
2013061100100598,2013년 6월 11일 22시,화요일,강원도 춘천시 후평동,경상사고,0,0,1,0,차대사람 - 기타,보행자보호의무위반,습기,비,교차로 - 교차로안,기타불명,기타불명,기타불명,기타불명,보행자,남,53세,경상
2013061100100599,2013년 6월 11일 22시,화요일,강원도 춘천시 석사동,경상사고,0,0,2,0,차대차 - 측면직각충돌,안전운전불이행,건조,맑음,단일로 - 기타,승용,남,49세,상해없음,승용,남,40세,경상
2013061100100600,2013년 6월 11일 22시,화요일,강원도 원주시 단구동,중상사고,0,1,1,0,차대차 - 추돌 - 주정차중,안전거리미확보,습기,비,교차로 - 교차로부근,승용,남,33세,상해없음,승용,남,67세,경상
2013061100100601,2013년 6월 11일 22시,화요일,강원도 태백시 황지동,경상사고,0,0,1,0,차대사람 - 차도통행중,안전운전불이행,습기,비,교차로 - 교차로안,승용,남,27세,상해없음,보행자,여,16세,경상
2013061100100655,2013년 6월 11일 23시,화요일,강원도 춘천시 효자동,경상사고,0,0,1,0,차대차 - 측면직각충돌,안전운전불이행,건조,흐림,단일로 - 기타,승용,남,59세,상해없음,승용,남,37세,경상
2013061100100656,2013년 6월 11일 23시,화요일,강원도 강릉시 교동,중상사고,0,2,2,0,차대차 - 측면직각충돌,안전운전불이행,습기,비,교차로 - 교차로안,승용,여,34세,상해없음,승용,남,21세,경상
2013061200100011,2013년 6월 12일 00시,수요일,강원도 춘천시 효자동,경상사고,0,0,1,1,차대차 - 기타,기타,습기,비,단일로 - 기타,승용,남,58세,상해없음,이륜,남,24세,부상신고
2013061200100032,2013년 6월 12일 01시,수요일,강원도 춘천시 효자동,경상사고,0,0,1,0,차대사람 - 기타,안전운전불이행,습기,비,단일로 - 기타,승용,남,60세,상해없음,보행자,남,51세,경상
2013061200100094,2013년 6월 12일 07시,수요일,강원도 춘천시 효자동,경상사고,0,0,1,0,차대사람 - 횡단중,보행자보호의무위반,건조,흐림,단일로 - 횡단보도상,승용,남,57세,상해없음,보행자,여,17세,경상
2013061200100178,2013년 6월 12일 10시,수요일,강원도 원주시 단구동,부상신고사고,0,0,0,1,차대차 - 측면직각충돌,직진우회전진행방해,건조,맑음,교차로 - 교차로안,이륜,남,66세,부상신고,승용,여,48세,상해없음
2013061200100179,2013년 6월 12일 10시,수요일,강원도 삼척시 근덕면,경상사고,0,0,1,0,차대차 - 기타,안전운전불이행,습기,흐림,교차로 - 교차로안,원동기,남,53세,경상,승합,남,71세,상해없음
2013061200100208,2013년 6월 12일 11시,수요일,강원도 원주시 일산동,중상사고,0,2,0,0,차대차 - 추돌 - 주정차중,안전거리미확보,습기,비,교차로 - 교차로안,승용,여,57세,상해없음,승용,남,28세,중상
2013061200100229,2013년 6월 12일 12시,수요일,강원도 원주시 태장동,중상사고,0,1,0,0,차대차 - 측면직각충돌,안전운전불이행,습기,비,단일로 - 기타,승용,남,37세,상해없음,승합,남,43세,상해없음
2013061200100258,2013년 6월 12일 13시,수요일,강원도 원주시 중앙동,경상사고,0,0,1,0,차대차 - 측면직각충돌,신호위반,습기,비,교차로 - 교차로안,승용,남,53세,상해없음,승용,여,35세,경상
2013061200100291,2013년 6월 12일 14시,수요일,강원도 춘천시 퇴계동,중상사고,0,1,2,0,차대차 - 추돌 - 주정차중,안전거리미확보,건조,맑음,단일로 - 기타,승용,여,44세,상해없음,승용,여,21세,경상
2013061200100292,2013년 6월 12일 14시,수요일,강원도 태백시 황지동,중상사고,0,1,0,0,차대사람 - 기타,보행자보호의무위반,건조,맑음,단일로 - 기타,승용,남,72세,상해없음,보행자,여,69세,중상
2013061200100328,2013년 6월 12일 15시,수요일,강원도 원주시 흥업면,경상사고,0,0,1,0,차대차 - 추돌 - 주정차중,안전거리미확보,습기,비,교차로 - 교차로부근,화물,남,39세,상해없음,승용,여,35세,경상
2013061200100329,2013년 6월 12일 15시,수요일,강원도 원주시 무실동,사망사고,1,1,1,0,차대차 - 추돌 - 진행중,안전거리미확보,습기,비,단일로 - 기타,승합,남,53세,상해없음,승용,남,30세,경상
2013061200100355,2013년 6월 12일 16시,수요일,강원도 태백시 황지동,경상사고,0,0,1,0,차대사람 - 횡단중,보행자보호의무위반,건조,맑음,단일로 - 기타,승용,여,45세,상해없음,보행자,남,11세,경상
2013061200100356,2013년 6월 12일 16시,수요일,강원도 정선군 정선읍,경상사고,0,0,1,0,차대차 - 기타,안전운전불이행,건조,맑음,단일로 - 횡단보도상,화물,남,52세,상해없음,이륜,남,45세,경상
2013061200100390,2013년 6월 12일 17시,수요일,강원도 고성군 현내면,경상사고,0,0,1,0,차대차 - 기타,중앙선침범,건조,맑음,단일로 - 기타,자전거,남,42세,경상,승용,남,53세,상해없음
2013061200100416,2013년 6월 12일 18시,수요일,강원도 강릉시 주문진읍,경상사고,0,0,1,0,차대사람 - 횡단중,중앙선침범,건조,맑음,교차로 - 교차로부근,승용,여,41세,상해없음,보행자,여,17세,경상
2013061200100417,2013년 6월 12일 18시,수요일,강원도 양양군 양양읍,경상사고,0,0,1,0,차대차 - 측면직각충돌,신호위반,건조,맑음,교차로 - 교차로안,승용,남,54세,상해없음,화물,여,44세,경상
2013061200100418,2013년 6월 12일 18시,수요일,강원도 속초시 교동,경상사고,0,0,1,0,차대사람 - 차도통행중,안전운전불이행,건조,맑음,단일로 - 기타,승용,남,56세,상해없음,보행자,여,43세,경상
2013061200100461,2013년 6월 12일 19시,수요일,강원도 강릉시 남문동,경상사고,0,0,1,0,차대사람 - 차도통행중,안전운전불이행,건조,맑음,교차로 - 교차로안,승용,남,58세,상해없음,보행자,남,54세,경상
2013061200100462,2013년 6월 12일 19시,수요일,강원도 원주시 봉산동,경상사고,0,0,1,0,차량단독 - 기타,안전운전불이행,습기,흐림,단일로 - 기타,승합,남,60세,상해없음,,,,
2013061200100463,2013년 6월 12일 19시,수요일,강원도 홍천군 홍천읍,경상사고,0,0,1,0,차대차 - 기타,안전거리미확보,습기,맑음,교차로 - 교차로부근,승용,남,24세,상해없음,승용,남,29세,경상
2013061200100487,2013년 6월 12일 20시,수요일,강원도 강릉시 포남동,경상사고,0,0,3,0,차대차 - 추돌 - 진행중,안전운전불이행,건조,맑음,단일로 - 기타,화물,남,45세,상해없음,승용,여,48세,경상
2013061200100528,2013년 6월 12일 21시,수요일,강원도 원주시 명륜동,경상사고,0,0,1,0,차대차 - 추돌 - 진행중,안전운전불이행,건조,맑음,단일로 - 기타,승용,여,44세,상해없음,원동기,남,17세,경상
2013061200100529,2013년 6월 12일 21시,수요일,강원도 고성군 토성면,경상사고,0,0,1,0,차대차 - 추돌 - 주정차중,안전운전불이행,습기,비,단일로 - 기타,화물,남,42세,상해없음,승용,여,35세,경상
2013061200100570,2013년 6월 12일 22시,수요일,강원도 강릉시 입암동,중상사고,0,1,0,0,차대사람 - 횡단중,보행자보호의무위반,건조,맑음,단일로 - 횡단보도상,승용,남,53세,상해없음,보행자,여,17세,중상
2013061200100571,2013년 6월 12일 22시,수요일,강원도 원주시 태장동,경상사고,0,0,1,0,차대차 - 측면직각충돌,안전운전불이행,습기,맑음,단일로 - 기타,승용,여,53세,상해없음,승용,남,39세,경상
2013061200100572,2013년 6월 12일 22시,수요일,강원도 속초시 조양동,중상사고,0,1,0,0,차대사람 - 횡단중,안전운전불이행,건조,맑음,교차로 - 교차로안,승합,남,63세,상해없음,보행자,남,58세,중상
2013061200100573,2013년 6월 12일 22시,수요일,강원도 정선군 고한읍,경상사고,0,0,1,0,차대사람 - 차도통행중,안전운전불이행,습기,비,단일로 - 기타,승합,남,45세,상해없음,보행자,여,29세,경상
2013061200100607,2013년 6월 12일 23시,수요일,강원도 원주시 우산동,경상사고,0,0,2,0,차대차 - 추돌 - 주정차중,안전운전불이행,건조,맑음,교차로 - 교차로부근,승용,남,41세,상해없음,승용,남,31세,경상
2013061200100608,2013년 6월 12일 23시,수요일,강원도 양양군 양양읍,경상사고,0,0,5,0,차대차 - 측면직각충돌,직진우회전진행방해,건조,맑음,교차로 - 교차로안,승용,남,61세,상해없음,승용,남,50세,경상
2013061200100609,2013년 6월 12일 23시,수요일,강원도 양양군 양양읍,경상사고,0,0,1,0,차대차 - 측면직각충돌,교차로운행방법위반,건조,맑음,교차로 - 교차로안,승용,남,45세,상해없음,승용,여,33세,경상
2013061200100610,2013년 6월 12일 23시,수요일,강원도 화천군 사내면,경상사고,0,0,1,0,차대차 - 기타,안전운전불이행,건조,기타,교차로 - 교차로안,화물,남,47세,상해없음,승용,남,21세,경상
2013061300100007,2013년 6월 13일 00시,목요일,강원도 춘천시 석사동,중상사고,0,1,0,1,차대차 - 측면직각충돌,교차로운행방법위반,건조,맑음,교차로 - 교차로안,승용,여,54세,상해없음,승용,남,56세,상해없음
2013061300100058,2013년 6월 13일 05시,목요일,강원도 속초시 조양동,경상사고,0,0,1,0,차대차 - 추돌 - 주정차중,안전운전불이행,건조,맑음,단일로 - 기타,승용,남,49세,상해없음,승용,여,44세,경상
2013061300100089,2013년 6월 13일 07시,목요일,강원도 횡성군 횡성읍,중상사고,0,1,0,0,차대차 - 추돌 - 주정차중,안전운전불이행,건조,맑음,교차로 - 교차로부근,승용,남,80세,상해없음,승용,여,51세,중상