사고번호,사고일시,요일,시군구,사고내용,사망자수,중상자수,경상자수,부상신고자수,사고유형,법규위반,노면상태,기상상태,도로형태,가해운전자 차종,가해운전자 성별,가해운전자 연령,가해운전자 상해정도,피해운전자 차종,피해운전자 성별,피해운전자 연령,피해운전자 상해정도
2013062400100345,2013년 6월 24일 16시,월요일,강원도 원주시 태장동,중상사고,0,2,0,0,차대차 - 측면직각충돌,교차로운행방법위반,건조,맑음,교차로 - 교차로안,승용,여,41세,중상,승용,남,53세,중상
2013062400100416,2013년 6월 24일 18시,월요일,강원도 양구군 남면,중상사고,0,1,1,0,차대차 - 추돌 - 진행중,안전운전불이행,건조,맑음,교차로 - 교차로부근,화물,남,31세,경상,승용,여,34세,중상
2013062400100523,2013년 6월 24일 21시,월요일,강원도 춘천시 퇴계동,경상사고,0,0,3,0,차대차 - 측면직각충돌,신호위반,건조,맑음,교차로 - 교차로안,승용,남,22세,상해없음,승용,남,36세,경상
2013062400100524,2013년 6월 24일 21시,월요일,강원도 원주시 단계동,경상사고,0,0,2,0,차대사람 - 기타,안전운전불이행,건조,맑음,단일로 - 기타,승용,여,32세,상해없음,보행자,여,20세,경상
2013062400100555,2013년 6월 24일 22시,월요일,강원도 원주시 흥업면,경상사고,0,0,1,0,차대차 - 기타,차로위반,건조,맑음,단일로 - 기타,기타불명,기타불명,기타불명,기타불명,승용,남,40세,경상
2013062400100594,2013년 6월 24일 23시,월요일,강원도 춘천시 동면,경상사고,0,0,2,0,차대차 - 측면직각충돌,안전거리미확보,건조,맑음,단일로 - 기타,화물,남,57세,상해없음,승용,남,45세,경상
2013062500100136,2013년 6월 25일 08시,화요일,강원도 원주시 우산동,경상사고,0,0,1,0,차대차 - 추돌 - 진행중,안전운전불이행,건조,맑음,교차로 - 교차로부근,승용,남,50세,상해없음,승용,여,54세,경상
2013062500100170,2013년 6월 25일 09시,화요일,강원도 원주시 봉산동,경상사고,0,0,1,0,차대차 - 측면직각충돌,교차로운행방법위반,건조,맑음,교차로 - 교차로안,승용,남,34세,상해없음,화물,남,33세,경상
2013062500100171,2013년 6월 25일 09시,화요일,강원도 양구군 양구읍,중상사고,0,1,1,0,차대차 - 측면직각충돌,신호위반,건조,흐림,교차로 - 교차로안,승용,남,34세,경상,승용,남,41세,중상
2013062500100172,2013년 6월 25일 09시,화요일,강원도 동해시 발한동,경상사고,0,0,1,0,차대사람 - 횡단중,안전운전불이행,건조,맑음,교차로 - 교차로부근,승용,남,55세,상해없음,보행자,여,47세,경상
2013062500100199,2013년 6월 25일 10시,화요일,강원도 정선군 고한읍,경상사고,0,0,1,0,차대차 - 기타,신호위반,건조,맑음,교차로 - 교차로안,승용,남,75세,상해없음,승용,남,54세,경상
2013062500100226,2013년 6월 25일 11시,화요일,강원도 강릉시 교동,경상사고,0,0,1,0,차대차 - 측면직각충돌,안전운전불이행,건조,맑음,교차로 - 교차로안,승용,여,32세,상해없음,승용,여,57세,경상
2013062500100227,2013년 6월 25일 11시,화요일,강원도 강릉시 견소동,경상사고,0,0,2,0,차대차 - 정면충돌,중앙선침범,건조,맑음,단일로 - 기타,승용,여,34세,상해없음,승용,여,42세,경상
2013062500100228,2013년 6월 25일 11시,화요일,강원도 원주시 평원동,경상사고,0,0,2,0,차대차 - 측면직각충돌,신호위반,건조,맑음,교차로 - 교차로안,승용,남,77세,상해없음,승용,여,36세,경상
2013062500100266,2013년 6월 25일 12시,화요일,강원도 홍천군 남면,중상사고,0,1,1,0,차대차 - 기타,교차로운행방법위반,건조,맑음,교차로 - 교차로안,승용,남,57세,상해없음,농기계,남,83세,중상
2013062500100354,2013년 6월 25일 15시,화요일,강원도 횡성군 공근면,중상사고,0,1,0,0,차대차 - 추돌 - 진행중,안전운전불이행,건조,맑음,단일로 - 기타,승용,남,55세,상해없음,승용,여,55세,중상
2013062500100387,2013년 6월 25일 16시,화요일,강원도 원주시 학성동,중상사고,0,1,0,0,차대사람 - 기타,안전운전불이행,건조,맑음,단일로 - 기타,승합,남,54세,기타불명,보행자,여,68세,중상
2013062500100388,2013년 6월 25일 16시,화요일,강원도 원주시 명륜동,경상사고,0,0,1,0,차대차 - 추돌 - 주정차중,안전운전불이행,건조,맑음,기타 - 기타,승용,남,61세,상해없음,승용,여,52세,경상
2013062500100424,2013년 6월 25일 17시,화요일,강원도 춘천시 후평동,경상사고,0,0,2,0,차대차 - 측면직각충돌,신호위반,건조,맑음,교차로 - 교차로안,승합,남,57세,상해없음,승용,남,47세,경상
2013062500100474,2013년 6월 25일 18시,화요일,강원도 원주시 문막읍,경상사고,0,0,2,0,차대차 - 추돌 - 주정차중,안전운전불이행,건조,맑음,기타 - 기타,승용,여,49세,상해없음,승용,여,32세,경상
2013062500100475,2013년 6월 25일 18시,화요일,강원도 양구군 해안면,중상사고,0,3,5,0,차대차 - 측면직각충돌,안전운전불이행,건조,흐림,교차로 - 교차로안,화물,남,50세,상해없음,승합,여,51세,경상
2013062500100552,2013년 6월 25일 20시,화요일,강원도 동해시 천곡동,경상사고,0,0,2,0,차대차 - 기타,교차로운행방법위반,건조,맑음,교차로 - 교차로안,승용,여,51세,경상,승용,여,45세,경상
2013062500100604,2013년 6월 25일 21시,화요일,강원도 원주시 단계동,경상사고,0,0,1,0,차대차 - 측면직각충돌,교차로운행방법위반,습기,비,교차로 - 교차로부근,승용,남,36세,상해없음,승용,남,31세,경상
2013062500100638,2013년 6월 25일 22시,화요일,강원도 고성군 간성읍,경상사고,0,0,1,0,차대사람 - 기타,안전운전불이행,건조,흐림,단일로 - 기타,화물,남,45세,상해없음,보행자,남,38세,경상
2013062500100675,2013년 6월 25일 23시,화요일,강원도 강릉시 내곡동,중상사고,0,1,0,0,차대사람 - 횡단중,안전운전불이행,건조,맑음,단일로 - 기타,승용,남,18세,상해없음,보행자,남,23세,중상
2013062500100676,2013년 6월 25일 23시,화요일,강원도 삼척시 교동,중상사고,0,1,0,0,차대차 - 측면직각충돌,신호위반,건조,맑음,교차로 - 교차로안,승용,남,18세,상해없음,원동기,남,16세,중상
2013062600100076,2013년 6월 26일 02시,수요일,강원도 원주시 단계동,경상사고,0,0,1,0,차대차 - 측면직각충돌,안전운전불이행,습기,비,단일로 - 기타,승용,여,46세,상해없음,승용,남,50세,경상
2013062600100099,2013년 6월 26일 04시,수요일,강원도 강릉시 교동,경상사고,0,0,4,0,차대차 - 측면직각충돌,중앙선침범,건조,맑음,단일로 - 기타,승용,남,54세,상해없음,승용,남,53세,경상
2013062600100113,2013년 6월 26일 06시,수요일,강원도 평창군 대관령면,경상사고,0,0,7,0,차대차 - 측면직각충돌,안전운전불이행,건조,흐림,교차로 - 교차로부근,승합,여,60세,상해없음,화물,남,47세,상해없음
2013062600100131,2013년 6월 26일 07시,수요일,강원도 춘천시 퇴계동,경상사고,0,0,1,0,차대사람 - 보도통행중,기타,건조,맑음,단일로 - 기타,승용,여,45세,상해없음,보행자,남,58세,경상
2013062600100132,2013년 6월 26일 07시,수요일,강원도 춘천시 효자동,경상사고,0,0,3,2,차대차 - 추돌 - 진행중,안전운전불이행,건조,맑음,단일로 - 기타,승용,여,44세,경상,승용,여,48세,경상
2013062600100171,2013년 6월 26일 08시,수요일,강원도 춘천시 조양동,경상사고,0,0,1,0,차대사람 - 기타,안전운전불이행,건조,맑음,단일로 - 기타,기타불명,기타불명,기타불명,기타불명,보행자,여,20세,경상
2013062600100172,2013년 6월 26일 08시,수요일,강원도 춘천시 동면,경상사고,0,0,1,0,차대차 - 측면직각충돌,중앙선침범,건조,맑음,단일로 - 기타,승용,남,76세,상해없음,승용,여,31세,경상
2013062600100173,2013년 6월 26일 08시,수요일,강원도 원주시 무실동,경상사고,0,0,1,0,차대사람 - 기타,안전운전불이행,습기,흐림,단일로 - 기타,승용,남,70세,상해없음,보행자,남,17세,경상
2013062600100214,2013년 6월 26일 09시,수요일,강원도 원주시 반곡동,경상사고,0,0,2,0,차대차 - 정면충돌,신호위반,건조,맑음,교차로 - 교차로안,화물,남,59세,상해없음,승용,남,33세,경상
2013062600100215,2013년 6월 26일 09시,수요일,강원도 속초시 장사동,중상사고,0,1,0,0,차대차 - 추돌 - 진행중,안전운전불이행,건조,맑음,단일로 - 기타,화물,남,37세,상해없음,자전거,남,53세,중상
2013062600100235,2013년 6월 26일 10시,수요일,강원도 원주시 우산동,경상사고,0,0,1,0,차대차 - 측면직각충돌,교차로운행방법위반,건조,맑음,교차로 - 교차로안,화물,남,49세,상해없음,승용,여,52세,경상
2013062600100264,2013년 6월 26일 11시,수요일,강원도 원주시 명륜동,경상사고,0,0,1,0,차대사람 - 기타,기타,건조,맑음,단일로 - 기타,승합,남,47세,상해없음,보행자,여,19세,경상
2013062600100286,2013년 6월 26일 12시,수요일,강원도 원주시 단구동,중상사고,0,1,0,0,차량단독 - 기타,안전운전불이행,건조,맑음,단일로 - 기타,승합,남,50세,상해없음,,,,
2013062600100306,2013년 6월 26일 13시,수요일,강원도 원주시 호저면,경상사고,0,0,1,0,차대차 - 측면직각충돌,안전거리미확보,건조,맑음,교차로 - 교차로안,승용,남,76세,상해없음,승용,여,41세,경상
2013062600100307,2013년 6월 26일 13시,수요일,강원도 양양군 서면,중상사고,0,2,0,0,차대차 - 추돌 - 진행중,중앙선침범,건조,맑음,단일로 - 기타,건설기계,남,40세,중상,건설기계,남,56세,중상
2013062600100336,2013년 6월 26일 14시,수요일,강원도 춘천시 후평동,중상사고,0,1,0,0,차대차 - 측면직각충돌,안전거리미확보,건조,맑음,단일로 - 기타,승용,남,74세,상해없음,이륜,남,77세,중상
2013062600100337,2013년 6월 26일 14시,수요일,강원도 홍천군 남면,중상사고,0,1,0,0,차대차 - 기타,중앙선침범,건조,맑음,기타 - 기타,승용,남,47세,상해없음,승용,남,29세,중상
2013062600100338,2013년 6월 26일 14시,수요일,강원도 동해시 발한동,경상사고,0,0,1,0,차대차 - 기타,교차로운행방법위반,건조,맑음,교차로 - 교차로안,화물,남,67세,상해없음,승용,여,55세,경상
2013062600100402,2013년 6월 26일 16시,수요일,강원도 동해시 북평동,경상사고,0,0,2,0,차대차 - 측면직각충돌,교차로운행방법위반,건조,맑음,교차로 - 교차로안,화물,남,47세,경상,승용,남,28세,경상
2013062600100441,2013년 6월 26일 17시,수요일,강원도 정선군 사북읍,경상사고,0,0,1,0,차대차 - 기타,안전운전불이행,건조,맑음,기타 - 기타,승용,남,51세,상해없음,화물,남,32세,경상
2013062600100478,2013년 6월 26일 18시,수요일,강원도 강릉시 홍제동,중상사고,0,1,0,0,차대차 - 측면직각충돌,안전운전불이행,건조,맑음,교차로 - 교차로안,화물,남,58세,상해없음,자전거,남,18세,중상
2013062600100479,2013년 6월 26일 18시,수요일,강원도 원주시 단계동,경상사고,0,0,1,0,차대차 - 측면직각충돌,기타,건조,흐림,교차로 - 교차로부근,승용,남,47세,상해없음,이륜,남,17세,경상
2013062600100480,2013년 6월 26일 18시,수요일,강원도 홍천군 홍천읍,경상사고,0,0,1,0,차대차 - 기타,교차로운행방법위반,건조,맑음,교차로 - 교차로안,승용,남,62세,상해없음,자전거,남,10세,경상
2013062600100481,2013년 6월 26일 18시,수요일,강원도 철원군 동송읍,사망사고,1,1,0,0,차대차 - 측면직각충돌,교차로운행방법위반,건조,맑음,교차로 - 교차로안,화물,남,33세,상해없음,원동기,남,54세,사망
2013062600100526,2013년 6월 26일 19시,수요일,강원도 춘천시 사농동,경상사고,0,0,1,0,차대차 - 추돌 - 진행중,안전거리미확보,건조,맑음,단일로 - 기타,승용,여,38세,상해없음,승합,남,46세,경상
2013062600100527,2013년 6월 26일 19시,수요일,강원도 동해시 천곡동,경상사고,0,0,3,0,차대차 - 기타,중앙선침범,건조,맑음,단일로 - 기타,승용,여,39세,상해없음,승용,남,21세,경상
2013062600100553,2013년 6월 26일 20시,수요일,강원도 춘천시 사농동,경상사고,0,0,3,0,차대차 - 추돌 - 진행중,안전운전불이행,습기,비,단일로 - 기타,승용,여,37세,상해없음,승용,남,28세,경상
2013062600100554,2013년 6월 26일 20시,수요일,강원도 춘천시 남산면,경상사고,0,0,1,0,차량단독 - 도로외이탈 - 추락,안전운전불이행,건조,맑음,단일로 - 기타,이륜,남,56세,상해없음,,,,
2013062600100588,2013년 6월 26일 21시,수요일,강원도 강릉시 금학동,중상사고,0,1,0,0,차량단독 - 공작물충돌,안전운전불이행,건조,맑음,단일로 - 기타,원동기,남,41세,상해없음,,,,
2013062600100589,2013년 6월 26일 21시,수요일,강원도 원주시 학성동,경상사고,0,0,1,0,차대차 - 측면직각충돌,교차로운행방법위반,건조,맑음,교차로 - 교차로안,승용,남,42세,상해없음,이륜,남,22세,경상
2013062600100590,2013년 6월 26일 21시,수요일,강원도 원주시 문막읍,경상사고,0,0,2,0,차대차 - 측면직각충돌,신호위반,건조,맑음,교차로 - 교차로안,승용,남,64세,상해없음,승용,남,42세,경상
2013062600100626,2013년 6월 26일 22시,수요일,강원도 정선군 신동읍,경상사고,0,0,3,0,차대차 - 기타,신호위반,습기,비,교차로 - 교차로안,승용,남,42세,상해없음,승합,남,42세,경상
2013062700100006,2013년 6월 27일 00시,목요일,강원도 강릉시 교동,경상사고,0,0,1,0,차대차 - 측면직각충돌,안전운전불이행,건조,맑음,교차로 - 교차로안,승용,남,42세,상해없음,승용,남,42세,경상
2013062700100045,2013년 6월 27일 03시,목요일,강원도 원주시 단구동,경상사고,0,0,2,0,차대차 - 측면직각충돌,신호위반,건조,맑음,교차로 - 교차로안,승용,남,29세,상해없음,승용,남,44세,경상
2013062700100082,2013년 6월 27일 07시,목요일,강원도 원주시 태장동,중상사고,0,1,0,0,차대차 - 측면직각충돌,교차로운행방법위반,건조,맑음,교차로 - 교차로부근,승용,남,34세,상해없음,자전거,남,32세,중상
2013062700100107,2013년 6월 27일 08시,목요일,강원도 춘천시 중앙로2가,경상사고,0,0,1,0,차대차 - 추돌 - 진행중,기타,건조,맑음,교차로 - 교차로안,승용,남,25세,상해없음,승용,여,43세,경상
2013062700100108,2013년 6월 27일 08시,목요일,강원도 원주시 단구동,경상사고,0,0,3,0,차대차 - 측면직각충돌,신호위반,건조,맑음,교차로 - 교차로안,승용,여,41세,경상,승합,남,35세,경상
2013062700100167,2013년 6월 27일 10시,목요일,강원도 강릉시 성내동,중상사고,0,1,0,0,차대차 - 측면직각충돌,신호위반,건조,맑음,교차로 - 교차로부근,승용,여,54세,상해없음,자전거,남,66세,중상
2013062700100168,2013년 6월 27일 10시,목요일,강원도 태백시 황지동,경상사고,0,0,1,0,차대차 - 측면직각충돌,교차로운행방법위반,건조,맑음,교차로 - 교차로안,승용,남,67세,상해없음,승용,여,28세,경상
2013062700100169,2013년 6월 27일 10시,목요일,강원도 태백시 장성동,경상사고,0,0,1,0,차대사람 - 횡단중,보행자보호의무위반,건조,맑음,단일로 - 기타,승용,여,54세,상해없음,보행자,여,81세,경상
2013062700100247,2013년 6월 27일 13시,목요일,강원도 강릉시 사천면,경상사고,0,0,1,0,차대차 - 측면직각충돌,안전운전불이행,건조,맑음,교차로 - 교차로안,자전거,남,69세,경상,승용,여,37세,상해없음
2013062700100271,2013년 6월 27일 14시,목요일,강원도 춘천시 신동면,경상사고,0,0,1,0,차대차 - 측면직각충돌,교차로운행방법위반,건조,맑음,교차로 - 교차로안,승용,남,56세,상해없음,화물,남,51세,경상
2013062700100272,2013년 6월 27일 14시,목요일,강원도 속초시 도문동,경상사고,0,0,3,0,차대차 - 측면직각충돌,교차로운행방법위반,건조,맑음,교차로 - 교차로안,화물,남,60세,상해없음,승용,남,66세,경상
2013062700100300,2013년 6월 27일 15시,목요일,강원도 원주시 우산동,경상사고,0,0,1,0,차대차 - 추돌 - 진행중,안전운전불이행,건조,맑음,교차로 - 교차로부근,승용,여,44세,상해없음,승용,남,58세,경상
2013062700100301,2013년 6월 27일 15시,목요일,강원도 태백시 장성동,경상사고,0,0,1,0,차대차 - 기타,교차로운행방법위반,건조,맑음,교차로 - 교차로안,승용,남,61세,상해없음,승용,남,67세,경상
2013062700100326,2013년 6월 27일 16시,목요일,강원도 강릉시 홍제동,경상사고,0,0,2,2,차대차 - 추돌 - 진행중,안전거리미확보,건조,맑음,단일로 - 기타,승용,남,54세,경상,화물,남,43세,상해없음
2013062700100327,2013년 6월 27일 16시,목요일,강원도 원주시 인동,중상사고,0,3,1,0,차대차 - 측면직각충돌,교차로운행방법위반,건조,맑음,교차로 - 교차로안,승용,여,45세,경상,이륜,남,46세,중상
2013062700100363,2013년 6월 27일 17시,목요일,강원도 춘천시 석사동,경상사고,0,0,3,2,차대차 - 측면직각충돌,중앙선침범,건조,맑음,단일로 - 기타,자전거,남,12세,상해없음,승용,남,55세,경상
2013062700100364,2013년 6월 27일 17시,목요일,강원도 원주시 단계동,중상사고,0,1,3,0,차대차 - 측면직각충돌,신호위반,건조,맑음,교차로 - 교차로안,승용,여,41세,상해없음,승용,남,55세,중상
2013062700100365,2013년 6월 27일 17시,목요일,강원도 홍천군 홍천읍,경상사고,0,0,2,0,차대차 - 기타,안전운전불이행,건조,맑음,단일로 - 기타,승용,남,49세,상해없음,승용,남,57세,경상
2013062700100453,2013년 6월 27일 20시,목요일,강원도 춘천시 후평동,중상사고,0,1,0,0,차대사람 - 횡단중,안전운전불이행,습기,비,단일로 - 기타,승용,여,58세,상해없음,보행자,여,62세,중상
2013062700100454,2013년 6월 27일 20시,목요일,강원도 춘천시 효자동,부상신고사고,0,0,0,1,차대차 - 기타,차로위반,습기,비,단일로 - 기타,승용,남,56세,상해없음,원동기,남,44세,부상신고
2013062700100455,2013년 6월 27일 20시,목요일,강원도 춘천시 서면,경상사고,0,0,4,0,차대차 - 측면직각충돌,안전운전불이행,건조,맑음,교차로 - 교차로안,승용,남,49세,상해없음,승용,여,48세,경상
2013062700100456,2013년 6월 27일 20시,목요일,강원도 원주시 단구동,경상사고,0,0,3,0,차대차 - 추돌 - 주정차중,교차로운행방법위반,습기,비,교차로 - 교차로안,화물,여,45세,상해없음,승용,여,35세,경상
2013062700100457,2013년 6월 27일 20시,목요일,강원도 원주시 반곡동,중상사고,0,1,0,0,차대사람 - 기타,안전운전불이행,습기,비,단일로 - 기타,승용,여,52세,상해없음,보행자,남,67세,중상
2013062700100493,2013년 6월 27일 21시,목요일,강원도 원주시 무실동,경상사고,0,0,1,0,차대차 - 추돌 - 진행중,안전운전불이행,습기,비,단일로 - 기타,승용,남,54세,상해없음,승용,남,32세,경상
2013062700100494,2013년 6월 27일 21시,목요일,강원도 원주시 문막읍,경상사고,0,0,1,0,차량단독 - 공작물충돌,기타,습기,흐림,단일로 - 기타,이륜,남,59세,경상,,,,
2013062700100526,2013년 6월 27일 22시,목요일,강원도 원주시 문막읍,경상사고,0,0,1,0,차대차 - 기타,안전운전불이행,습기,비,교차로 - 교차로부근,승용,여,48세,상해없음,원동기,남,16세,경상
2013062700100555,2013년 6월 27일 23시,목요일,강원도 춘천시 퇴계동,경상사고,0,0,1,0,차대차 - 측면직각충돌,안전운전불이행,습기,비,단일로 - 기타,승용,남,32세,상해없음,승용,남,61세,경상
2013062700100556,2013년 6월 27일 23시,목요일,강원도 원주시 단계동,경상사고,0,0,1,0,차대차 - 기타,차로위반,건조,맑음,단일로 - 기타,승용,여,46세,상해없음,승용,남,29세,경상
2013062800100014,2013년 6월 28일 00시,금요일,강원도 영월군 주천면,사망사고,1,0,0,0,차량단독 - 기타,안전운전불이행,습기,비,단일로 - 기타,승용,남,28세,상해없음,,,,
2013062800100038,2013년 6월 28일 01시,금요일,강원도 춘천시 동내면,경상사고,0,0,3,0,차량단독 - 공작물충돌,안전운전불이행,습기,흐림,단일로 - 기타,승용,남,25세,상해없음,,,,
2013062800100092,2013년 6월 28일 06시,금요일,강원도 원주시 인동,중상사고,0,1,0,0,차대차 - 측면직각충돌,직진우회전진행방해,습기,비,교차로 - 교차로안,승용,남,64세,상해없음,이륜,남,66세,중상
2013062800100093,2013년 6월 28일 06시,금요일,강원도 원주시 단계동,경상사고,0,0,2,0,차대차 - 측면직각충돌,직진우회전진행방해,습기,비,교차로 - 교차로안,승용,남,29세,상해없음,승용,남,60세,경상
2013062800100116,2013년 6월 28일 07시,금요일,강원도 강릉시 옥천동,경상사고,0,0,1,0,차대차 - 정면충돌,중앙선침범,습기,비,교차로 - 교차로부근,승용,남,54세,상해없음,승용,여,45세,경상
2013062800100117,2013년 6월 28일 07시,금요일,강원도 원주시 단계동,경상사고,0,0,1,0,차대차 - 측면직각충돌,신호위반,습기,흐림,교차로 - 교차로부근,승용,남,31세,상해없음,승용,남,25세,경상
2013062800100118,2013년 6월 28일 07시,금요일,강원도 영월군 영월읍,중상사고,0,1,0,0,차대차 - 추돌 - 진행중,과속,건조,흐림,단일로 - 터널,승용,남,50세,상해없음,승용,남,38세,중상
2013062800100184,2013년 6월 28일 09시,금요일,강원도 홍천군 홍천읍,경상사고,0,0,1,0,차대차 - 측면직각충돌,교차로운행방법위반,습기,비,교차로 - 교차로안,승합,남,55세,상해없음,승용,여,52세,경상
2013062800100185,2013년 6월 28일 09시,금요일,강원도 철원군 갈말읍,중상사고,0,2,0,0,차대차 - 측면직각충돌,신호위반,건조,맑음,교차로 - 교차로안,승용,남,63세,상해없음,승용,남,52세,중상
2013062800100239,2013년 6월 28일 11시,금요일,강원도 영월군 영월읍,중상사고,0,1,0,0,차대사람 - 기타,안전운전불이행,건조,맑음,단일로 - 기타,특수,남,35세,상해없음,보행자,여,20세,중상
2013062800100240,2013년 6월 28일 11시,금요일,강원도 홍천군 홍천읍,경상사고,0,0,2,0,차대차 - 기타,교차로운행방법위반,건조,맑음,교차로 - 교차로안,승용,여,39세,상해없음,승용,여,42세,상해없음
2013062800100294,2013년 6월 28일 13시,금요일,강원도 정선군 고한읍,중상사고,0,1,1,0,차대차 - 기타,신호위반,건조,맑음,단일로 - 교량,승용,여,45세,상해없음,승용,남,31세,중상
2013062800100322,2013년 6월 28일 14시,금요일,강원도 정선군 정선읍,경상사고,0,0,1,0,차대차 - 기타,중앙선침범,건조,맑음,교차로 - 교차로안,화물,남,32세,상해없음,승용,남,77세,경상
2013062800100361,2013년 6월 28일 15시,금요일,강원도 춘천시 약사동,경상사고,0,0,1,0,차대차 - 측면직각충돌,교차로운행방법위반,건조,맑음,교차로 - 교차로부근,승용,남,51세,상해없음,자전거,남,20세,경상
2013062800100362,2013년 6월 28일 15시,금요일,강원도 횡성군 우천면,경상사고,0,0,5,0,차대차 - 기타,안전운전불이행,건조,맑음,단일로 - 기타,승용,남,18세,상해없음,승용,남,34세,경상
2013062800100445,2013년 6월 28일 17시,금요일,강원도 춘천시 신북읍,경상사고,0,0,1,0,차대사람 - 기타,안전운전불이행,건조,맑음,기타 - 기타,화물,남,55세,상해없음,보행자,남,4세,경상
2013062800100446,2013년 6월 28일 17시,금요일,강원도 춘천시 신북읍,중상사고,0,1,0,0,차대차 - 측면직각충돌,안전운전불이행,건조,맑음,단일로 - 기타,승용,남,54세,상해없음,승용,여,35세,중상
2013062800100447,2013년 6월 28일 17시,금요일,강원도 원주시 단계동,중상사고,0,2,0,0,차대차 - 추돌 - 주정차중,안전거리미확보,건조,맑음,단일로 - 기타,승합,남,35세,상해없음,승용,남,64세,중상
2013062800100485,2013년 6월 28일 18시,금요일,강원도 원주시 지정면,중상사고,0,1,0,0,차대차 - 측면직각충돌,교차로운행방법위반,건조,맑음,교차로 - 교차로안,승용,남,50세,상해없음,승용,남,38세,중상
2013062800100518,2013년 6월 28일 19시,금요일,강원도 강릉시 옥계면,경상사고,0,0,1,0,차대차 - 측면직각충돌,중앙선침범,건조,맑음,단일로 - 기타,승용,여,41세,상해없음,이륜,남,33세,경상
2013062800100547,2013년 6월 28일 20시,금요일,강원도 원주시 단구동,경상사고,0,0,1,0,차대차 - 측면직각충돌,차로위반,건조,맑음,단일로 - 기타,승용,남,54세,상해없음,승용,여,52세,경상
2013062800100640,2013년 6월 28일 23시,금요일,강원도 춘천시 효자동,경상사고,0,0,2,0,차대차 - 추돌 - 주정차중,안전운전불이행,건조,흐림,교차로 - 교차로부근,승용,남,43세,상해없음,승용,남,52세,경상
2013062800100641,2013년 6월 28일 23시,금요일,강원도 원주시 태장동,경상사고,0,0,1,0,차대차 - 측면직각충돌,안전운전불이행,건조,맑음,교차로 - 교차로안,화물,남,46세,상해없음,승용,남,24세,경상
2013062800100642,2013년 6월 28일 23시,금요일,강원도 삼척시 오분동,사망사고,1,0,0,0,차대사람 - 횡단중,안전운전불이행,건조,흐림,단일로 - 기타,승용,남,24세,상해없음,보행자,남,39세,사망
2013062900100012,2013년 6월 29일 00시,토요일,강원도 원주시 단계동,경상사고,0,0,1,0,차대사람 - 차도통행중,안전운전불이행,건조,맑음,단일로 - 기타,승용,남,32세,상해없음,보행자,남,44세,경상
2013062900100013,2013년 6월 29일 00시,토요일,강원도 횡성군 둔내면,경상사고,0,0,1,0,차대차 - 측면직각충돌,중앙선침범,건조,맑음,단일로 - 기타,화물,남,51세,상해없음,이륜,남,32세,상해없음
2013062900100049,2013년 6월 29일 02시,토요일,강원도 원주시 단계동,경상사고,0,0,3,0,차대차 - 측면직각충돌,신호위반,건조,맑음,교차로 - 교차로안,승용,남,50세,상해없음,승용,남,44세,경상
2013062900100104,2013년 6월 29일 06시,토요일,강원도 춘천시 효자동,경상사고,0,0,1,0,차대차 - 기타,안전운전불이행,건조,맑음,단일로 - 기타,승용,남,32세,상해없음,자전거,남,22세,경상
2013062900100147,2013년 6월 29일 08시,토요일,강원도 춘천시 후평동,경상사고,0,0,1,0,차대차 - 기타,교차로운행방법위반,건조,맑음,교차로 - 교차로안,승용,여,42세,상해없음,자전거,남,68세,경상
2013062900100169,2013년 6월 29일 09시,토요일,강원도 홍천군 화촌면,중상사고,0,1,0,0,차대차 - 기타,안전운전불이행,건조,맑음,교차로 - 교차로안,승용,남,77세,중상,건설기계,남,43세,상해없음
2013062900100197,2013년 6월 29일 10시,토요일,강원도 강릉시 홍제동,경상사고,0,0,1,0,차량단독 - 공작물충돌,안전운전불이행,건조,맑음,단일로 - 기타,승용,남,35세,상해없음,,,,
2013062900100262,2013년 6월 29일 12시,토요일,강원도 춘천시 운교동,중상사고,0,1,0,0,차대사람 - 기타,중앙선침범,건조,맑음,교차로 - 교차로부근,화물,남,40세,상해없음,보행자,여,55세,중상
2013062900100263,2013년 6월 29일 12시,토요일,강원도 원주시 우산동,중상사고,0,1,0,0,차대사람 - 보도통행중,보행자보호의무위반,건조,맑음,단일로 - 횡단보도상,승용,남,56세,상해없음,보행자,여,10세,중상
2013062900100264,2013년 6월 29일 12시,토요일,강원도 속초시 조양동,경상사고,0,0,1,0,차대차 - 측면직각충돌,안전운전불이행,건조,맑음,교차로 - 교차로부근,승용,남,57세,상해없음,승용,여,42세,경상
2013062900100346,2013년 6월 29일 14시,토요일,강원도 양양군 서면,중상사고,0,1,2,0,차대차 - 측면직각충돌,안전운전불이행,건조,맑음,단일로 - 기타,승합,남,43세,상해없음,승합,남,55세,경상
2013062900100347,2013년 6월 29일 14시,토요일,강원도 영월군 영월읍,부상신고사고,0,0,0,1,차대차 - 측면직각충돌,교차로운행방법위반,건조,맑음,교차로 - 교차로안,승용,여,26세,상해없음,승합,남,70세,상해없음
2013062900100376,2013년 6월 29일 15시,토요일,강원도 철원군 서면,중상사고,0,3,0,0,차대차 - 측면직각충돌,교차로운행방법위반,건조,맑음,교차로 - 교차로안,승용,여,45세,중상,승용,남,42세,중상
2013062900100453,2013년 6월 29일 17시,토요일,강원도 철원군 서면,중상사고,0,1,0,0,차대차 - 측면직각충돌,중앙선침범,건조,맑음,단일로 - 기타,승용,남,54세,상해없음,화물,남,69세,중상