사고번호,사고일시,요일,시군구,사고내용,사망자수,중상자수,경상자수,부상신고자수,사고유형,법규위반,노면상태,기상상태,도로형태,가해운전자 차종,가해운전자 성별,가해운전자 연령,가해운전자 상해정도,피해운전자 차종,피해운전자 성별,피해운전자 연령,피해운전자 상해정도
2013070400100168,2013년 7월 4일 09시,목요일,강원도 양양군 양양읍,중상사고,0,1,0,0,차대차 - 추돌 - 진행중,안전운전불이행,건조,맑음,교차로 - 교차로부근,기타불명,기타불명,기타불명,기타불명,원동기,남,81세,중상
2013070400100191,2013년 7월 4일 10시,목요일,강원도 속초시 교동,경상사고,0,0,1,0,차대차 - 측면직각충돌,교차로운행방법위반,건조,맑음,교차로 - 교차로안,승용,여,34세,상해없음,승용,남,79세,경상
2013070400100192,2013년 7월 4일 10시,목요일,강원도 평창군 용평면,경상사고,0,0,3,0,차대차 - 측면직각충돌,중앙선침범,건조,맑음,단일로 - 기타,승용,여,26세,상해없음,승용,남,63세,경상
2013070400100240,2013년 7월 4일 12시,목요일,강원도 양양군 강현면,경상사고,0,0,5,0,차대차 - 측면직각충돌,안전거리미확보,건조,맑음,교차로 - 교차로부근,승합,남,58세,상해없음,승합,남,48세,상해없음
2013070400100271,2013년 7월 4일 13시,목요일,강원도 속초시 동명동,경상사고,0,0,1,0,차대사람 - 횡단중,안전운전불이행,건조,맑음,단일로 - 기타,승용,남,62세,상해없음,보행자,남,56세,경상
2013070400100292,2013년 7월 4일 14시,목요일,강원도 원주시 호저면,중상사고,0,1,2,0,차량단독 - 공작물충돌,안전운전불이행,건조,맑음,단일로 - 기타,화물,남,72세,상해없음,,,,
2013070400100293,2013년 7월 4일 14시,목요일,강원도 삼척시 원덕읍,중상사고,0,1,0,0,차대차 - 추돌 - 주정차중,안전운전불이행,건조,맑음,단일로 - 기타,원동기,남,68세,중상,승합,여,41세,상해없음
2013070400100315,2013년 7월 4일 15시,목요일,강원도 삼척시 교동,중상사고,0,1,0,0,차대차 - 기타,기타,건조,맑음,단일로 - 기타,화물,남,38세,상해없음,원동기,남,75세,중상
2013070400100316,2013년 7월 4일 15시,목요일,강원도 태백시 황지동,경상사고,0,0,1,0,차대차 - 추돌 - 주정차중,안전거리미확보,건조,맑음,단일로 - 기타,화물,남,29세,상해없음,승합,남,58세,경상
2013070400100330,2013년 7월 4일 16시,목요일,강원도 춘천시 소양로3가,경상사고,0,0,4,1,차대차 - 측면직각충돌,교차로운행방법위반,건조,흐림,교차로 - 교차로안,승용,여,50세,상해없음,승합,남,46세,경상
2013070400100357,2013년 7월 4일 17시,목요일,강원도 춘천시 중앙로1가,경상사고,0,0,3,0,차대차 - 측면직각충돌,기타,건조,맑음,단일로 - 기타,승용,남,33세,상해없음,승용,여,54세,경상
2013070400100358,2013년 7월 4일 17시,목요일,강원도 춘천시 신북읍,경상사고,0,0,1,0,차대차 - 측면직각충돌,안전운전불이행,습기,비,단일로 - 기타,승용,남,61세,상해없음,승용,여,53세,경상
2013070400100359,2013년 7월 4일 17시,목요일,강원도 원주시 단계동,경상사고,0,0,1,0,차대차 - 측면직각충돌,신호위반,습기,비,교차로 - 교차로안,화물,남,63세,상해없음,승용,여,27세,경상
2013070400100360,2013년 7월 4일 17시,목요일,강원도 원주시 명륜동,경상사고,0,0,1,0,차대차 - 측면직각충돌,교차로운행방법위반,습기,비,교차로 - 교차로안,이륜,남,16세,경상,승용,남,27세,상해없음
2013070400100404,2013년 7월 4일 18시,목요일,강원도 원주시 판부면,중상사고,0,1,1,0,차대차 - 측면직각충돌,직진우회전진행방해,건조,맑음,교차로 - 교차로안,승용,남,21세,상해없음,승용,여,36세,경상
2013070400100405,2013년 7월 4일 18시,목요일,강원도 속초시 동명동,경상사고,0,0,1,0,차대차 - 측면직각충돌,안전운전불이행,건조,맑음,교차로 - 교차로안,승합,남,57세,상해없음,원동기,남,17세,상해없음
2013070400100406,2013년 7월 4일 18시,목요일,강원도 철원군 근남면,중상사고,0,1,0,0,차량단독 - 공작물충돌,안전운전불이행,건조,맑음,단일로 - 기타,승용,남,56세,상해없음,,,,
2013070400100437,2013년 7월 4일 19시,목요일,강원도 원주시 단구동,중상사고,0,1,0,0,차대차 - 추돌 - 주정차중,중앙선침범,건조,맑음,교차로 - 교차로안,승용,여,25세,중상,화물,남,38세,기타불명
2013070400100486,2013년 7월 4일 20시,목요일,강원도 원주시 단계동,경상사고,0,0,9,0,차대차 - 추돌 - 진행중,안전거리미확보,건조,흐림,단일로 - 기타,승용,남,59세,상해없음,승용,여,46세,경상
2013070400100534,2013년 7월 4일 21시,목요일,강원도 강릉시 교동,경상사고,0,0,1,0,차대차 - 추돌 - 진행중,안전운전불이행,습기,비,교차로 - 교차로안,승용,남,24세,상해없음,승용,남,32세,상해없음
2013070400100636,2013년 7월 4일 23시,목요일,강원도 원주시 우산동,경상사고,0,0,2,0,차대차 - 정면충돌,중앙선침범,습기,비,단일로 - 기타,승용,여,52세,상해없음,승용,여,64세,경상
2013070500100017,2013년 7월 5일 00시,금요일,강원도 원주시 원동,경상사고,0,0,2,0,차대차 - 측면직각충돌,교차로운행방법위반,습기,비,교차로 - 교차로안,승용,남,61세,상해없음,승용,남,53세,경상
2013070500100151,2013년 7월 5일 08시,금요일,강원도 원주시 단구동,경상사고,0,0,1,0,차량단독 - 기타,안전운전불이행,건조,맑음,단일로 - 기타,승합,남,50세,상해없음,,,,
2013070500100180,2013년 7월 5일 09시,금요일,강원도 속초시 청호동,경상사고,0,0,1,0,차대차 - 측면직각충돌,직진우회전진행방해,건조,맑음,교차로 - 교차로안,승용,남,23세,상해없음,승용,남,41세,상해없음
2013070500100252,2013년 7월 5일 12시,금요일,강원도 춘천시 석사동,경상사고,0,0,1,0,차대차 - 측면직각충돌,안전거리미확보,건조,맑음,단일로 - 기타,화물,남,60세,상해없음,승용,여,42세,경상
2013070500100279,2013년 7월 5일 13시,금요일,강원도 춘천시 중앙로2가,경상사고,0,0,1,0,차량단독 - 기타,안전운전불이행,건조,맑음,단일로 - 기타,승합,남,43세,상해없음,,,,
2013070500100280,2013년 7월 5일 13시,금요일,강원도 원주시 단계동,경상사고,0,0,2,0,차대차 - 추돌 - 주정차중,안전거리미확보,건조,맑음,단일로 - 기타,화물,남,42세,상해없음,승용,남,75세,경상
2013070500100281,2013년 7월 5일 13시,금요일,강원도 속초시 조양동,경상사고,0,0,1,0,차대차 - 추돌 - 진행중,안전운전불이행,건조,맑음,단일로 - 기타,승용,남,66세,상해없음,이륜,남,71세,경상
2013070500100340,2013년 7월 5일 15시,금요일,강원도 횡성군 서원면,중상사고,0,1,0,0,차대사람 - 기타,안전운전불이행,건조,맑음,단일로 - 기타,승용,여,27세,상해없음,보행자,여,40세,중상
2013070500100413,2013년 7월 5일 17시,금요일,강원도 정선군 정선읍,경상사고,0,0,2,0,차대차 - 추돌 - 진행중,중앙선침범,건조,맑음,단일로 - 기타,승용,여,62세,상해없음,승용,여,51세,경상
2013070500100565,2013년 7월 5일 21시,금요일,강원도 춘천시 근화동,경상사고,0,0,1,0,차대차 - 측면직각충돌,안전거리미확보,건조,흐림,단일로 - 기타,승용,남,52세,상해없음,승용,남,25세,경상
2013070500100609,2013년 7월 5일 22시,금요일,강원도 영월군 남면,사망사고,1,0,0,0,차량단독 - 전도전복,안전운전불이행,기타,기타,단일로 - 기타,승용,여,59세,사망,,,,
2013070600100094,2013년 7월 6일 03시,토요일,강원도 원주시 단계동,경상사고,0,0,1,0,차대사람 - 기타,안전운전불이행,건조,맑음,단일로 - 기타,승용,여,28세,상해없음,보행자,남,26세,경상
2013070600100109,2013년 7월 6일 04시,토요일,강원도 춘천시 후평동,경상사고,0,0,1,0,차대차 - 기타,안전운전불이행,건조,맑음,단일로 - 기타,승용,남,33세,상해없음,승용,남,51세,경상
2013070600100122,2013년 7월 6일 05시,토요일,강원도 강릉시 옥천동,경상사고,0,0,1,0,차대차 - 측면직각충돌,안전운전불이행,건조,맑음,교차로 - 교차로안,승용,남,66세,상해없음,승용,여,67세,경상
2013070600100183,2013년 7월 6일 09시,토요일,강원도 홍천군 홍천읍,경상사고,0,0,1,0,차량단독 - 전도전복,안전운전불이행,건조,맑음,단일로 - 기타,원동기,남,55세,경상,,,,
2013070600100214,2013년 7월 6일 10시,토요일,강원도 영월군 영월읍,경상사고,0,0,1,0,차대차 - 측면직각충돌,직진우회전진행방해,건조,맑음,교차로 - 교차로안,승합,여,36세,상해없음,승합,남,65세,경상
2013070600100234,2013년 7월 6일 11시,토요일,강원도 강릉시 임당동,경상사고,0,0,1,0,차대차 - 측면직각충돌,신호위반,건조,맑음,교차로 - 교차로안,승용,여,55세,상해없음,원동기,남,24세,경상
2013070600100235,2013년 7월 6일 11시,토요일,강원도 원주시 단계동,중상사고,0,1,6,0,차대차 - 추돌 - 진행중,차로위반,건조,맑음,단일로 - 기타,건설기계,남,53세,상해없음,승용,여,40세,중상
2013070600100236,2013년 7월 6일 11시,토요일,강원도 속초시 조양동,경상사고,0,0,2,0,차대차 - 측면직각충돌,중앙선침범,건조,맑음,단일로 - 기타,승용,남,26세,상해없음,승용,남,32세,경상
2013070600100264,2013년 7월 6일 12시,토요일,강원도 원주시 단구동,부상신고사고,0,0,0,1,차대사람 - 차도통행중,안전운전불이행,건조,맑음,단일로 - 기타,기타불명,기타불명,기타불명,기타불명,보행자,남,4세,부상신고
2013070600100265,2013년 7월 6일 12시,토요일,강원도 삼척시 정상동,중상사고,0,1,2,0,차대차 - 추돌 - 진행중,안전운전불이행,건조,맑음,교차로 - 교차로부근,화물,남,56세,중상,승용,여,34세,경상
2013070600100291,2013년 7월 6일 13시,토요일,강원도 강릉시 교동,경상사고,0,0,1,0,차대차 - 측면직각충돌,안전운전불이행,건조,맑음,단일로 - 기타,승합,남,43세,상해없음,승용,남,55세,경상
2013070600100292,2013년 7월 6일 13시,토요일,강원도 인제군 인제읍,중상사고,0,3,3,0,차대차 - 추돌 - 진행중,안전운전불이행,건조,맑음,단일로 - 기타,건설기계,남,44세,상해없음,승용,남,44세,중상
2013070600100344,2013년 7월 6일 15시,토요일,강원도 춘천시 남산면,경상사고,0,0,1,0,차대차 - 정면충돌,안전운전불이행,건조,맑음,단일로 - 기타,승용,남,28세,상해없음,이륜,남,43세,경상
2013070600100345,2013년 7월 6일 15시,토요일,강원도 원주시 지정면,경상사고,0,0,1,0,차대사람 - 기타,안전운전불이행,건조,맑음,교차로 - 교차로안,승용,남,46세,상해없음,보행자,남,20세,경상
2013070600100346,2013년 7월 6일 15시,토요일,강원도 동해시 북평동,경상사고,0,0,2,0,차대차 - 추돌 - 주정차중,안전거리미확보,건조,맑음,단일로 - 기타,화물,남,44세,상해없음,승용,남,67세,경상
2013070600100373,2013년 7월 6일 16시,토요일,강원도 원주시 개운동,경상사고,0,0,1,0,차대사람 - 보도통행중,안전운전불이행,건조,맑음,교차로 - 교차로안,승용,여,33세,상해없음,보행자,여,40세,경상
2013070600100374,2013년 7월 6일 16시,토요일,강원도 고성군 토성면,경상사고,0,0,1,0,차대차 - 측면직각충돌,직진우회전진행방해,건조,맑음,교차로 - 교차로안,승합,남,43세,상해없음,승용,여,45세,경상
2013070600100403,2013년 7월 6일 17시,토요일,강원도 화천군 사내면,부상신고사고,0,0,0,1,차량단독 - 공작물충돌,안전운전불이행,건조,맑음,단일로 - 기타,승용,남,23세,상해없음,,,,
2013070600100432,2013년 7월 6일 18시,토요일,강원도 춘천시 퇴계동,경상사고,0,0,1,0,차대사람 - 차도통행중,안전운전불이행,건조,맑음,단일로 - 기타,승용,남,56세,상해없음,보행자,여,21세,경상
2013070600100433,2013년 7월 6일 18시,토요일,강원도 강릉시 입암동,경상사고,0,0,1,0,차대사람 - 기타,안전운전불이행,건조,맑음,기타 - 기타,승합,남,53세,상해없음,보행자,여,56세,경상
2013070600100434,2013년 7월 6일 18시,토요일,강원도 원주시 흥업면,경상사고,0,0,2,0,차대차 - 측면직각충돌,교차로운행방법위반,건조,맑음,교차로 - 교차로안,화물,남,70세,경상,승합,남,54세,경상
2013070600100469,2013년 7월 6일 19시,토요일,강원도 양구군 동면,중상사고,0,1,0,0,차대차 - 측면직각충돌,안전운전불이행,건조,맑음,교차로 - 교차로안,농기계,남,43세,중상,화물,남,49세,상해없음
2013070600100536,2013년 7월 6일 21시,토요일,강원도 원주시 무실동,경상사고,0,0,2,0,차대차 - 측면직각충돌,신호위반,건조,맑음,교차로 - 교차로안,승용,여,35세,상해없음,승용,남,27세,경상
2013070600100537,2013년 7월 6일 21시,토요일,강원도 화천군 사내면,중상사고,0,1,0,0,차대차 - 기타,안전운전불이행,건조,맑음,단일로 - 기타,승용,남,18세,상해없음,승용,남,33세,중상
2013070600100600,2013년 7월 6일 23시,토요일,강원도 춘천시 남산면,중상사고,0,1,0,0,차대차 - 측면직각충돌,기타,건조,맑음,단일로 - 기타,승용,남,36세,상해없음,자전거,남,17세,중상
2013070700100011,2013년 7월 7일 00시,일요일,강원도 강릉시 교동,경상사고,0,0,2,0,차대차 - 추돌 - 주정차중,안전운전불이행,건조,맑음,단일로 - 기타,승용,여,30세,상해없음,승용,남,36세,경상
2013070700100029,2013년 7월 7일 01시,일요일,강원도 춘천시 효자동,경상사고,0,0,1,0,차대사람 - 기타,보행자보호의무위반,건조,맑음,단일로 - 기타,화물,남,23세,상해없음,보행자,남,29세,경상
2013070700100030,2013년 7월 7일 01시,일요일,강원도 춘천시 요선동,경상사고,0,0,1,0,차대사람 - 기타,안전운전불이행,건조,흐림,단일로 - 기타,승용,남,33세,상해없음,보행자,남,20세,경상
2013070700100031,2013년 7월 7일 01시,일요일,강원도 원주시 무실동,경상사고,0,0,2,0,차대차 - 추돌 - 진행중,안전거리미확보,건조,맑음,단일로 - 기타,화물,남,26세,상해없음,승용,남,39세,경상
2013070700100032,2013년 7월 7일 01시,일요일,강원도 원주시 소초면,중상사고,0,1,0,0,차량단독 - 도로외이탈 - 기타,안전운전불이행,건조,맑음,단일로 - 기타,승용,남,26세,중상,,,,
2013070700100055,2013년 7월 7일 02시,일요일,강원도 춘천시 효자동,경상사고,0,0,1,0,차대사람 - 기타,안전운전불이행,건조,흐림,단일로 - 기타,승용,남,22세,상해없음,보행자,남,21세,경상
2013070700100097,2013년 7월 7일 05시,일요일,강원도 춘천시 신동면,중상사고,0,1,0,0,차대차 - 측면직각충돌,안전운전불이행,건조,맑음,교차로 - 교차로부근,승용,여,55세,상해없음,원동기,남,69세,중상
2013070700100098,2013년 7월 7일 05시,일요일,강원도 강릉시 주문진읍,경상사고,0,0,1,0,차대차 - 측면직각충돌,신호위반,건조,맑음,교차로 - 교차로안,승용,남,58세,상해없음,승합,남,43세,상해없음
2013070700100099,2013년 7월 7일 05시,일요일,강원도 원주시 평원동,경상사고,0,0,1,0,차대사람 - 보도통행중,안전운전불이행,건조,맑음,단일로 - 기타,승용,여,53세,상해없음,보행자,여,82세,경상
2013070700100130,2013년 7월 7일 07시,일요일,강원도 강릉시 성내동,경상사고,0,0,1,0,차대차 - 측면직각충돌,신호위반,건조,맑음,교차로 - 교차로안,승용,남,57세,상해없음,승용,남,53세,경상
2013070700100145,2013년 7월 7일 08시,일요일,강원도 속초시 조양동,중상사고,0,1,1,0,차대차 - 측면직각충돌,신호위반,건조,맑음,교차로 - 교차로안,승용,여,58세,상해없음,승용,남,58세,경상
2013070700100146,2013년 7월 7일 08시,일요일,강원도 고성군 토성면,중상사고,0,1,0,0,차대사람 - 기타,안전운전불이행,건조,맑음,단일로 - 기타,화물,여,56세,상해없음,보행자,여,76세,중상
2013070700100231,2013년 7월 7일 13시,일요일,강원도 강릉시 견소동,중상사고,0,3,5,0,차대차 - 측면직각충돌,교차로운행방법위반,건조,맑음,교차로 - 교차로안,승용,남,45세,경상,승용,여,44세,경상
2013070700100232,2013년 7월 7일 13시,일요일,강원도 화천군 화천읍,부상신고사고,0,0,0,1,차대차 - 추돌 - 주정차중,안전운전불이행,건조,맑음,단일로 - 기타,승용,여,44세,상해없음,화물,남,32세,부상신고
2013070700100261,2013년 7월 7일 14시,일요일,강원도 원주시 무실동,중상사고,0,1,1,0,차대차 - 측면직각충돌,신호위반,건조,맑음,교차로 - 교차로안,승용,남,54세,상해없음,승용,여,27세,중상
2013070700100262,2013년 7월 7일 14시,일요일,강원도 정선군 고한읍,경상사고,0,0,1,0,차대차 - 추돌 - 진행중,안전운전불이행,습기,흐림,교차로 - 교차로안,승용,여,56세,상해없음,승용,남,42세,경상
2013070700100287,2013년 7월 7일 15시,일요일,강원도 동해시 효가동,경상사고,0,0,3,0,차대차 - 추돌 - 진행중,안전거리미확보,건조,맑음,단일로 - 기타,승용,남,54세,상해없음,승용,남,29세,경상
2013070700100336,2013년 7월 7일 17시,일요일,강원도 속초시 교동,경상사고,0,0,1,0,차대차 - 측면직각충돌,직진우회전진행방해,건조,맑음,교차로 - 교차로안,승용,여,39세,상해없음,자전거,남,15세,경상
2013070700100361,2013년 7월 7일 18시,일요일,강원도 동해시 천곡동,경상사고,0,0,1,0,차대차 - 측면직각충돌,안전운전불이행,건조,맑음,교차로 - 교차로안,승용,남,27세,상해없음,승합,남,50세,상해없음
2013070700100414,2013년 7월 7일 20시,일요일,강원도 강릉시 노암동,경상사고,0,0,3,0,차대차 - 기타,안전운전불이행,건조,맑음,교차로 - 교차로부근,승용,남,56세,상해없음,승용,남,43세,경상
2013070700100434,2013년 7월 7일 21시,일요일,강원도 강릉시 교동,중상사고,0,1,0,0,차대차 - 추돌 - 진행중,안전운전불이행,건조,맑음,교차로 - 교차로부근,승합,남,44세,상해없음,화물,여,62세,중상
2013070700100435,2013년 7월 7일 21시,일요일,강원도 원주시 단구동,경상사고,0,0,1,0,차대사람 - 기타,불법유턴,건조,맑음,단일로 - 기타,승용,여,43세,상해없음,보행자,남,50세,경상
2013070800100015,2013년 7월 8일 00시,월요일,강원도 춘천시 후평동,경상사고,0,0,1,0,차대차 - 측면직각충돌,안전운전불이행,건조,맑음,단일로 - 기타,승합,남,48세,상해없음,승용,남,28세,경상
2013070800100028,2013년 7월 8일 01시,월요일,강원도 속초시 노학동,경상사고,0,0,1,0,차대차 - 측면직각충돌,신호위반,건조,흐림,교차로 - 교차로안,승용,여,28세,상해없음,이륜,남,41세,경상
2013070800100073,2013년 7월 8일 06시,월요일,강원도 원주시 관설동,경상사고,0,0,1,0,차대차 - 추돌 - 진행중,안전운전불이행,건조,맑음,교차로 - 교차로부근,승용,여,28세,상해없음,승용,남,50세,경상
2013070800100111,2013년 7월 8일 08시,월요일,강원도 춘천시 석사동,경상사고,0,0,2,0,차대차 - 추돌 - 주정차중,안전거리미확보,습기,비,교차로 - 교차로안,승합,여,55세,상해없음,승용,남,53세,경상
2013070800100112,2013년 7월 8일 08시,월요일,강원도 속초시 조양동,경상사고,0,0,2,0,차대차 - 추돌 - 주정차중,안전운전불이행,습기,비,교차로 - 교차로부근,승용,남,71세,상해없음,승용,남,53세,경상
2013070800100113,2013년 7월 8일 08시,월요일,강원도 평창군 대관령면,중상사고,0,5,14,1,차대차 - 추돌 - 진행중,안전운전불이행,건조,맑음,기타 - 기타,승합,남,54세,상해없음,화물,남,52세,중상
2013070800100149,2013년 7월 8일 09시,월요일,강원도 춘천시 효자동,경상사고,0,0,1,0,차대차 - 측면직각충돌,교차로운행방법위반,습기,비,교차로 - 교차로안,승용,여,45세,상해없음,승용,여,56세,경상
2013070800100203,2013년 7월 8일 11시,월요일,강원도 원주시 단계동,경상사고,0,0,1,0,차대차 - 측면직각충돌,신호위반,습기,비,교차로 - 교차로안,승합,남,53세,상해없음,승용,여,33세,경상
2013070800100245,2013년 7월 8일 13시,월요일,강원도 원주시 단계동,경상사고,0,0,2,0,차대차 - 추돌 - 주정차중,안전운전불이행,습기,비,교차로 - 교차로부근,승용,남,28세,상해없음,승용,여,31세,경상
2013070800100279,2013년 7월 8일 14시,월요일,강원도 원주시 단계동,경상사고,0,0,2,0,차대차 - 추돌 - 진행중,안전운전불이행,습기,비,단일로 - 기타,승용,남,25세,상해없음,승용,여,39세,경상
2013070800100280,2013년 7월 8일 14시,월요일,강원도 속초시 설악동,경상사고,0,0,4,0,차대차 - 추돌 - 진행중,안전운전불이행,습기,비,교차로 - 교차로부근,승합,남,52세,상해없음,화물,남,44세,상해없음
2013070800100281,2013년 7월 8일 14시,월요일,강원도 홍천군 서석면,중상사고,0,2,1,0,차대차 - 측면직각충돌,중앙선침범,습기,비,단일로 - 기타,특수,남,57세,경상,화물,남,28세,중상
2013070800100314,2013년 7월 8일 15시,월요일,강원도 춘천시 우두동,부상신고사고,0,0,0,2,차대차 - 측면직각충돌,교차로운행방법위반,습기,비,교차로 - 교차로안,승합,남,24세,상해없음,승용,여,32세,부상신고
2013070800100315,2013년 7월 8일 15시,월요일,강원도 홍천군 두촌면,중상사고,0,1,0,0,차량단독 - 공작물충돌,안전운전불이행,습기,비,기타 - 기타,화물,남,56세,상해없음,,,,
2013070800100316,2013년 7월 8일 15시,월요일,강원도 홍천군 홍천읍,경상사고,0,0,1,0,차대차 - 기타,안전운전불이행,습기,비,단일로 - 기타,승용,남,35세,상해없음,승용,남,72세,경상
2013070800100317,2013년 7월 8일 15시,월요일,강원도 횡성군 둔내면,경상사고,0,0,1,0,차대차 - 기타,안전운전불이행,습기,비,교차로 - 교차로안,화물,남,45세,상해없음,화물,남,42세,상해없음
2013070800100358,2013년 7월 8일 16시,월요일,강원도 횡성군 청일면,중상사고,0,2,1,0,차대차 - 측면직각충돌,직진우회전진행방해,습기,흐림,교차로 - 교차로안,승용,남,50세,상해없음,화물,남,66세,경상
2013070800100359,2013년 7월 8일 16시,월요일,강원도 인제군 인제읍,사망사고,1,0,0,0,차대사람 - 횡단중,안전운전불이행,습기,비,교차로 - 교차로부근,승용,여,42세,상해없음,보행자,여,74세,사망
2013070800100360,2013년 7월 8일 16시,월요일,강원도 철원군 서면,중상사고,0,1,0,0,차량단독 - 도로외이탈 - 추락,안전운전불이행,습기,비,단일로 - 기타,화물,남,66세,중상,,,,
2013070800100389,2013년 7월 8일 17시,월요일,강원도 삼척시 도경동,중상사고,0,1,1,0,차대차 - 측면직각충돌,신호위반,건조,맑음,교차로 - 교차로안,승합,남,35세,중상,화물,남,50세,경상
2013070800100424,2013년 7월 8일 18시,월요일,강원도 춘천시 효자동,중상사고,0,1,0,0,차대사람 - 횡단중,보행자보호의무위반,건조,맑음,단일로 - 기타,승용,남,67세,상해없음,보행자,여,66세,중상
2013070800100425,2013년 7월 8일 18시,월요일,강원도 강릉시 안현동,경상사고,0,0,1,0,차대차 - 측면직각충돌,안전운전불이행,건조,맑음,단일로 - 기타,승용,남,49세,상해없음,자전거,남,32세,경상
2013070800100426,2013년 7월 8일 18시,월요일,강원도 태백시 황지동,사망사고,1,0,0,0,차량단독 - 기타,안전운전불이행,습기,흐림,단일로 - 기타,원동기,남,48세,사망,,,,
2013070800100453,2013년 7월 8일 19시,월요일,강원도 강릉시 교동,중상사고,0,1,2,0,차대차 - 기타,안전운전불이행,건조,맑음,단일로 - 기타,승합,남,69세,중상,승용,남,54세,경상
2013070800100482,2013년 7월 8일 20시,월요일,강원도 춘천시 석사동,경상사고,0,0,1,0,차대차 - 추돌 - 주정차중,안전거리미확보,습기,비,교차로 - 교차로부근,화물,남,65세,상해없음,승용,남,44세,경상
2013070800100483,2013년 7월 8일 20시,월요일,강원도 강릉시 입암동,중상사고,0,1,0,0,차대차 - 기타,중앙선침범,건조,맑음,교차로 - 교차로부근,자전거,남,59세,중상,승합,남,25세,상해없음
2013070800100484,2013년 7월 8일 20시,월요일,강원도 동해시 동회동,경상사고,0,0,2,0,차대차 - 추돌 - 진행중,안전운전불이행,건조,맑음,단일로 - 기타,승용,여,49세,상해없음,승용,여,53세,경상
2013070800100519,2013년 7월 8일 21시,월요일,강원도 정선군 사북읍,경상사고,0,0,2,0,차대차 - 추돌 - 진행중,중앙선침범,습기,비,단일로 - 기타,승용,여,23세,상해없음,승용,여,55세,경상
2013070800100554,2013년 7월 8일 22시,월요일,강원도 원주시 명륜동,중상사고,0,1,0,0,차대차 - 측면직각충돌,교차로운행방법위반,습기,흐림,교차로 - 교차로안,승용,남,59세,상해없음,이륜,남,17세,중상
2013070800100576,2013년 7월 8일 23시,월요일,강원도 춘천시 퇴계동,경상사고,0,0,2,0,차대차 - 추돌 - 주정차중,안전거리미확보,습기,비,단일로 - 기타,승용,남,66세,상해없음,승용,남,42세,경상
2013070800100577,2013년 7월 8일 23시,월요일,강원도 평창군 대화면,중상사고,0,2,2,0,차대차 - 측면직각충돌,중앙선침범,습기,비,단일로 - 교량,승용,여,53세,상해없음,화물,남,51세,경상
2013070900100047,2013년 7월 9일 02시,화요일,강원도 춘천시 후평동,경상사고,0,0,1,0,차대사람 - 기타,안전운전불이행,습기,기타,단일로 - 기타,승용,남,59세,상해없음,보행자,남,38세,경상
2013070900100059,2013년 7월 9일 03시,화요일,강원도 춘천시 효자동,경상사고,0,0,2,0,차대차 - 측면직각충돌,신호위반,습기,비,교차로 - 교차로안,승용,남,39세,상해없음,승용,남,44세,경상
2013070900100072,2013년 7월 9일 04시,화요일,강원도 원주시 일산동,경상사고,0,0,1,0,차대차 - 추돌 - 진행중,안전운전불이행,건조,맑음,교차로 - 교차로부근,승용,여,25세,상해없음,승용,여,48세,경상
2013070900100140,2013년 7월 9일 08시,화요일,강원도 춘천시 소양로2가,중상사고,0,1,0,0,차대사람 - 기타,보행자보호의무위반,건조,맑음,단일로 - 횡단보도상,승용,여,65세,상해없음,보행자,여,75세,중상
2013070900100141,2013년 7월 9일 08시,화요일,강원도 원주시 단구동,경상사고,0,0,4,0,차대차 - 추돌 - 진행중,안전거리미확보,건조,맑음,단일로 - 기타,승용,여,39세,상해없음,승합,남,35세,상해없음
2013070900100177,2013년 7월 9일 09시,화요일,강원도 강릉시 옥계면,중상사고,0,1,0,0,차대사람 - 기타,안전운전불이행,기타,맑음,기타 - 기타,건설기계,남,51세,기타불명,보행자,남,59세,중상
2013070900100201,2013년 7월 9일 10시,화요일,강원도 춘천시 동내면,경상사고,0,0,1,0,차대차 - 측면직각충돌,신호위반,건조,맑음,교차로 - 교차로안,화물,남,47세,상해없음,화물,남,83세,경상
2013070900100233,2013년 7월 9일 11시,화요일,강원도 강릉시 교동,경상사고,0,0,1,0,차대차 - 측면직각충돌,안전운전불이행,건조,맑음,교차로 - 교차로안,승용,남,51세,기타불명,이륜,남,49세,경상
2013070900100234,2013년 7월 9일 11시,화요일,강원도 원주시 흥업면,경상사고,0,0,1,0,차대차 - 추돌 - 진행중,안전운전불이행,건조,맑음,단일로 - 기타,화물,남,80세,상해없음,화물,남,42세,경상
2013070900100304,2013년 7월 9일 14시,화요일,강원도 홍천군 내촌면,중상사고,0,1,0,0,차대사람 - 차도통행중,안전운전불이행,건조,맑음,단일로 - 기타,화물,남,55세,상해없음,보행자,여,75세,중상
2013070900100305,2013년 7월 9일 14시,화요일,강원도 철원군 동송읍,경상사고,0,0,2,0,차대사람 - 길가장자리구역통행중,안전운전불이행,건조,맑음,단일로 - 기타,승합,남,51세,상해없음,보행자,남,20세,경상
2013070900100336,2013년 7월 9일 15시,화요일,강원도 원주시 무실동,경상사고,0,0,1,0,차대차 - 추돌 - 진행중,안전운전불이행,습기,흐림,단일로 - 기타,승용,남,58세,경상,승용,남,47세,상해없음
2013070900100355,2013년 7월 9일 16시,화요일,강원도 춘천시 퇴계동,경상사고,0,0,1,0,차대사람 - 기타,안전운전불이행,건조,맑음,단일로 - 기타,승용,여,49세,상해없음,보행자,남,10세,경상
2013070900100356,2013년 7월 9일 16시,화요일,강원도 원주시 명륜동,경상사고,0,0,1,0,차대차 - 추돌 - 진행중,차로위반,건조,흐림,단일로 - 기타,승용,남,55세,상해없음,이륜,남,22세,경상