사고번호,사고일시,요일,시군구,사고내용,사망자수,중상자수,경상자수,부상신고자수,사고유형,법규위반,노면상태,기상상태,도로형태,가해운전자 차종,가해운전자 성별,가해운전자 연령,가해운전자 상해정도,피해운전자 차종,피해운전자 성별,피해운전자 연령,피해운전자 상해정도
2013071500100311,2013년 7월 15일 15시,월요일,강원도 강릉시 교동,경상사고,0,0,1,0,차대차 - 정면충돌,중앙선침범,습기,비,교차로 - 교차로부근,승합,남,54세,상해없음,화물,남,50세,경상
2013071500100341,2013년 7월 15일 16시,월요일,강원도 강릉시 교동,경상사고,0,0,2,0,차대사람 - 횡단중,보행자보호의무위반,습기,비,교차로 - 교차로부근,승합,남,40세,상해없음,보행자,여,8세,경상
2013071500100342,2013년 7월 15일 16시,월요일,강원도 속초시 교동,중상사고,0,1,0,0,차대차 - 측면직각충돌,교차로운행방법위반,건조,맑음,교차로 - 교차로안,원동기,남,79세,상해없음,승용,남,46세,상해없음
2013071500100382,2013년 7월 15일 17시,월요일,강원도 인제군 남면,중상사고,0,2,0,0,차량단독 - 도로외이탈 - 추락,안전운전불이행,습기,흐림,단일로 - 기타,승용,남,64세,상해없음,,,,
2013071500100419,2013년 7월 15일 18시,월요일,강원도 춘천시 퇴계동,경상사고,0,0,1,0,차대차 - 측면직각충돌,안전운전불이행,건조,맑음,단일로 - 기타,승합,남,52세,상해없음,승용,여,43세,경상
2013071500100420,2013년 7월 15일 18시,월요일,강원도 원주시 무실동,부상신고사고,0,0,0,1,차대차 - 추돌 - 진행중,안전거리미확보,습기,흐림,교차로 - 교차로부근,승용,남,68세,부상신고,승합,남,62세,상해없음
2013071500100421,2013년 7월 15일 18시,월요일,강원도 고성군 토성면,부상신고사고,0,0,0,4,차대차 - 추돌 - 주정차중,안전운전불이행,건조,맑음,교차로 - 교차로부근,승용,남,56세,상해없음,화물,남,46세,부상신고
2013071500100422,2013년 7월 15일 18시,월요일,강원도 동해시 천곡동,사망사고,1,0,1,0,차대차 - 정면충돌,중앙선침범,습기,비,단일로 - 기타,승용,남,46세,사망,승용,남,51세,경상
2013071500100453,2013년 7월 15일 19시,월요일,강원도 철원군 동송읍,경상사고,0,0,1,0,차대차 - 측면직각충돌,교차로운행방법위반,건조,맑음,교차로 - 교차로안,승용,여,59세,상해없음,승용,여,27세,경상
2013071500100490,2013년 7월 15일 20시,월요일,강원도 강릉시 포남동,경상사고,0,0,2,0,차대차 - 기타,안전운전불이행,건조,맑음,교차로 - 교차로안,승용,여,45세,상해없음,승용,남,67세,경상
2013071500100548,2013년 7월 15일 22시,월요일,강원도 원주시 단계동,경상사고,0,0,1,0,차대차 - 기타,안전운전불이행,습기,비,단일로 - 기타,승용,남,41세,상해없음,승합,남,33세,경상
2013071500100549,2013년 7월 15일 22시,월요일,강원도 원주시 판부면,중상사고,0,1,0,0,차대사람 - 기타,안전운전불이행,습기,비,교차로 - 교차로안,승용,여,23세,상해없음,보행자,남,47세,중상
2013071500100580,2013년 7월 15일 23시,월요일,강원도 춘천시 퇴계동,중상사고,0,2,0,0,차대차 - 추돌 - 주정차중,안전운전불이행,습기,비,교차로 - 교차로부근,기타불명,기타불명,기타불명,기타불명,화물,남,66세,중상
2013071600100012,2013년 7월 16일 00시,화요일,강원도 삼척시 원덕읍,경상사고,0,0,1,0,차대차 - 측면직각충돌,안전운전불이행,습기,흐림,단일로 - 기타,기타불명,기타불명,기타불명,기타불명,승용,남,37세,상해없음
2013071600100031,2013년 7월 16일 02시,화요일,강원도 원주시 단계동,경상사고,0,0,1,0,차대사람 - 보도통행중,보행자보호의무위반,습기,흐림,교차로 - 교차로부근,승용,남,38세,상해없음,보행자,여,22세,경상
2013071600100085,2013년 7월 16일 07시,화요일,강원도 홍천군 화촌면,경상사고,0,0,2,0,차대차 - 기타,안전운전불이행,습기,흐림,단일로 - 횡단보도부근,화물,남,65세,상해없음,화물,남,58세,경상
2013071600100121,2013년 7월 16일 08시,화요일,강원도 삼척시 정상동,경상사고,0,0,1,0,차대차 - 기타,안전운전불이행,건조,맑음,교차로 - 교차로안,승합,남,68세,상해없음,승용,남,57세,경상
2013071600100159,2013년 7월 16일 09시,화요일,강원도 평창군 봉평면,경상사고,0,0,1,0,차대차 - 측면직각충돌,안전운전불이행,건조,맑음,단일로 - 기타,화물,남,63세,상해없음,승용,남,30세,경상
2013071600100189,2013년 7월 16일 10시,화요일,강원도 삼척시 남양동,경상사고,0,0,2,0,차대차 - 측면직각충돌,교차로운행방법위반,건조,맑음,교차로 - 교차로안,승용,남,54세,상해없음,화물,남,39세,경상
2013071600100263,2013년 7월 16일 13시,화요일,강원도 원주시 우산동,경상사고,0,0,3,0,차대차 - 추돌 - 주정차중,안전거리미확보,건조,흐림,단일로 - 기타,승합,남,42세,상해없음,화물,남,38세,경상
2013071600100300,2013년 7월 16일 14시,화요일,강원도 원주시 문막읍,중상사고,0,1,2,0,차대차 - 추돌 - 주정차중,안전운전불이행,건조,맑음,단일로 - 기타,화물,남,54세,경상,화물,남,57세,경상
2013071600100328,2013년 7월 16일 15시,화요일,강원도 원주시 무실동,중상사고,0,1,0,0,차대차 - 측면직각충돌,안전운전불이행,건조,맑음,단일로 - 기타,승용,여,51세,상해없음,자전거,남,8세,중상
2013071600100329,2013년 7월 16일 15시,화요일,강원도 속초시 대포동,경상사고,0,0,1,0,차대차 - 측면직각충돌,안전거리미확보,건조,맑음,단일로 - 기타,화물,남,58세,상해없음,승용,남,46세,경상
2013071600100330,2013년 7월 16일 15시,화요일,강원도 영월군 주천면,부상신고사고,0,0,0,1,차대차 - 측면직각충돌,교차로운행방법위반,건조,맑음,교차로 - 교차로안,승용,여,48세,상해없음,승용,여,59세,부상신고
2013071600100331,2013년 7월 16일 15시,화요일,강원도 평창군 진부면,경상사고,0,0,2,0,차대차 - 측면직각충돌,안전운전불이행,건조,맑음,단일로 - 기타,승용,여,29세,상해없음,승용,남,20세,경상
2013071600100366,2013년 7월 16일 16시,화요일,강원도 속초시 조양동,경상사고,0,0,1,0,차대차 - 추돌 - 진행중,안전운전불이행,건조,맑음,교차로 - 교차로부근,승용,남,20세,상해없음,화물,남,31세,경상
2013071600100367,2013년 7월 16일 16시,화요일,강원도 동해시 천곡동,경상사고,0,0,3,0,차대차 - 측면직각충돌,안전운전불이행,건조,흐림,단일로 - 기타,승용,남,76세,상해없음,승용,여,66세,경상
2013071600100393,2013년 7월 16일 17시,화요일,강원도 원주시 단계동,경상사고,0,0,1,0,차대차 - 측면직각충돌,신호위반,건조,맑음,교차로 - 교차로안,승용,여,57세,상해없음,승용,여,55세,경상
2013071600100429,2013년 7월 16일 18시,화요일,강원도 원주시 태장동,경상사고,0,0,1,0,차대차 - 측면직각충돌,안전거리미확보,건조,맑음,단일로 - 기타,이륜,남,17세,경상,승용,남,28세,상해없음
2013071600100489,2013년 7월 16일 20시,화요일,강원도 춘천시 효자동,경상사고,0,0,1,0,차대차 - 추돌 - 진행중,안전거리미확보,건조,맑음,단일로 - 기타,이륜,남,16세,상해없음,이륜,남,44세,경상
2013071600100515,2013년 7월 16일 21시,화요일,강원도 춘천시 동면,중상사고,0,1,0,0,차대차 - 측면직각충돌,기타,습기,흐림,단일로 - 기타,승용,남,58세,상해없음,이륜,남,30세,중상
2013071600100516,2013년 7월 16일 21시,화요일,강원도 강릉시 교동,경상사고,0,0,3,0,차대차 - 정면충돌,신호위반,건조,맑음,교차로 - 교차로안,승용,남,50세,경상,승용,남,58세,경상
2013071600100517,2013년 7월 16일 21시,화요일,강원도 원주시 단계동,중상사고,0,1,0,0,차대차 - 측면직각충돌,교차로운행방법위반,건조,흐림,교차로 - 교차로안,승합,여,53세,상해없음,이륜,남,46세,중상
2013071600100554,2013년 7월 16일 22시,화요일,강원도 춘천시 우두동,중상사고,0,1,0,0,차대차 - 측면직각충돌,안전운전불이행,습기,비,단일로 - 기타,승용,여,30세,상해없음,이륜,남,19세,중상
2013071600100555,2013년 7월 16일 22시,화요일,강원도 동해시 천곡동,경상사고,0,0,1,0,차대차 - 측면직각충돌,교차로운행방법위반,건조,맑음,교차로 - 교차로안,승용,남,24세,상해없음,승용,남,42세,경상
2013071700100019,2013년 7월 17일 00시,수요일,강원도 강릉시 교동,경상사고,0,0,3,0,차대차 - 측면직각충돌,신호위반,건조,맑음,교차로 - 교차로안,승용,남,53세,상해없음,승용,남,24세,경상
2013071700100054,2013년 7월 17일 02시,수요일,강원도 춘천시 효자동,경상사고,0,0,1,0,차대차 - 측면직각충돌,안전운전불이행,습기,비,교차로 - 교차로부근,승용,여,45세,상해없음,승용,남,46세,경상
2013071700100083,2013년 7월 17일 06시,수요일,강원도 동해시 평릉동,중상사고,0,3,0,0,차대차 - 측면직각충돌,직진우회전진행방해,습기,비,교차로 - 교차로안,승용,여,54세,상해없음,승용,남,41세,중상
2013071700100106,2013년 7월 17일 07시,수요일,강원도 춘천시 후평동,중상사고,0,1,0,0,차대사람 - 기타,안전운전불이행,건조,흐림,단일로 - 기타,승용,여,30세,상해없음,보행자,여,58세,중상
2013071700100132,2013년 7월 17일 08시,수요일,강원도 춘천시 중앙로2가,중상사고,0,1,0,0,차대사람 - 보도통행중,보행자보호의무위반,건조,맑음,교차로 - 교차로부근,승용,여,53세,상해없음,보행자,여,23세,중상
2013071700100173,2013년 7월 17일 09시,수요일,강원도 원주시 단계동,경상사고,0,0,1,0,차대차 - 측면직각충돌,신호위반,습기,비,교차로 - 교차로안,승용,남,73세,상해없음,화물,남,49세,경상
2013071700100213,2013년 7월 17일 11시,수요일,강원도 강릉시 포남동,경상사고,0,0,1,0,차대차 - 측면직각충돌,안전운전불이행,건조,맑음,교차로 - 교차로안,이륜,남,48세,경상,승용,여,59세,상해없음
2013071700100214,2013년 7월 17일 11시,수요일,강원도 양양군 현북면,경상사고,0,0,1,0,차량단독 - 도로외이탈 - 추락,안전운전불이행,건조,맑음,단일로 - 기타,승용,여,47세,상해없음,,,,
2013071700100279,2013년 7월 17일 13시,수요일,강원도 춘천시 효자동,중상사고,0,1,0,0,차대차 - 측면직각충돌,교차로운행방법위반,건조,맑음,교차로 - 교차로안,승용,여,54세,상해없음,원동기,남,77세,중상
2013071700100304,2013년 7월 17일 14시,수요일,강원도 양양군 양양읍,중상사고,0,2,5,0,차대차 - 추돌 - 주정차중,안전운전불이행,건조,맑음,단일로 - 기타,승용,여,35세,상해없음,승용,여,57세,경상
2013071700100389,2013년 7월 17일 16시,수요일,강원도 원주시 소초면,경상사고,0,0,2,0,차대차 - 측면직각충돌,교차로운행방법위반,습기,비,교차로 - 교차로안,화물,여,55세,경상,승용,남,52세,경상
2013071700100507,2013년 7월 17일 19시,수요일,강원도 강릉시 주문진읍,경상사고,0,0,1,0,차대차 - 측면직각충돌,안전운전불이행,건조,맑음,교차로 - 교차로부근,승용,남,55세,상해없음,원동기,남,19세,경상
2013071700100508,2013년 7월 17일 19시,수요일,강원도 고성군 토성면,부상신고사고,0,0,0,1,차대차 - 측면직각충돌,신호위반,건조,맑음,교차로 - 교차로안,승용,남,27세,상해없음,화물,남,52세,부상신고
2013071700100541,2013년 7월 17일 20시,수요일,강원도 속초시 동명동,중상사고,0,1,0,0,차대사람 - 보도통행중,안전운전불이행,건조,맑음,단일로 - 기타,원동기,남,49세,상해없음,보행자,남,67세,중상
2013071700100542,2013년 7월 17일 20시,수요일,강원도 고성군 죽왕면,경상사고,0,0,2,0,차량단독 - 기타,안전운전불이행,건조,맑음,단일로 - 기타,농기계,남,58세,상해없음,,,,
2013071700100579,2013년 7월 17일 21시,수요일,강원도 원주시 명륜동,경상사고,0,0,1,0,차대사람 - 기타,안전운전불이행,습기,흐림,단일로 - 기타,승용,여,44세,상해없음,보행자,남,65세,경상
2013071700100580,2013년 7월 17일 21시,수요일,강원도 원주시 단구동,경상사고,0,0,3,0,차대차 - 추돌 - 진행중,교차로운행방법위반,습기,비,교차로 - 교차로안,승용,여,59세,상해없음,승합,남,64세,경상
2013071700100581,2013년 7월 17일 21시,수요일,강원도 속초시 중앙동,경상사고,0,0,3,0,차대차 - 추돌 - 진행중,안전운전불이행,건조,맑음,교차로 - 교차로안,승용,남,42세,상해없음,승용,여,46세,경상
2013071700100582,2013년 7월 17일 21시,수요일,강원도 속초시 조양동,경상사고,0,0,3,0,차대차 - 추돌 - 진행중,교차로운행방법위반,건조,맑음,교차로 - 교차로안,승용,남,63세,상해없음,승합,남,23세,경상
2013071800100017,2013년 7월 18일 00시,목요일,강원도 춘천시 옥천동,경상사고,0,0,1,0,차대사람 - 길가장자리구역통행중,안전운전불이행,건조,맑음,단일로 - 기타,승용,남,34세,상해없음,보행자,남,26세,경상
2013071800100018,2013년 7월 18일 00시,목요일,강원도 원주시 단계동,중상사고,0,2,1,0,차대차 - 추돌 - 진행중,중앙선침범,습기,비,교차로 - 교차로안,승용,남,31세,상해없음,승합,남,44세,경상
2013071800100060,2013년 7월 18일 02시,목요일,강원도 원주시 무실동,경상사고,0,0,2,0,차대차 - 추돌 - 진행중,신호위반,습기,비,교차로 - 교차로안,승용,남,49세,상해없음,승용,여,28세,경상
2013071800100108,2013년 7월 18일 06시,목요일,강원도 춘천시 동면,중상사고,0,2,0,1,차대차 - 측면직각충돌,직진우회전진행방해,습기,비,교차로 - 교차로안,승용,남,62세,상해없음,승용,남,48세,중상
2013071800100109,2013년 7월 18일 06시,목요일,강원도 태백시 화전동,사망사고,1,0,0,0,차대사람 - 횡단중,보행자보호의무위반,건조,맑음,단일로 - 횡단보도상,승합,남,54세,상해없음,보행자,남,68세,사망
2013071800100126,2013년 7월 18일 07시,목요일,강원도 강릉시 포남동,경상사고,0,0,1,0,차대차 - 측면직각충돌,안전운전불이행,건조,맑음,교차로 - 교차로부근,승용,여,40세,상해없음,자전거,여,13세,경상
2013071800100184,2013년 7월 18일 09시,목요일,강원도 춘천시 소양로1가,부상신고사고,0,0,0,1,차대사람 - 횡단중,안전운전불이행,습기,비,교차로 - 교차로안,승용,남,49세,상해없음,보행자,남,46세,부상신고
2013071800100185,2013년 7월 18일 09시,목요일,강원도 춘천시 퇴계동,경상사고,0,0,2,0,차대차 - 추돌 - 진행중,안전운전불이행,습기,비,교차로 - 교차로부근,승용,남,24세,상해없음,승용,여,51세,경상
2013071800100186,2013년 7월 18일 09시,목요일,강원도 강릉시 송정동,중상사고,0,1,0,0,차대사람 - 기타,안전운전불이행,습기,흐림,단일로 - 기타,승용,남,33세,상해없음,보행자,여,54세,중상
2013071800100202,2013년 7월 18일 10시,목요일,강원도 강릉시 교동,경상사고,0,0,3,0,차대차 - 측면직각충돌,안전운전불이행,건조,맑음,단일로 - 기타,승용,남,68세,기타불명,승용,남,23세,경상
2013071800100261,2013년 7월 18일 13시,목요일,강원도 춘천시 후평동,경상사고,0,0,3,0,차대차 - 측면직각충돌,신호위반,습기,흐림,교차로 - 교차로안,승용,남,52세,상해없음,승용,여,27세,경상
2013071800100262,2013년 7월 18일 13시,목요일,강원도 춘천시 효자동,부상신고사고,0,0,0,1,차대차 - 측면직각충돌,안전운전불이행,습기,비,교차로 - 교차로부근,승용,여,48세,상해없음,이륜,남,40세,부상신고
2013071800100289,2013년 7월 18일 14시,목요일,강원도 춘천시 효자동,중상사고,0,1,2,0,차대차 - 정면충돌,중앙선침범,습기,비,교차로 - 교차로안,승용,여,37세,상해없음,승용,남,52세,경상
2013071800100323,2013년 7월 18일 15시,목요일,강원도 원주시 중앙동,부상신고사고,0,0,0,1,차대사람 - 기타,안전운전불이행,건조,맑음,단일로 - 기타,기타불명,기타불명,기타불명,기타불명,보행자,여,67세,부상신고
2013071800100324,2013년 7월 18일 15시,목요일,강원도 동해시 망상동,중상사고,0,1,0,0,차량단독 - 공작물충돌,안전운전불이행,건조,흐림,단일로 - 기타,승용,남,68세,상해없음,,,,
2013071800100354,2013년 7월 18일 16시,목요일,강원도 정선군 남면,중상사고,0,1,9,0,차대차 - 추돌 - 진행중,안전운전불이행,건조,흐림,교차로 - 교차로안,화물,남,44세,상해없음,승합,남,51세,경상
2013071800100394,2013년 7월 18일 17시,목요일,강원도 춘천시 퇴계동,부상신고사고,0,0,0,1,차대사람 - 횡단중,보행자보호의무위반,습기,비,교차로 - 교차로안,승용,남,58세,기타불명,보행자,남,10세,부상신고
2013071800100482,2013년 7월 18일 19시,목요일,강원도 강릉시 옥천동,경상사고,0,0,1,0,차대사람 - 횡단중,안전운전불이행,습기,비,단일로 - 기타,승합,남,36세,상해없음,보행자,여,52세,경상
2013071800100483,2013년 7월 18일 19시,목요일,강원도 속초시 교동,중상사고,0,2,1,0,차대차 - 추돌 - 주정차중,안전운전불이행,습기,비,교차로 - 교차로부근,승용,남,38세,상해없음,승용,여,32세,중상
2013071800100510,2013년 7월 18일 20시,목요일,강원도 평창군 봉평면,중상사고,0,1,0,0,차대사람 - 길가장자리구역통행중,안전운전불이행,건조,흐림,단일로 - 기타,승용,남,42세,상해없음,보행자,남,50세,중상
2013071800100511,2013년 7월 18일 20시,목요일,강원도 정선군 정선읍,중상사고,0,1,0,0,차대사람 - 차도통행중,안전운전불이행,건조,맑음,교차로 - 교차로안,화물,여,48세,상해없음,보행자,남,3세,중상
2013071800100554,2013년 7월 18일 21시,목요일,강원도 원주시 지정면,경상사고,0,0,4,0,차대차 - 추돌 - 진행중,신호위반,건조,맑음,교차로 - 교차로안,화물,남,48세,상해없음,승합,남,64세,경상
2013071800100555,2013년 7월 18일 21시,목요일,강원도 고성군 토성면,부상신고사고,0,0,0,2,차대차 - 추돌 - 진행중,안전운전불이행,습기,비,단일로 - 기타,승용,남,53세,상해없음,승용,남,58세,부상신고
2013071800100556,2013년 7월 18일 21시,목요일,강원도 동해시 동회동,경상사고,0,0,1,0,차대사람 - 기타,안전운전불이행,습기,비,교차로 - 교차로안,승용,남,53세,상해없음,보행자,남,40세,경상
2013071800100594,2013년 7월 18일 22시,목요일,강원도 원주시 단구동,경상사고,0,0,1,0,차대차 - 추돌 - 진행중,안전운전불이행,건조,맑음,단일로 - 기타,승용,남,47세,상해없음,이륜,남,17세,경상
2013071800100626,2013년 7월 18일 23시,목요일,강원도 원주시 무실동,부상신고사고,0,0,0,1,차대사람 - 기타,안전운전불이행,건조,흐림,기타 - 기타,승용,여,58세,상해없음,보행자,여,58세,부상신고
2013071800100627,2013년 7월 18일 23시,목요일,강원도 원주시 단계동,경상사고,0,0,1,0,차대차 - 추돌 - 주정차중,안전운전불이행,건조,맑음,단일로 - 기타,승용,남,47세,상해없음,승용,남,23세,상해없음
2013071900100010,2013년 7월 19일 00시,금요일,강원도 원주시 관설동,중상사고,0,2,1,0,차대차 - 측면직각충돌,신호위반,건조,맑음,교차로 - 교차로안,화물,남,56세,경상,승용,남,43세,중상
2013071900100034,2013년 7월 19일 01시,금요일,강원도 원주시 소초면,경상사고,0,0,1,0,차대차 - 측면직각충돌,안전운전불이행,건조,맑음,단일로 - 기타,승용,여,36세,상해없음,승용,남,23세,경상
2013071900100165,2013년 7월 19일 09시,금요일,강원도 동해시 효가동,경상사고,0,0,1,0,차대차 - 추돌 - 주정차중,안전운전불이행,건조,맑음,교차로 - 교차로부근,승용,남,70세,상해없음,승용,여,50세,경상
2013071900100214,2013년 7월 19일 11시,금요일,강원도 강릉시 옥천동,경상사고,0,0,1,0,차대차 - 측면직각충돌,안전운전불이행,건조,맑음,단일로 - 기타,승용,남,73세,기타불명,이륜,남,49세,경상
2013071900100215,2013년 7월 19일 11시,금요일,강원도 원주시 개운동,중상사고,0,2,0,0,차대차 - 기타,중앙선침범,건조,흐림,단일로 - 기타,승용,남,52세,상해없음,승용,남,55세,중상
2013071900100248,2013년 7월 19일 12시,금요일,강원도 횡성군 우천면,중상사고,0,4,0,0,차대차 - 기타,신호위반,건조,맑음,교차로 - 교차로안,승용,여,39세,중상,승용,남,33세,중상
2013071900100275,2013년 7월 19일 13시,금요일,강원도 속초시 동명동,사망사고,1,0,0,0,차대차 - 측면직각충돌,불법유턴,건조,맑음,교차로 - 교차로안,자전거,남,78세,사망,승용,남,62세,상해없음
2013071900100276,2013년 7월 19일 13시,금요일,강원도 영월군 영월읍,경상사고,0,0,2,0,차대차 - 측면직각충돌,안전거리미확보,건조,맑음,교차로 - 교차로안,화물,남,47세,상해없음,승용,남,57세,경상
2013071900100277,2013년 7월 19일 13시,금요일,강원도 정선군 화암면,중상사고,0,1,1,0,차대차 - 추돌 - 진행중,교차로운행방법위반,건조,맑음,교차로 - 교차로안,승용,여,29세,상해없음,화물,남,55세,경상
2013071900100349,2013년 7월 19일 15시,금요일,강원도 춘천시 후평동,경상사고,0,0,1,0,차대차 - 추돌 - 주정차중,안전거리미확보,건조,맑음,교차로 - 교차로부근,승용,여,36세,상해없음,승용,남,58세,경상
2013071900100350,2013년 7월 19일 15시,금요일,강원도 동해시 망상동,중상사고,0,3,0,0,차대차 - 기타,중앙선침범,건조,맑음,단일로 - 기타,승용,남,23세,상해없음,화물,남,68세,중상
2013071900100379,2013년 7월 19일 16시,금요일,강원도 양양군 서면,경상사고,0,0,2,3,차대차 - 측면직각충돌,중앙선침범,건조,맑음,교차로 - 교차로안,승용,남,32세,상해없음,승용,여,36세,경상
2013071900100380,2013년 7월 19일 16시,금요일,강원도 양구군 양구읍,경상사고,0,0,1,0,차대차 - 측면직각충돌,안전운전불이행,건조,맑음,단일로 - 기타,승용,남,54세,상해없음,화물,남,57세,경상
2013071900100405,2013년 7월 19일 17시,금요일,강원도 강릉시 성내동,경상사고,0,0,1,0,차대사람 - 횡단중,보행자보호의무위반,건조,맑음,단일로 - 기타,승용,남,26세,기타불명,보행자,남,44세,경상
2013071900100406,2013년 7월 19일 17시,금요일,강원도 원주시 단계동,중상사고,0,1,0,0,차대사람 - 횡단중,보행자보호의무위반,건조,맑음,단일로 - 횡단보도상,화물,남,39세,상해없음,보행자,남,44세,중상
2013071900100407,2013년 7월 19일 17시,금요일,강원도 속초시 중앙동,경상사고,0,0,1,0,차대사람 - 보도통행중,안전운전불이행,건조,흐림,단일로 - 기타,자전거,남,16세,상해없음,보행자,남,24세,경상
2013071900100408,2013년 7월 19일 17시,금요일,강원도 철원군 갈말읍,중상사고,0,1,0,0,차대차 - 측면직각충돌,안전운전불이행,건조,맑음,단일로 - 기타,승용,남,69세,상해없음,자전거,남,66세,중상
2013071900100508,2013년 7월 19일 19시,금요일,강원도 삼척시 도계읍,경상사고,0,0,1,0,차대사람 - 기타,안전운전불이행,건조,맑음,단일로 - 기타,승용,남,53세,상해없음,보행자,여,57세,경상
2013071900100582,2013년 7월 19일 21시,금요일,강원도 원주시 명륜동,경상사고,0,0,2,0,차대차 - 기타,차로위반,건조,흐림,단일로 - 기타,승용,남,61세,상해없음,승용,여,30세,경상
2013071900100583,2013년 7월 19일 21시,금요일,강원도 횡성군 횡성읍,중상사고,0,1,0,0,차대차 - 추돌 - 주정차중,안전운전불이행,건조,맑음,단일로 - 기타,승용,남,29세,상해없음,승용,남,40세,상해없음
2013072000100012,2013년 7월 20일 00시,토요일,강원도 원주시 지정면,경상사고,0,0,1,0,차대차 - 추돌 - 주정차중,안전운전불이행,건조,맑음,단일로 - 기타,승용,남,28세,상해없음,화물,남,53세,상해없음
2013072000100048,2013년 7월 20일 01시,토요일,강원도 강릉시 포남동,경상사고,0,0,1,0,차대차 - 측면직각충돌,안전운전불이행,건조,맑음,교차로 - 교차로부근,승용,남,21세,상해없음,승용,남,33세,경상
2013072000100049,2013년 7월 20일 01시,토요일,강원도 원주시 단계동,경상사고,0,0,1,0,차대차 - 추돌 - 진행중,안전운전불이행,건조,맑음,교차로 - 교차로부근,승용,남,54세,상해없음,승용,남,34세,경상
2013072000100069,2013년 7월 20일 02시,토요일,강원도 강릉시 교동,부상신고사고,0,0,0,3,차량단독 - 공작물충돌,안전운전불이행,건조,맑음,단일로 - 기타,승용,남,21세,부상신고,,,,
2013072000100156,2013년 7월 20일 07시,토요일,강원도 춘천시 서면,경상사고,0,0,1,0,차대차 - 측면직각충돌,안전거리미확보,건조,맑음,단일로 - 기타,화물,남,56세,상해없음,화물,남,36세,경상
2013072000100192,2013년 7월 20일 09시,토요일,강원도 원주시 문막읍,경상사고,0,0,1,0,차대차 - 측면직각충돌,신호위반,건조,맑음,교차로 - 교차로안,승용,남,31세,상해없음,승용,남,54세,경상
2013072000100214,2013년 7월 20일 10시,토요일,강원도 원주시 우산동,경상사고,0,0,1,0,차대사람 - 기타,안전운전불이행,건조,맑음,단일로 - 기타,화물,남,69세,기타불명,보행자,여,57세,경상
2013072000100215,2013년 7월 20일 10시,토요일,강원도 속초시 조양동,경상사고,0,0,1,0,차대차 - 측면직각충돌,신호위반,건조,맑음,교차로 - 교차로안,자전거,남,81세,상해없음,승용,여,33세,경상
2013072000100248,2013년 7월 20일 11시,토요일,강원도 원주시 반곡동,경상사고,0,0,2,0,차대차 - 측면직각충돌,중앙선침범,건조,맑음,단일로 - 기타,승용,남,21세,경상,승용,남,45세,경상
2013072000100249,2013년 7월 20일 11시,토요일,강원도 홍천군 화촌면,중상사고,0,1,0,0,차량단독 - 공작물충돌,안전운전불이행,건조,맑음,단일로 - 기타,승용,여,59세,중상,,,,
2013072000100284,2013년 7월 20일 12시,토요일,강원도 원주시 단계동,중상사고,0,1,0,0,차대사람 - 횡단중,신호위반,건조,맑음,교차로 - 교차로부근,승합,남,58세,상해없음,보행자,남,27세,중상
2013072000100285,2013년 7월 20일 12시,토요일,강원도 삼척시 사직동,경상사고,0,0,3,0,차대차 - 측면직각충돌,안전운전불이행,건조,맑음,교차로 - 교차로안,승용,남,45세,상해없음,승용,남,35세,경상
2013072000100327,2013년 7월 20일 13시,토요일,강원도 원주시 단계동,경상사고,0,0,2,0,차대차 - 측면직각충돌,안전거리미확보,건조,맑음,교차로 - 교차로부근,승용,여,36세,상해없음,승용,여,52세,상해없음
2013072000100328,2013년 7월 20일 13시,토요일,강원도 삼척시 등봉동,경상사고,0,0,4,0,차대차 - 측면직각충돌,안전운전불이행,건조,맑음,단일로 - 기타,승용,남,75세,경상,화물,남,49세,상해없음
2013072000100361,2013년 7월 20일 14시,토요일,강원도 원주시 단계동,경상사고,0,0,1,0,차대차 - 측면직각충돌,교차로운행방법위반,건조,맑음,교차로 - 교차로안,승용,여,49세,상해없음,승용,남,50세,경상
2013072000100362,2013년 7월 20일 14시,토요일,강원도 동해시 평릉동,경상사고,0,0,2,0,차대차 - 기타,신호위반,건조,맑음,교차로 - 교차로안,승용,남,64세,상해없음,승용,여,42세,경상
2013072000100402,2013년 7월 20일 15시,토요일,강원도 춘천시 동면,경상사고,0,0,2,0,차대차 - 측면직각충돌,안전운전불이행,건조,맑음,단일로 - 기타,승용,여,66세,상해없음,승용,여,40세,경상
2013072000100403,2013년 7월 20일 15시,토요일,강원도 원주시 단계동,경상사고,0,0,2,0,차대차 - 추돌 - 주정차중,기타,건조,맑음,단일로 - 기타,승용,여,55세,경상,승용,남,38세,경상
2013072000100404,2013년 7월 20일 15시,토요일,강원도 평창군 평창읍,경상사고,0,0,2,0,차대차 - 추돌 - 진행중,안전운전불이행,건조,맑음,단일로 - 기타,화물,남,55세,상해없음,승용,남,31세,경상
2013072000100462,2013년 7월 20일 17시,토요일,강원도 원주시 무실동,중상사고,0,1,1,0,차대차 - 추돌 - 진행중,안전거리미확보,건조,맑음,단일로 - 기타,승용,남,36세,상해없음,승용,남,30세,경상
2013072000100463,2013년 7월 20일 17시,토요일,강원도 원주시 문막읍,경상사고,0,0,2,0,차대차 - 측면직각충돌,직진우회전진행방해,건조,맑음,교차로 - 교차로안,승용,여,49세,상해없음,승용,남,56세,경상
2013072000100464,2013년 7월 20일 17시,토요일,강원도 원주시 일산동,중상사고,0,1,1,0,차대차 - 측면직각충돌,교차로운행방법위반,건조,맑음,교차로 - 교차로안,승용,여,47세,상해없음,이륜,남,50세,중상