사고번호,사고일시,요일,시군구,사고내용,사망자수,중상자수,경상자수,부상신고자수,사고유형,법규위반,노면상태,기상상태,도로형태,가해운전자 차종,가해운전자 성별,가해운전자 연령,가해운전자 상해정도,피해운전자 차종,피해운전자 성별,피해운전자 연령,피해운전자 상해정도
2013073000100118,2013년 7월 30일 09시,화요일,강원도 태백시 장성동,경상사고,0,0,4,0,차대차 - 추돌 - 주정차중,안전거리미확보,건조,맑음,단일로 - 기타,승용,남,61세,상해없음,승용,남,69세,상해없음
2013073000100146,2013년 7월 30일 10시,화요일,강원도 춘천시 교동,경상사고,0,0,2,0,차대차 - 측면직각충돌,차로위반,건조,맑음,단일로 - 기타,승용,남,47세,상해없음,승용,남,78세,경상
2013073000100185,2013년 7월 30일 11시,화요일,강원도 속초시 교동,경상사고,0,0,9,0,차대차 - 추돌 - 진행중,안전거리미확보,건조,맑음,교차로 - 교차로부근,화물,남,47세,상해없음,승용,남,31세,경상
2013073000100186,2013년 7월 30일 11시,화요일,강원도 철원군 서면,중상사고,0,1,0,0,차량단독 - 전도전복,안전운전불이행,습기,비,단일로 - 기타,이륜,남,53세,중상,,,,
2013073000100187,2013년 7월 30일 11시,화요일,강원도 동해시 평릉동,경상사고,0,0,3,0,차대차 - 기타,교차로운행방법위반,건조,맑음,교차로 - 교차로안,화물,남,46세,상해없음,승용,남,61세,경상
2013073000100210,2013년 7월 30일 12시,화요일,강원도 춘천시 소양로1가,경상사고,0,0,1,0,차대차 - 측면직각충돌,신호위반,건조,맑음,단일로 - 횡단보도상,승용,여,55세,상해없음,이륜,남,42세,경상
2013073000100211,2013년 7월 30일 12시,화요일,강원도 강릉시 사천면,중상사고,0,2,1,0,차대차 - 측면직각충돌,안전운전불이행,기타,기타,단일로 - 기타,승용,남,28세,상해없음,승용,남,65세,중상
2013073000100212,2013년 7월 30일 12시,화요일,강원도 원주시 단계동,경상사고,0,0,1,0,차대차 - 기타,안전운전불이행,건조,맑음,단일로 - 기타,승용,남,48세,상해없음,이륜,남,32세,경상
2013073000100213,2013년 7월 30일 12시,화요일,강원도 양양군 현남면,경상사고,0,0,1,0,차대사람 - 횡단중,안전운전불이행,건조,맑음,단일로 - 기타,승용,남,61세,상해없음,보행자,여,8세,경상
2013073000100214,2013년 7월 30일 12시,화요일,강원도 동해시 추암동,경상사고,0,0,1,0,차대차 - 기타,중앙선침범,건조,맑음,단일로 - 기타,승용,여,56세,상해없음,승용,남,22세,경상
2013073000100251,2013년 7월 30일 13시,화요일,강원도 원주시 흥업면,중상사고,0,1,1,0,차대차 - 측면직각충돌,안전운전불이행,건조,맑음,단일로 - 기타,승용,남,59세,상해없음,승용,여,45세,중상
2013073000100252,2013년 7월 30일 13시,화요일,강원도 속초시 노학동,중상사고,0,3,0,0,차대차 - 추돌 - 진행중,안전거리미확보,건조,맑음,교차로 - 교차로부근,승용,남,37세,상해없음,승용,여,30세,중상
2013073000100253,2013년 7월 30일 13시,화요일,강원도 횡성군 둔내면,중상사고,0,1,1,0,차량단독 - 도로외이탈 - 기타,안전운전불이행,건조,기타,단일로 - 기타,원동기,여,45세,상해없음,,,,
2013073000100347,2013년 7월 30일 16시,화요일,강원도 원주시 단구동,중상사고,0,1,0,0,차대차 - 측면직각충돌,교차로운행방법위반,건조,맑음,교차로 - 교차로안,승용,여,25세,상해없음,이륜,남,36세,중상
2013073000100348,2013년 7월 30일 16시,화요일,강원도 속초시 노학동,중상사고,0,1,0,0,차대사람 - 횡단중,안전운전불이행,건조,흐림,단일로 - 기타,승용,남,50세,상해없음,보행자,남,13세,중상
2013073000100349,2013년 7월 30일 16시,화요일,강원도 삼척시 남양동,중상사고,0,1,1,0,차대차 - 측면직각충돌,안전운전불이행,건조,흐림,교차로 - 교차로부근,원동기,남,51세,중상,화물,남,58세,경상
2013073000100396,2013년 7월 30일 17시,화요일,강원도 원주시 단계동,경상사고,0,0,1,0,차대차 - 정면충돌,중앙선침범,건조,흐림,단일로 - 기타,승용,여,24세,상해없음,원동기,남,61세,경상
2013073000100438,2013년 7월 30일 18시,화요일,강원도 속초시 노학동,경상사고,0,0,1,0,차대차 - 측면직각충돌,직진우회전진행방해,건조,흐림,교차로 - 교차로안,승용,여,52세,상해없음,승용,여,25세,경상
2013073000100440,2013년 7월 30일 18시,화요일,강원도 삼척시 남양동,중상사고,0,1,0,0,차대차 - 추돌 - 진행중,안전운전불이행,건조,맑음,단일로 - 기타,승용,남,69세,상해없음,승용,남,41세,중상
2013073000100509,2013년 7월 30일 20시,화요일,강원도 춘천시 운교동,중상사고,0,1,0,0,차대차 - 추돌 - 주정차중,안전운전불이행,건조,맑음,교차로 - 교차로부근,승용,남,58세,상해없음,승용,남,65세,중상
2013073000100551,2013년 7월 30일 21시,화요일,강원도 춘천시 후평동,사망사고,1,0,0,0,차대사람 - 횡단중,보행자보호의무위반,건조,흐림,단일로 - 횡단보도상,승용,남,50세,상해없음,보행자,남,63세,사망
2013073000100552,2013년 7월 30일 21시,화요일,강원도 원주시 단계동,중상사고,0,2,2,0,차대차 - 측면직각충돌,차로위반,건조,맑음,단일로 - 기타,승용,남,25세,상해없음,승용,남,52세,중상
2013073000100586,2013년 7월 30일 22시,화요일,강원도 삼척시 남양동,경상사고,0,0,1,0,차대차 - 추돌 - 진행중,안전운전불이행,건조,맑음,교차로 - 교차로부근,승용,남,38세,상해없음,승용,여,29세,경상
2013073000100615,2013년 7월 30일 23시,화요일,강원도 춘천시 운교동,경상사고,0,0,3,0,차대차 - 기타,안전운전불이행,습기,비,교차로 - 교차로부근,승용,남,41세,상해없음,승용,남,48세,경상
2013073100100013,2013년 7월 31일 00시,수요일,강원도 춘천시 석사동,경상사고,0,0,2,0,차대차 - 추돌 - 주정차중,안전운전불이행,습기,비,교차로 - 교차로부근,승용,남,38세,상해없음,승용,남,26세,경상
2013073100100105,2013년 7월 31일 07시,수요일,강원도 원주시 학성동,사망사고,1,0,0,0,차대사람 - 횡단중,과속,습기,맑음,교차로 - 교차로안,화물,남,64세,상해없음,보행자,남,84세,사망
2013073100100106,2013년 7월 31일 07시,수요일,강원도 횡성군 우천면,경상사고,0,0,1,0,차대차 - 측면직각충돌,안전운전불이행,건조,맑음,단일로 - 기타,화물,남,54세,상해없음,승용,남,46세,경상
2013073100100130,2013년 7월 31일 08시,수요일,강원도 태백시 통동,경상사고,0,0,2,0,차량단독 - 공작물충돌,안전운전불이행,습기,비,단일로 - 기타,승합,남,52세,상해없음,,,,
2013073100100158,2013년 7월 31일 09시,수요일,강원도 인제군 인제읍,중상사고,0,1,0,0,차대차 - 측면직각충돌,중앙선침범,건조,맑음,단일로 - 기타,승용,남,22세,상해없음,화물,남,24세,중상
2013073100100182,2013년 7월 31일 10시,수요일,강원도 춘천시 중앙로1가,경상사고,0,0,1,0,차대차 - 측면직각충돌,교차로운행방법위반,건조,맑음,교차로 - 교차로안,승용,여,58세,상해없음,승용,남,42세,경상
2013073100100183,2013년 7월 31일 10시,수요일,강원도 원주시 개운동,중상사고,0,1,0,0,차대차 - 추돌 - 진행중,안전운전불이행,건조,맑음,단일로 - 기타,화물,남,68세,상해없음,자전거,남,68세,중상
2013073100100209,2013년 7월 31일 11시,수요일,강원도 춘천시 퇴계동,경상사고,0,0,1,0,차대사람 - 기타,안전운전불이행,건조,맑음,교차로 - 교차로부근,승합,남,54세,상해없음,보행자,남,26세,경상
2013073100100210,2013년 7월 31일 11시,수요일,강원도 강릉시 포남동,중상사고,0,1,0,0,차대차 - 측면직각충돌,안전운전불이행,건조,맑음,단일로 - 기타,화물,남,43세,상해없음,자전거,남,75세,중상
2013073100100211,2013년 7월 31일 11시,수요일,강원도 양양군 강현면,경상사고,0,0,4,0,차대차 - 측면직각충돌,신호위반,건조,맑음,교차로 - 교차로안,승용,남,27세,상해없음,승용,남,44세,경상
2013073100100212,2013년 7월 31일 11시,수요일,강원도 홍천군 화촌면,중상사고,0,1,0,0,차대사람 - 횡단중,안전운전불이행,건조,맑음,단일로 - 기타,승용,남,50세,상해없음,보행자,여,72세,중상
2013073100100213,2013년 7월 31일 11시,수요일,강원도 평창군 진부면,경상사고,0,0,5,0,차대차 - 측면직각충돌,중앙선침범,건조,맑음,단일로 - 기타,승용,남,43세,상해없음,승용,남,52세,상해없음
2013073100100214,2013년 7월 31일 11시,수요일,강원도 태백시 황지동,경상사고,0,0,5,0,차대차 - 추돌 - 진행중,안전거리미확보,습기,비,단일로 - 기타,승용,남,35세,상해없음,화물,남,44세,경상
2013073100100215,2013년 7월 31일 11시,수요일,강원도 횡성군 둔내면,경상사고,0,0,4,1,차대차 - 추돌 - 주정차중,안전거리미확보,건조,맑음,단일로 - 터널,승용,남,48세,부상신고,승용,남,29세,상해없음
2013073100100245,2013년 7월 31일 12시,수요일,강원도 강릉시 사천면,중상사고,0,2,3,0,차대차 - 측면직각충돌,안전운전불이행,건조,맑음,교차로 - 교차로안,승용,남,27세,중상,승용,남,48세,경상
2013073100100285,2013년 7월 31일 13시,수요일,강원도 속초시 조양동,중상사고,0,1,0,0,차대사람 - 횡단중,안전운전불이행,건조,맑음,단일로 - 기타,화물,남,40세,상해없음,보행자,남,74세,중상
2013073100100286,2013년 7월 31일 13시,수요일,강원도 횡성군 둔내면,경상사고,0,0,2,0,차대차 - 추돌 - 주정차중,안전거리미확보,건조,맑음,단일로 - 터널,승용,남,55세,경상,승용,여,45세,경상
2013073100100352,2013년 7월 31일 15시,수요일,강원도 원주시 행구동,경상사고,0,0,1,0,차대차 - 기타,안전운전불이행,건조,맑음,단일로 - 기타,승용,여,45세,상해없음,승용,여,33세,경상
2013073100100386,2013년 7월 31일 16시,수요일,강원도 고성군 거진읍,경상사고,0,0,3,0,차대차 - 정면충돌,중앙선침범,건조,맑음,단일로 - 기타,승용,여,51세,상해없음,승용,여,66세,경상
2013073100100418,2013년 7월 31일 17시,수요일,강원도 춘천시 서면,경상사고,0,0,4,0,차대차 - 측면직각충돌,중앙선침범,건조,맑음,단일로 - 기타,승용,여,37세,경상,승용,남,63세,경상
2013073100100419,2013년 7월 31일 17시,수요일,강원도 춘천시 남산면,중상사고,0,1,0,0,차량단독 - 전도전복,안전운전불이행,건조,맑음,단일로 - 기타,이륜,남,21세,상해없음,,,,
2013073100100456,2013년 7월 31일 18시,수요일,강원도 강릉시 교동,부상신고사고,0,0,0,1,차대차 - 측면직각충돌,안전운전불이행,건조,맑음,단일로 - 기타,원동기,남,59세,상해없음,승용,남,65세,상해없음
2013073100100457,2013년 7월 31일 18시,수요일,강원도 원주시 태장동,경상사고,0,0,1,0,차대차 - 기타,안전운전불이행,건조,맑음,교차로 - 교차로부근,승용,남,53세,상해없음,자전거,남,48세,경상
2013073100100458,2013년 7월 31일 18시,수요일,강원도 원주시 개운동,경상사고,0,0,4,0,차대차 - 추돌 - 주정차중,안전운전불이행,건조,맑음,단일로 - 기타,화물,남,35세,상해없음,승용,여,55세,경상
2013073100100488,2013년 7월 31일 19시,수요일,강원도 강릉시 유천동,중상사고,0,1,2,0,차대차 - 측면직각충돌,안전운전불이행,건조,맑음,교차로 - 교차로안,승용,여,37세,상해없음,승용,남,54세,경상
2013073100100512,2013년 7월 31일 20시,수요일,강원도 춘천시 퇴계동,중상사고,0,2,0,0,차대차 - 측면직각충돌,교차로운행방법위반,건조,맑음,교차로 - 교차로안,승용,남,35세,상해없음,승용,여,26세,중상
2013073100100513,2013년 7월 31일 20시,수요일,강원도 강릉시 입암동,중상사고,0,1,0,0,차대사람 - 기타,안전운전불이행,건조,맑음,단일로 - 기타,승용,남,56세,상해없음,보행자,남,52세,중상
2013073100100537,2013년 7월 31일 21시,수요일,강원도 원주시 봉산동,중상사고,0,1,0,0,차대차 - 측면직각충돌,신호위반,건조,맑음,교차로 - 교차로안,승용,남,43세,상해없음,원동기,남,49세,중상
2013073100100538,2013년 7월 31일 21시,수요일,강원도 속초시 노학동,경상사고,0,0,1,0,차대차 - 측면직각충돌,신호위반,건조,맑음,교차로 - 교차로안,화물,남,28세,상해없음,승용,남,55세,경상
2013073100100539,2013년 7월 31일 21시,수요일,강원도 홍천군 홍천읍,경상사고,0,0,2,0,차대차 - 기타,안전거리미확보,건조,맑음,단일로 - 기타,승용,남,61세,상해없음,승용,남,24세,경상
2013073100100571,2013년 7월 31일 22시,수요일,강원도 삼척시 교동,경상사고,0,0,1,0,차대차 - 기타,안전운전불이행,건조,맑음,단일로 - 기타,승용,남,19세,상해없음,승용,남,33세,상해없음
2013073100100614,2013년 7월 31일 23시,수요일,강원도 삼척시 원덕읍,중상사고,0,1,1,0,차량단독 - 공작물충돌,안전운전불이행,건조,맑음,교차로 - 교차로부근,승용,남,29세,경상,,,,
2013080100100009,2013년 8월 1일 00시,목요일,강원도 속초시 교동,중상사고,0,1,1,0,차대차 - 측면직각충돌,신호위반,건조,맑음,교차로 - 교차로안,승용,남,39세,상해없음,승용,남,61세,중상
2013080100100053,2013년 8월 1일 03시,목요일,강원도 횡성군 우천면,경상사고,0,0,3,0,차대차 - 측면직각충돌,신호위반,건조,맑음,교차로 - 교차로안,승용,남,24세,상해없음,화물,남,59세,경상
2013080100100074,2013년 8월 1일 05시,목요일,강원도 원주시 중앙동,중상사고,0,1,0,0,차대차 - 추돌 - 진행중,직진우회전진행방해,건조,맑음,교차로 - 교차로안,승용,남,54세,상해없음,이륜,남,66세,중상
2013080100100075,2013년 8월 1일 05시,목요일,강원도 홍천군 홍천읍,경상사고,0,0,5,0,차대차 - 측면직각충돌,신호위반,건조,맑음,교차로 - 교차로안,승용,남,58세,경상,승용,남,49세,경상
2013080100100102,2013년 8월 1일 07시,목요일,강원도 홍천군 두촌면,중상사고,0,2,1,0,차대차 - 기타,안전운전불이행,건조,맑음,기타 - 기타,화물,남,39세,상해없음,승용,여,53세,상해없음
2013080100100124,2013년 8월 1일 08시,목요일,강원도 고성군 거진읍,경상사고,0,0,4,0,차대차 - 측면직각충돌,교차로운행방법위반,습기,비,교차로 - 교차로안,승용,여,46세,상해없음,승용,남,44세,경상
2013080100100149,2013년 8월 1일 09시,목요일,강원도 강릉시 교동,경상사고,0,0,1,0,차대차 - 정면충돌,중앙선침범,건조,맑음,단일로 - 기타,승용,남,63세,상해없음,자전거,남,16세,경상
2013080100100150,2013년 8월 1일 09시,목요일,강원도 원주시 단계동,부상신고사고,0,0,0,1,차대차 - 측면직각충돌,불법유턴,건조,맑음,교차로 - 교차로부근,기타불명,기타불명,기타불명,기타불명,승용,기타불명,기타불명,기타불명
2013080100100151,2013년 8월 1일 09시,목요일,강원도 인제군 북면,중상사고,0,1,0,0,차대차 - 측면직각충돌,신호위반,건조,맑음,교차로 - 교차로안,승용,남,30세,상해없음,승용,여,38세,중상
2013080100100182,2013년 8월 1일 10시,목요일,강원도 원주시 단구동,중상사고,0,1,0,0,차대사람 - 횡단중,보행자보호의무위반,건조,맑음,교차로 - 교차로안,승용,남,51세,상해없음,보행자,여,59세,중상
2013080100100221,2013년 8월 1일 11시,목요일,강원도 원주시 단계동,경상사고,0,0,2,0,차대차 - 측면직각충돌,교차로운행방법위반,건조,맑음,교차로 - 교차로안,승용,남,69세,경상,승합,남,44세,경상
2013080100100222,2013년 8월 1일 11시,목요일,강원도 화천군 사내면,경상사고,0,0,1,0,차대사람 - 기타,안전운전불이행,건조,맑음,교차로 - 교차로안,승용,남,57세,상해없음,보행자,남,20세,경상
2013080100100249,2013년 8월 1일 12시,목요일,강원도 원주시 문막읍,경상사고,0,0,1,0,차대차 - 측면직각충돌,교차로운행방법위반,건조,맑음,교차로 - 교차로안,건설기계,남,60세,상해없음,승용,남,51세,경상
2013080100100250,2013년 8월 1일 12시,목요일,강원도 횡성군 강림면,경상사고,0,0,2,0,차대차 - 측면직각충돌,중앙선침범,건조,맑음,단일로 - 기타,화물,남,66세,상해없음,승용,남,26세,상해없음
2013080100100281,2013년 8월 1일 13시,목요일,강원도 동해시 효가동,경상사고,0,0,1,0,차대차 - 기타,안전운전불이행,건조,맑음,단일로 - 기타,승용,여,50세,상해없음,승용,여,40세,경상
2013080100100332,2013년 8월 1일 15시,목요일,강원도 원주시 태장동,경상사고,0,0,2,0,차대차 - 추돌 - 주정차중,안전거리미확보,건조,맑음,교차로 - 교차로부근,화물,남,71세,상해없음,승용,여,26세,경상
2013080100100333,2013년 8월 1일 15시,목요일,강원도 원주시 명륜동,중상사고,0,1,2,0,차대차 - 측면직각충돌,교차로운행방법위반,건조,맑음,교차로 - 교차로안,자전거,남,17세,중상,이륜,남,17세,경상
2013080100100334,2013년 8월 1일 15시,목요일,강원도 원주시 신림면,중상사고,0,1,1,0,차대차 - 측면직각충돌,교차로운행방법위반,건조,맑음,교차로 - 교차로안,승용,여,46세,상해없음,승용,남,72세,경상
2013080100100335,2013년 8월 1일 15시,목요일,강원도 고성군 토성면,중상사고,0,1,0,0,차대차 - 정면충돌,중앙선침범,건조,맑음,단일로 - 기타,승합,남,52세,상해없음,원동기,남,37세,중상
2013080100100410,2013년 8월 1일 17시,목요일,강원도 강릉시 성산면,경상사고,0,0,1,0,차대차 - 측면직각충돌,안전운전불이행,건조,맑음,단일로 - 기타,농기계,남,69세,상해없음,화물,남,51세,경상
2013080100100442,2013년 8월 1일 18시,목요일,강원도 강릉시 죽헌동,중상사고,0,1,0,0,차대차 - 측면직각충돌,안전운전불이행,건조,맑음,교차로 - 교차로안,승용,여,57세,상해없음,자전거,남,47세,중상
2013080100100443,2013년 8월 1일 18시,목요일,강원도 원주시 단계동,경상사고,0,0,4,0,차대차 - 추돌 - 진행중,안전거리미확보,건조,맑음,단일로 - 기타,승용,남,61세,상해없음,승용,남,44세,경상
2013080100100444,2013년 8월 1일 18시,목요일,강원도 원주시 단구동,부상신고사고,0,0,0,1,차대차 - 측면직각충돌,안전운전불이행,건조,맑음,교차로 - 교차로안,기타불명,기타불명,기타불명,기타불명,자전거,남,10세,부상신고
2013080100100482,2013년 8월 1일 19시,목요일,강원도 춘천시 퇴계동,경상사고,0,0,3,0,차대차 - 측면직각충돌,안전거리미확보,건조,맑음,단일로 - 기타,승용,남,50세,상해없음,승용,남,52세,경상
2013080100100511,2013년 8월 1일 20시,목요일,강원도 강릉시 포남동,경상사고,0,0,1,0,차대차 - 측면직각충돌,안전운전불이행,건조,맑음,단일로 - 기타,승용,남,55세,상해없음,이륜,남,19세,경상
2013080100100512,2013년 8월 1일 20시,목요일,강원도 정선군 남면,경상사고,0,0,2,0,차대차 - 추돌 - 진행중,안전거리미확보,건조,맑음,단일로 - 기타,화물,남,52세,상해없음,승용,남,38세,경상
2013080100100542,2013년 8월 1일 21시,목요일,강원도 원주시 단계동,경상사고,0,0,1,0,차대차 - 추돌 - 주정차중,안전운전불이행,건조,맑음,교차로 - 교차로부근,승용,남,55세,상해없음,승용,여,29세,경상
2013080100100543,2013년 8월 1일 21시,목요일,강원도 고성군 토성면,경상사고,0,0,1,0,차대차 - 기타,중앙선침범,건조,맑음,단일로 - 기타,승용,남,36세,상해없음,원동기,남,22세,경상
2013080200100013,2013년 8월 2일 00시,금요일,강원도 춘천시 근화동,경상사고,0,0,1,0,차대차 - 측면직각충돌,안전운전불이행,건조,맑음,단일로 - 기타,승용,남,67세,상해없음,자전거,남,30세,경상
2013080200100014,2013년 8월 2일 00시,금요일,강원도 춘천시 사북면,경상사고,0,0,1,0,차대사람 - 횡단중,안전운전불이행,건조,맑음,단일로 - 기타,승용,남,31세,상해없음,보행자,남,22세,경상
2013080200100028,2013년 8월 2일 01시,금요일,강원도 강릉시 옥천동,경상사고,0,0,2,0,차대차 - 측면직각충돌,안전운전불이행,습기,비,단일로 - 기타,승용,남,37세,상해없음,승합,남,36세,상해없음
2013080200100040,2013년 8월 2일 02시,금요일,강원도 원주시 단구동,경상사고,0,0,1,0,차대차 - 추돌 - 진행중,안전운전불이행,건조,맑음,교차로 - 교차로안,승용,남,40세,상해없음,이륜,남,16세,경상
2013080200100041,2013년 8월 2일 02시,금요일,강원도 양양군 강현면,경상사고,0,0,2,0,차대사람 - 횡단중,안전운전불이행,건조,맑음,단일로 - 기타,승합,남,43세,상해없음,보행자,남,30세,경상
2013080200100042,2013년 8월 2일 02시,금요일,강원도 고성군 간성읍,중상사고,0,1,1,0,차대차 - 추돌 - 주정차중,안전운전불이행,습기,비,단일로 - 기타,승용,남,28세,상해없음,승합,남,55세,경상
2013080200100074,2013년 8월 2일 06시,금요일,강원도 강릉시 대전동,경상사고,0,0,1,0,차대차 - 측면직각충돌,안전운전불이행,습기,비,단일로 - 기타,승용,남,30세,상해없음,승용,남,41세,경상
2013080200100082,2013년 8월 2일 07시,금요일,강원도 강릉시 포남동,경상사고,0,0,1,0,차대차 - 측면직각충돌,안전운전불이행,습기,흐림,교차로 - 교차로부근,승용,남,26세,기타불명,자전거,남,9세,경상
2013080200100109,2013년 8월 2일 09시,금요일,강원도 춘천시 서면,중상사고,0,1,0,0,차대차 - 측면직각충돌,안전운전불이행,건조,맑음,교차로 - 교차로부근,승용,남,18세,상해없음,이륜,남,78세,중상
2013080200100110,2013년 8월 2일 09시,금요일,강원도 정선군 화암면,중상사고,0,5,1,0,차대차 - 추돌 - 진행중,교차로운행방법위반,기타,비,교차로 - 교차로안,승용,남,36세,상해없음,화물,남,46세,중상
2013080200100111,2013년 8월 2일 09시,금요일,강원도 동해시 망상동,경상사고,0,0,10,0,차대차 - 기타,중앙선침범,습기,비,단일로 - 기타,승용,남,54세,상해없음,승합,남,23세,경상
2013080200100134,2013년 8월 2일 10시,금요일,강원도 춘천시 동산면,중상사고,0,1,1,0,차량단독 - 공작물충돌,안전운전불이행,건조,맑음,교차로 - 교차로부근,승용,여,46세,상해없음,,,,
2013080200100135,2013년 8월 2일 10시,금요일,강원도 강릉시 옥천동,경상사고,0,0,2,0,차대사람 - 기타,불법유턴,건조,맑음,단일로 - 기타,화물,여,57세,상해없음,보행자,남,50세,경상
2013080200100136,2013년 8월 2일 10시,금요일,강원도 영월군 김삿갓면,중상사고,0,1,0,0,차대차 - 추돌 - 주정차중,안전운전불이행,습기,비,단일로 - 교량,승용,남,27세,상해없음,화물,남,58세,중상
2013080200100196,2013년 8월 2일 12시,금요일,강원도 원주시 명륜동,중상사고,0,2,0,0,차대사람 - 기타,보행자보호의무위반,건조,맑음,교차로 - 교차로부근,승용,여,36세,상해없음,보행자,남,72세,중상
2013080200100197,2013년 8월 2일 12시,금요일,강원도 삼척시 교동,중상사고,0,1,2,0,차대차 - 추돌 - 진행중,안전운전불이행,건조,흐림,단일로 - 기타,화물,남,43세,상해없음,승용,여,45세,중상
2013080200100198,2013년 8월 2일 12시,금요일,강원도 양구군 양구읍,중상사고,0,1,2,0,차대차 - 측면직각충돌,중앙선침범,건조,흐림,단일로 - 횡단보도부근,승용,남,30세,상해없음,승합,남,59세,중상
2013080200100199,2013년 8월 2일 12시,금요일,강원도 동해시 발한동,경상사고,0,0,5,0,차대차 - 기타,안전거리미확보,건조,맑음,교차로 - 교차로부근,승합,남,21세,상해없음,화물,남,75세,경상
2013080200100235,2013년 8월 2일 13시,금요일,강원도 강릉시 포남동,경상사고,0,0,2,0,차대차 - 측면직각충돌,안전운전불이행,건조,맑음,교차로 - 교차로안,승용,남,34세,상해없음,승용,남,44세,경상
2013080200100236,2013년 8월 2일 13시,금요일,강원도 양양군 서면,경상사고,0,0,4,0,차대차 - 추돌 - 진행중,안전운전불이행,건조,흐림,단일로 - 기타,승용,남,66세,상해없음,승용,남,35세,경상
2013080200100237,2013년 8월 2일 13시,금요일,강원도 화천군 하남면,경상사고,0,0,3,0,차대차 - 추돌 - 진행중,차로위반,습기,비,단일로 - 기타,승용,여,50세,경상,승용,남,67세,경상
2013080200100263,2013년 8월 2일 14시,금요일,강원도 춘천시 후평동,중상사고,0,1,0,0,차대사람 - 기타,기타,건조,맑음,단일로 - 기타,승용,남,42세,상해없음,보행자,여,41세,중상
2013080200100264,2013년 8월 2일 14시,금요일,강원도 강릉시 난곡동,중상사고,0,1,1,0,차대차 - 추돌 - 주정차중,안전거리미확보,건조,맑음,단일로 - 기타,승용,남,49세,상해없음,승용,여,40세,경상
2013080200100265,2013년 8월 2일 14시,금요일,강원도 원주시 판부면,경상사고,0,0,1,0,차대차 - 추돌 - 진행중,중앙선침범,건조,맑음,단일로 - 기타,승용,여,60세,상해없음,승용,남,29세,경상
2013080200100266,2013년 8월 2일 14시,금요일,강원도 속초시 조양동,경상사고,0,0,2,0,차대차 - 추돌 - 주정차중,안전운전불이행,습기,비,교차로 - 교차로안,승합,남,39세,상해없음,승용,남,51세,경상
2013080200100297,2013년 8월 2일 15시,금요일,강원도 춘천시 후평동,부상신고사고,0,0,0,1,차대사람 - 기타,안전운전불이행,건조,맑음,단일로 - 기타,승용,여,62세,상해없음,보행자,남,67세,부상신고
2013080200100298,2013년 8월 2일 15시,금요일,강원도 강릉시 포남동,경상사고,0,0,2,0,차대차 - 측면직각충돌,안전운전불이행,건조,맑음,교차로 - 교차로안,승용,남,32세,상해없음,승용,여,44세,경상
2013080200100299,2013년 8월 2일 15시,금요일,강원도 원주시 태장동,경상사고,0,0,1,0,차량단독 - 공작물충돌,안전운전불이행,건조,맑음,교차로 - 교차로부근,승용,남,18세,상해없음,,,,
2013080200100329,2013년 8월 2일 16시,금요일,강원도 고성군 거진읍,중상사고,0,2,3,0,차대차 - 추돌 - 주정차중,안전운전불이행,건조,맑음,단일로 - 기타,승합,남,50세,상해없음,승용,여,57세,경상
2013080200100399,2013년 8월 2일 18시,금요일,강원도 원주시 단구동,중상사고,0,1,0,0,차대사람 - 기타,안전운전불이행,건조,맑음,교차로 - 교차로안,승용,여,52세,상해없음,보행자,여,50세,중상
2013080200100400,2013년 8월 2일 18시,금요일,강원도 양양군 서면,경상사고,0,0,3,0,차대차 - 정면충돌,안전운전불이행,습기,흐림,교차로 - 교차로부근,승용,남,47세,상해없음,승용,여,46세,경상
2013080200100458,2013년 8월 2일 20시,금요일,강원도 원주시 단구동,중상사고,0,1,2,0,차대차 - 측면직각충돌,신호위반,건조,맑음,교차로 - 교차로안,승용,남,63세,상해없음,승용,남,28세,경상
2013080200100459,2013년 8월 2일 20시,금요일,강원도 양양군 강현면,경상사고,0,0,1,0,차대사람 - 길가장자리구역통행중,안전운전불이행,건조,맑음,단일로 - 기타,승용,남,52세,상해없음,보행자,남,43세,경상
2013080200100460,2013년 8월 2일 20시,금요일,강원도 동해시 평릉동,중상사고,0,2,0,0,차대차 - 측면직각충돌,신호위반,건조,맑음,교차로 - 교차로안,승용,남,32세,상해없음,승용,남,39세,중상
2013080200100557,2013년 8월 2일 23시,금요일,강원도 강릉시 교동,중상사고,0,1,0,0,차대사람 - 횡단중,안전운전불이행,건조,맑음,단일로 - 횡단보도부근,승용,남,42세,상해없음,보행자,남,58세,중상
2013080200100558,2013년 8월 2일 23시,금요일,강원도 원주시 우산동,부상신고사고,0,0,0,1,차대사람 - 기타,안전운전불이행,건조,맑음,단일로 - 기타,기타불명,기타불명,기타불명,기타불명,보행자,여,52세,부상신고
2013080200100559,2013년 8월 2일 23시,금요일,강원도 고성군 죽왕면,경상사고,0,0,1,0,차대차 - 추돌 - 진행중,안전운전불이행,습기,비,단일로 - 기타,승용,남,27세,상해없음,승용,남,68세,경상
2013080300100010,2013년 8월 3일 00시,토요일,강원도 강릉시 안현동,중상사고,0,1,5,0,차대차 - 측면직각충돌,안전운전불이행,건조,맑음,단일로 - 기타,승용,남,19세,상해없음,승용,남,23세,기타불명
2013080300100011,2013년 8월 3일 00시,토요일,강원도 홍천군 내면,사망사고,1,0,0,0,차량단독 - 공작물충돌,교차로운행방법위반,건조,맑음,교차로 - 교차로부근,화물,남,41세,사망,,,,
2013080300100012,2013년 8월 3일 00시,토요일,강원도 정선군 남면,경상사고,0,0,3,0,차대차 - 추돌 - 진행중,안전운전불이행,건조,맑음,교차로 - 교차로안,승용,남,61세,상해없음,승용,남,50세,경상