사고번호,사고일시,요일,시군구,사고내용,사망자수,중상자수,경상자수,부상신고자수,사고유형,법규위반,노면상태,기상상태,도로형태,가해운전자 차종,가해운전자 성별,가해운전자 연령,가해운전자 상해정도,피해운전자 차종,피해운전자 성별,피해운전자 연령,피해운전자 상해정도
2013080300100033,2013년 8월 3일 01시,토요일,강원도 동해시 부곡동,경상사고,0,0,2,0,차대차 - 기타,안전운전불이행,건조,맑음,단일로 - 기타,승용,남,22세,상해없음,승용,남,45세,상해없음
2013080300100046,2013년 8월 3일 02시,토요일,강원도 정선군 사북읍,경상사고,0,0,1,0,차대사람 - 차도통행중,안전운전불이행,건조,맑음,기타 - 기타,승용,남,37세,상해없음,보행자,남,42세,경상
2013080300100084,2013년 8월 3일 05시,토요일,강원도 평창군 대관령면,중상사고,0,1,5,0,차대차 - 측면직각충돌,안전운전불이행,건조,맑음,교차로 - 교차로안,승용,여,48세,상해없음,승용,남,30세,경상
2013080300100100,2013년 8월 3일 06시,토요일,강원도 양양군 현북면,경상사고,0,0,1,0,차대사람 - 횡단중,안전운전불이행,건조,맑음,단일로 - 기타,승용,여,65세,상해없음,보행자,남,1세,경상
2013080300100101,2013년 8월 3일 06시,토요일,강원도 횡성군 안흥면,경상사고,0,0,2,0,차대차 - 기타,안전운전불이행,건조,맑음,교차로 - 교차로안,승용,여,44세,상해없음,승용,남,20세,경상
2013080300100128,2013년 8월 3일 08시,토요일,강원도 강릉시 노암동,경상사고,0,0,1,0,차대차 - 측면직각충돌,안전운전불이행,건조,맑음,교차로 - 교차로부근,승용,여,45세,상해없음,승용,여,31세,경상
2013080300100152,2013년 8월 3일 09시,토요일,강원도 강릉시 연곡면,중상사고,0,5,0,0,차대차 - 추돌 - 진행중,안전운전불이행,건조,맑음,단일로 - 기타,승용,남,50세,중상,승용,남,69세,중상
2013080300100153,2013년 8월 3일 09시,토요일,강원도 홍천군 홍천읍,부상신고사고,0,0,0,1,차대사람 - 기타,보행자보호의무위반,건조,맑음,단일로 - 횡단보도상,승용,남,38세,상해없음,보행자,여,48세,부상신고
2013080300100154,2013년 8월 3일 09시,토요일,강원도 인제군 기린면,부상신고사고,0,0,0,1,차대사람 - 기타,안전운전불이행,건조,맑음,단일로 - 기타,승용,남,53세,상해없음,보행자,남,22세,부상신고
2013080300100186,2013년 8월 3일 10시,토요일,강원도 평창군 용평면,중상사고,0,1,0,0,차대사람 - 기타,안전운전불이행,건조,맑음,단일로 - 기타,승용,남,55세,상해없음,보행자,남,4세,중상
2013080300100205,2013년 8월 3일 11시,토요일,강원도 양양군 강현면,중상사고,0,1,0,0,차대차 - 측면직각충돌,안전운전불이행,건조,맑음,교차로 - 교차로안,승용,여,39세,상해없음,자전거,남,32세,중상
2013080300100206,2013년 8월 3일 11시,토요일,강원도 삼척시 사직동,중상사고,0,1,2,0,차대차 - 측면직각충돌,안전거리미확보,건조,맑음,단일로 - 기타,건설기계,남,52세,상해없음,승용,남,25세,상해없음
2013080300100234,2013년 8월 3일 12시,토요일,강원도 원주시 관설동,경상사고,0,0,7,0,차대차 - 측면직각충돌,교차로운행방법위반,건조,맑음,교차로 - 교차로안,승용,여,42세,경상,승용,남,53세,경상
2013080300100235,2013년 8월 3일 12시,토요일,강원도 고성군 토성면,경상사고,0,0,3,0,차대차 - 추돌 - 주정차중,안전운전불이행,건조,맑음,단일로 - 기타,승용,여,42세,상해없음,승용,남,39세,경상
2013080300100277,2013년 8월 3일 13시,토요일,강원도 강릉시 옥천동,경상사고,0,0,2,0,차대차 - 측면직각충돌,안전운전불이행,건조,맑음,교차로 - 교차로부근,승용,여,35세,상해없음,승용,남,50세,경상
2013080300100278,2013년 8월 3일 13시,토요일,강원도 강릉시 저동,경상사고,0,0,2,0,차대차 - 추돌 - 진행중,안전운전불이행,건조,맑음,단일로 - 기타,승용,남,56세,상해없음,승용,남,60세,상해없음
2013080300100279,2013년 8월 3일 13시,토요일,강원도 원주시 흥업면,경상사고,0,0,4,0,차대차 - 측면직각충돌,안전운전불이행,건조,맑음,단일로 - 기타,승용,남,34세,상해없음,승용,남,52세,경상
2013080300100315,2013년 8월 3일 14시,토요일,강원도 원주시 단계동,경상사고,0,0,3,0,차대차 - 측면직각충돌,안전거리미확보,건조,맑음,단일로 - 기타,승용,여,24세,경상,승용,남,30세,경상
2013080300100345,2013년 8월 3일 15시,토요일,강원도 춘천시 온의동,경상사고,0,0,3,0,차대차 - 측면직각충돌,교차로운행방법위반,건조,맑음,교차로 - 교차로부근,승용,남,45세,상해없음,승용,여,36세,상해없음
2013080300100375,2013년 8월 3일 16시,토요일,강원도 강릉시 유산동,경상사고,0,0,2,0,차대차 - 기타,안전운전불이행,건조,맑음,교차로 - 교차로부근,화물,남,46세,상해없음,승용,남,51세,경상
2013080300100376,2013년 8월 3일 16시,토요일,강원도 원주시 관설동,중상사고,0,1,2,0,차대차 - 정면충돌,중앙선침범,습기,맑음,단일로 - 기타,승용,남,66세,상해없음,승합,남,54세,중상
2013080300100377,2013년 8월 3일 16시,토요일,강원도 영월군 한반도면,중상사고,0,1,1,0,차대사람 - 길가장자리구역통행중,안전운전불이행,건조,맑음,단일로 - 기타,승용,남,27세,상해없음,보행자,여,52세,중상
2013080300100378,2013년 8월 3일 16시,토요일,강원도 영월군 주천면,경상사고,0,0,3,1,차대차 - 측면직각충돌,중앙선침범,건조,맑음,단일로 - 기타,승용,남,29세,상해없음,승용,남,45세,부상신고
2013080300100379,2013년 8월 3일 16시,토요일,강원도 정선군 여량면,중상사고,0,1,0,0,차대사람 - 길가장자리구역통행중,안전운전불이행,습기,맑음,단일로 - 기타,승용,여,25세,상해없음,보행자,남,6세,중상
2013080300100380,2013년 8월 3일 16시,토요일,강원도 횡성군 둔내면,경상사고,0,0,4,4,차대차 - 추돌 - 주정차중,안전거리미확보,건조,맑음,단일로 - 터널,승용,남,23세,상해없음,승용,남,29세,부상신고
2013080300100419,2013년 8월 3일 17시,토요일,강원도 양양군 강현면,경상사고,0,0,2,0,차대차 - 추돌 - 주정차중,안전운전불이행,건조,맑음,단일로 - 기타,승용,여,29세,상해없음,승용,남,48세,경상
2013080300100420,2013년 8월 3일 17시,토요일,강원도 철원군 갈말읍,중상사고,0,1,0,0,차대사람 - 횡단중,안전운전불이행,건조,맑음,교차로 - 교차로안,승용,여,37세,상해없음,보행자,남,57세,중상
2013080300100469,2013년 8월 3일 18시,토요일,강원도 원주시 단계동,경상사고,0,0,1,0,차대차 - 기타,신호위반,건조,맑음,교차로 - 교차로안,승용,남,52세,상해없음,원동기,남,22세,경상
2013080300100470,2013년 8월 3일 18시,토요일,강원도 홍천군 화촌면,중상사고,0,2,1,0,차대차 - 정면충돌,중앙선침범,건조,맑음,단일로 - 기타,승용,남,56세,상해없음,승합,남,46세,상해없음
2013080300100471,2013년 8월 3일 18시,토요일,강원도 정선군 고한읍,경상사고,0,0,1,0,차대차 - 기타,중앙선침범,습기,흐림,기타 - 기타,승용,남,44세,상해없음,승합,남,42세,상해없음
2013080300100500,2013년 8월 3일 19시,토요일,강원도 춘천시 퇴계동,경상사고,0,0,1,0,차대사람 - 기타,안전운전불이행,건조,맑음,단일로 - 기타,승용,여,55세,상해없음,보행자,남,8세,경상
2013080300100501,2013년 8월 3일 19시,토요일,강원도 강릉시 내곡동,중상사고,0,1,0,0,차대차 - 기타,안전운전불이행,건조,맑음,단일로 - 기타,승용,남,70세,상해없음,승용,남,52세,중상
2013080300100502,2013년 8월 3일 19시,토요일,강원도 강릉시 병산동,경상사고,0,0,1,0,차대차 - 기타,안전운전불이행,건조,맑음,교차로 - 교차로안,승용,여,47세,상해없음,승용,남,24세,경상
2013080300100503,2013년 8월 3일 19시,토요일,강원도 강릉시 안현동,중상사고,0,1,0,0,차대사람 - 기타,안전운전불이행,건조,맑음,단일로 - 기타,원동기,남,17세,상해없음,보행자,여,83세,중상
2013080300100504,2013년 8월 3일 19시,토요일,강원도 홍천군 두촌면,경상사고,0,0,1,0,차대차 - 추돌 - 주정차중,안전거리미확보,건조,맑음,단일로 - 기타,승용,남,46세,상해없음,화물,남,37세,경상
2013080300100505,2013년 8월 3일 19시,토요일,강원도 평창군 진부면,경상사고,0,0,1,0,차대사람 - 차도통행중,안전운전불이행,건조,맑음,단일로 - 기타,화물,남,55세,상해없음,보행자,남,68세,경상
2013080300100536,2013년 8월 3일 20시,토요일,강원도 원주시 문막읍,경상사고,0,0,1,0,차대차 - 추돌 - 주정차중,안전운전불이행,건조,맑음,교차로 - 교차로부근,승용,여,31세,상해없음,승용,남,55세,경상
2013080300100537,2013년 8월 3일 20시,토요일,강원도 정선군 정선읍,경상사고,0,0,2,0,차대차 - 추돌 - 진행중,안전운전불이행,건조,맑음,단일로 - 기타,화물,남,67세,상해없음,승용,남,38세,경상
2013080300100571,2013년 8월 3일 21시,토요일,강원도 춘천시 퇴계동,중상사고,0,1,0,0,차대차 - 측면직각충돌,신호위반,건조,맑음,교차로 - 교차로안,승용,남,62세,상해없음,원동기,남,65세,중상
2013080300100572,2013년 8월 3일 21시,토요일,강원도 원주시 명륜동,경상사고,0,0,2,0,차대차 - 추돌 - 주정차중,교차로운행방법위반,건조,맑음,교차로 - 교차로안,승용,남,22세,상해없음,승용,남,48세,경상
2013080300100573,2013년 8월 3일 21시,토요일,강원도 원주시 호저면,경상사고,0,0,2,0,차대차 - 측면직각충돌,안전운전불이행,건조,맑음,교차로 - 교차로안,승용,여,51세,상해없음,승용,남,33세,경상
2013080300100601,2013년 8월 3일 22시,토요일,강원도 평창군 진부면,중상사고,0,2,1,1,차대차 - 측면직각충돌,안전운전불이행,건조,맑음,교차로 - 교차로안,화물,남,39세,상해없음,승용,남,30세,중상
2013080400100016,2013년 8월 4일 01시,일요일,강원도 춘천시 남산면,중상사고,0,1,3,0,차대차 - 측면직각충돌,중앙선침범,건조,맑음,단일로 - 기타,승용,남,31세,기타불명,승합,남,42세,경상
2013080400100032,2013년 8월 4일 03시,일요일,강원도 강릉시 강문동,경상사고,0,0,2,0,차대차 - 측면직각충돌,신호위반,건조,맑음,교차로 - 교차로안,승용,남,54세,상해없음,승용,남,51세,경상
2013080400100033,2013년 8월 4일 03시,일요일,강원도 동해시 망상동,중상사고,0,1,0,0,차대사람 - 기타,안전운전불이행,건조,맑음,교차로 - 교차로안,승용,남,28세,상해없음,보행자,남,61세,중상
2013080400100046,2013년 8월 4일 04시,일요일,강원도 동해시 망상동,중상사고,0,1,3,0,차대차 - 기타,교차로운행방법위반,건조,맑음,교차로 - 교차로안,승용,남,54세,상해없음,승용,남,49세,경상
2013080400100067,2013년 8월 4일 06시,일요일,강원도 평창군 대관령면,경상사고,0,0,5,0,차대차 - 추돌 - 진행중,안전운전불이행,건조,흐림,단일로 - 기타,승용,남,26세,상해없음,승용,남,42세,경상
2013080400100103,2013년 8월 4일 09시,일요일,강원도 춘천시 후평동,경상사고,0,0,3,0,차대차 - 추돌 - 진행중,안전운전불이행,건조,맑음,교차로 - 교차로부근,승용,여,64세,상해없음,승용,여,24세,경상
2013080400100104,2013년 8월 4일 09시,일요일,강원도 횡성군 둔내면,중상사고,0,1,0,0,차대차 - 측면직각충돌,기타,건조,맑음,교차로 - 교차로안,승용,남,51세,상해없음,승용,여,52세,중상
2013080400100127,2013년 8월 4일 10시,일요일,강원도 강릉시 지변동,경상사고,0,0,1,0,차대차 - 측면직각충돌,안전운전불이행,건조,맑음,교차로 - 교차로안,승용,여,53세,상해없음,승용,여,50세,경상
2013080400100128,2013년 8월 4일 10시,일요일,강원도 원주시 우산동,경상사고,0,0,1,0,차량단독 - 기타,안전운전불이행,건조,맑음,단일로 - 기타,승합,남,61세,상해없음,,,,
2013080400100129,2013년 8월 4일 10시,일요일,강원도 양양군 강현면,중상사고,0,2,0,0,차대차 - 측면직각충돌,안전거리미확보,건조,맑음,단일로 - 기타,승용,남,33세,상해없음,승용,여,49세,중상
2013080400100155,2013년 8월 4일 11시,일요일,강원도 삼척시 가곡면,중상사고,0,1,1,0,차대차 - 정면충돌,중앙선침범,건조,맑음,단일로 - 기타,승용,남,46세,상해없음,승용,남,66세,경상
2013080400100174,2013년 8월 4일 12시,일요일,강원도 춘천시 사북면,경상사고,0,0,4,0,차대차 - 정면충돌,중앙선침범,건조,맑음,단일로 - 기타,화물,남,46세,상해없음,승용,남,41세,경상
2013080400100175,2013년 8월 4일 12시,일요일,강원도 속초시 노학동,경상사고,0,0,2,0,차대차 - 측면직각충돌,안전운전불이행,건조,맑음,교차로 - 교차로안,승용,남,79세,상해없음,승용,남,45세,경상
2013080400100199,2013년 8월 4일 13시,일요일,강원도 평창군 진부면,경상사고,0,0,2,0,차대차 - 측면직각충돌,안전운전불이행,건조,맑음,기타 - 기타,승용,남,18세,상해없음,승합,남,50세,상해없음
2013080400100225,2013년 8월 4일 14시,일요일,강원도 춘천시 서면,경상사고,0,0,1,0,차대차 - 추돌 - 주정차중,안전거리미확보,건조,맑음,단일로 - 기타,승용,남,46세,상해없음,화물,남,62세,상해없음
2013080400100226,2013년 8월 4일 14시,일요일,강원도 원주시 지정면,경상사고,0,0,1,0,차대차 - 추돌 - 주정차중,안전운전불이행,건조,맑음,단일로 - 기타,화물,남,51세,상해없음,화물,남,51세,경상
2013080400100259,2013년 8월 4일 15시,일요일,강원도 춘천시 신동면,중상사고,0,1,4,0,차대차 - 추돌 - 진행중,안전운전불이행,건조,맑음,교차로 - 교차로부근,승용,남,40세,상해없음,승용,남,31세,경상
2013080400100291,2013년 8월 4일 16시,일요일,강원도 춘천시 신북읍,사망사고,1,2,0,0,차량단독 - 공작물충돌,안전운전불이행,건조,맑음,단일로 - 기타,승용,여,34세,중상,,,,
2013080400100292,2013년 8월 4일 16시,일요일,강원도 춘천시 퇴계동,경상사고,0,0,2,0,차대차 - 측면직각충돌,안전운전불이행,건조,맑음,교차로 - 교차로부근,승용,여,44세,경상,승용,여,42세,경상
2013080400100293,2013년 8월 4일 16시,일요일,강원도 강릉시 포남동,경상사고,0,0,1,0,차대차 - 측면직각충돌,안전운전불이행,건조,맑음,교차로 - 교차로안,승용,남,51세,상해없음,승용,남,28세,경상
2013080400100294,2013년 8월 4일 16시,일요일,강원도 원주시 봉산동,중상사고,0,1,0,0,차대차 - 추돌 - 진행중,안전운전불이행,건조,맑음,단일로 - 기타,승용,여,36세,상해없음,기타불명,남,77세,중상
2013080400100295,2013년 8월 4일 16시,일요일,강원도 고성군 간성읍,중상사고,0,4,1,0,차대차 - 정면충돌,중앙선침범,건조,맑음,단일로 - 기타,승용,남,39세,상해없음,승용,남,44세,중상
2013080400100322,2013년 8월 4일 17시,일요일,강원도 양양군 손양면,경상사고,0,0,2,0,차대차 - 측면직각충돌,직진우회전진행방해,건조,맑음,교차로 - 교차로안,승용,여,57세,상해없음,승용,여,54세,경상
2013080400100351,2013년 8월 4일 18시,일요일,강원도 춘천시 동면,경상사고,0,0,2,0,차대차 - 정면충돌,중앙선침범,건조,맑음,단일로 - 기타,승용,남,24세,상해없음,승용,남,71세,경상
2013080400100352,2013년 8월 4일 18시,일요일,강원도 삼척시 도계읍,중상사고,0,2,3,0,차대차 - 추돌 - 진행중,안전운전불이행,건조,맑음,단일로 - 기타,승용,남,56세,상해없음,승용,남,33세,경상
2013080400100403,2013년 8월 4일 20시,일요일,강원도 원주시 단계동,경상사고,0,0,2,0,차대차 - 기타,교차로운행방법위반,건조,맑음,교차로 - 교차로부근,승용,남,25세,상해없음,승용,남,33세,경상
2013080400100404,2013년 8월 4일 20시,일요일,강원도 속초시 교동,중상사고,0,1,0,0,차대차 - 측면직각충돌,안전운전불이행,건조,맑음,단일로 - 기타,승용,남,60세,상해없음,이륜,남,36세,중상
2013080400100456,2013년 8월 4일 22시,일요일,강원도 원주시 중앙동,경상사고,0,0,1,0,차대차 - 추돌 - 주정차중,안전운전불이행,건조,맑음,기타 - 기타,승용,남,47세,상해없음,화물,여,51세,경상
2013080400100457,2013년 8월 4일 22시,일요일,강원도 횡성군 안흥면,경상사고,0,0,1,0,차대차 - 측면직각충돌,중앙선침범,건조,맑음,단일로 - 기타,승용,남,30세,상해없음,화물,남,39세,상해없음
2013080500100006,2013년 8월 5일 00시,월요일,강원도 춘천시 동내면,사망사고,1,0,0,0,차량단독 - 전도전복,안전운전불이행,건조,맑음,단일로 - 기타,승용,여,50세,사망,,,,
2013080500100056,2013년 8월 5일 07시,월요일,강원도 원주시 단구동,중상사고,0,1,0,0,차대차 - 추돌 - 진행중,중앙선침범,건조,맑음,교차로 - 교차로부근,승용,여,52세,상해없음,승용,남,27세,중상
2013080500100080,2013년 8월 5일 08시,월요일,강원도 평창군 평창읍,부상신고사고,0,0,0,1,차대차 - 측면직각충돌,안전운전불이행,건조,맑음,교차로 - 교차로안,승용,여,31세,상해없음,승용,남,53세,부상신고
2013080500100148,2013년 8월 5일 10시,월요일,강원도 강릉시 대전동,부상신고사고,0,0,0,5,차량단독 - 공작물충돌,안전운전불이행,건조,맑음,기타 - 기타,승합,남,21세,상해없음,,,,
2013080500100149,2013년 8월 5일 10시,월요일,강원도 삼척시 남양동,경상사고,0,0,2,0,차대차 - 측면직각충돌,안전운전불이행,건조,맑음,교차로 - 교차로안,승용,남,31세,상해없음,승용,여,44세,경상
2013080500100150,2013년 8월 5일 10시,월요일,강원도 삼척시 원덕읍,경상사고,0,0,1,0,차대사람 - 기타,보행자보호의무위반,건조,맑음,교차로 - 교차로안,승합,남,42세,상해없음,보행자,여,81세,경상
2013080500100180,2013년 8월 5일 11시,월요일,강원도 속초시 대포동,중상사고,0,1,2,0,차대차 - 추돌 - 주정차중,안전거리미확보,건조,맑음,단일로 - 기타,승용,남,67세,상해없음,승용,남,38세,중상
2013080500100181,2013년 8월 5일 11시,월요일,강원도 인제군 인제읍,중상사고,0,1,2,1,차대차 - 측면직각충돌,안전운전불이행,건조,맑음,단일로 - 기타,승용,남,54세,상해없음,승용,여,43세,경상
2013080500100209,2013년 8월 5일 12시,월요일,강원도 춘천시 효자동,경상사고,0,0,3,0,차대차 - 기타,신호위반,건조,맑음,교차로 - 교차로안,승용,여,46세,상해없음,승용,여,23세,경상
2013080500100210,2013년 8월 5일 12시,월요일,강원도 춘천시 후평동,중상사고,0,1,0,0,차대사람 - 기타,안전운전불이행,건조,맑음,단일로 - 기타,승용,남,62세,상해없음,보행자,남,84세,중상
2013080500100246,2013년 8월 5일 13시,월요일,강원도 원주시 소초면,경상사고,0,0,2,0,차대차 - 기타,안전운전불이행,건조,맑음,기타 - 기타,기타불명,기타불명,기타불명,기타불명,승용,여,41세,경상
2013080500100281,2013년 8월 5일 14시,월요일,강원도 춘천시 서면,중상사고,0,2,2,0,차대사람 - 기타,중앙선침범,건조,맑음,단일로 - 기타,승용,여,68세,중상,보행자,남,58세,경상
2013080500100282,2013년 8월 5일 14시,월요일,강원도 강릉시 옥천동,경상사고,0,0,1,0,차대차 - 측면직각충돌,안전운전불이행,건조,맑음,교차로 - 교차로부근,승용,남,53세,상해없음,자전거,남,14세,경상
2013080500100283,2013년 8월 5일 14시,월요일,강원도 강릉시 주문진읍,중상사고,0,1,0,0,차대사람 - 기타,보행자보호의무위반,습기,비,단일로 - 횡단보도상,승용,여,45세,상해없음,보행자,여,53세,중상
2013080500100284,2013년 8월 5일 14시,월요일,강원도 원주시 무실동,경상사고,0,0,2,0,차대차 - 추돌 - 진행중,안전거리미확보,건조,맑음,교차로 - 교차로안,승용,남,29세,상해없음,승용,여,49세,경상
2013080500100314,2013년 8월 5일 15시,월요일,강원도 강릉시 강문동,경상사고,0,0,1,0,차대사람 - 길가장자리구역통행중,안전운전불이행,건조,맑음,단일로 - 기타,승용,여,20세,상해없음,보행자,여,24세,경상
2013080500100315,2013년 8월 5일 15시,월요일,강원도 강릉시 송정동,중상사고,0,1,0,0,차대차 - 측면직각충돌,안전운전불이행,건조,맑음,단일로 - 기타,승용,남,63세,상해없음,자전거,남,53세,중상
2013080500100349,2013년 8월 5일 16시,월요일,강원도 춘천시 석사동,경상사고,0,0,1,0,차대차 - 측면직각충돌,안전거리미확보,건조,맑음,단일로 - 기타,승용,여,48세,상해없음,승용,남,61세,경상
2013080500100350,2013년 8월 5일 16시,월요일,강원도 원주시 단구동,중상사고,0,1,0,0,차대차 - 측면직각충돌,교차로운행방법위반,습기,비,교차로 - 교차로안,승용,여,25세,상해없음,이륜,남,16세,중상
2013080500100390,2013년 8월 5일 17시,월요일,강원도 횡성군 둔내면,중상사고,0,2,2,0,차대차 - 기타,안전운전불이행,건조,맑음,기타 - 기타,승용,여,45세,중상,승합,남,57세,상해없음
2013080500100473,2013년 8월 5일 19시,월요일,강원도 삼척시 남양동,중상사고,0,1,0,0,차대사람 - 횡단중,보행자보호의무위반,건조,맑음,단일로 - 기타,승용,여,43세,상해없음,보행자,여,71세,중상
2013080500100474,2013년 8월 5일 19시,월요일,강원도 삼척시 남양동,경상사고,0,0,1,0,차대차 - 측면직각충돌,안전운전불이행,건조,맑음,교차로 - 교차로안,승용,남,56세,상해없음,승용,여,24세,경상
2013080500100475,2013년 8월 5일 19시,월요일,강원도 삼척시 남양동,경상사고,0,0,1,0,차대사람 - 기타,안전운전불이행,건조,맑음,단일로 - 기타,기타불명,기타불명,기타불명,기타불명,보행자,여,57세,경상
2013080500100504,2013년 8월 5일 20시,월요일,강원도 강릉시 포남동,경상사고,0,0,1,0,차대차 - 측면직각충돌,안전운전불이행,건조,맑음,교차로 - 교차로안,승용,남,29세,상해없음,자전거,남,57세,경상
2013080500100505,2013년 8월 5일 20시,월요일,강원도 삼척시 도계읍,중상사고,0,2,3,0,차대차 - 측면직각충돌,안전운전불이행,습기,비,교차로 - 교차로안,승용,남,27세,경상,승용,여,45세,중상
2013080500100560,2013년 8월 5일 22시,월요일,강원도 춘천시 남면,경상사고,0,0,1,0,차대사람 - 기타,안전운전불이행,건조,맑음,단일로 - 교량,화물,남,60세,상해없음,보행자,여,10세,경상
2013080500100561,2013년 8월 5일 22시,월요일,강원도 속초시 대포동,경상사고,0,0,1,0,차대차 - 측면직각충돌,안전운전불이행,건조,맑음,단일로 - 기타,승용,남,52세,상해없음,승용,남,49세,상해없음
2013080600100023,2013년 8월 6일 01시,화요일,강원도 원주시 단계동,중상사고,0,1,0,0,차대차 - 기타,안전거리미확보,건조,흐림,단일로 - 기타,승용,여,41세,상해없음,승용,남,38세,중상
2013080600100056,2013년 8월 6일 04시,화요일,강원도 삼척시 원덕읍,중상사고,0,1,0,0,차량단독 - 공작물충돌,안전운전불이행,건조,맑음,단일로 - 기타,승용,남,28세,상해없음,,,,
2013080600100070,2013년 8월 6일 06시,화요일,강원도 춘천시 근화동,경상사고,0,0,1,0,차대차 - 측면직각충돌,교차로운행방법위반,건조,맑음,교차로 - 교차로안,화물,남,29세,상해없음,승용,남,53세,경상
2013080600100117,2013년 8월 6일 08시,화요일,강원도 강릉시 포남동,경상사고,0,0,1,0,차대사람 - 차도통행중,안전운전불이행,건조,맑음,단일로 - 기타,승용,남,57세,상해없음,보행자,남,8세,경상
2013080600100118,2013년 8월 6일 08시,화요일,강원도 화천군 간동면,중상사고,0,1,1,0,차대차 - 추돌 - 진행중,안전거리미확보,습기,안개,단일로 - 기타,특수,남,54세,상해없음,승용,여,59세,경상
2013080600100145,2013년 8월 6일 09시,화요일,강원도 춘천시 중앙로1가,경상사고,0,0,2,0,차대차 - 측면직각충돌,교차로운행방법위반,건조,맑음,교차로 - 교차로안,승용,여,46세,상해없음,승합,남,53세,경상
2013080600100147,2013년 8월 6일 09시,화요일,강원도 양양군 강현면,중상사고,0,1,1,0,차대차 - 추돌 - 진행중,안전거리미확보,건조,맑음,단일로 - 기타,승용,여,27세,상해없음,승합,남,60세,경상
2013080600100148,2013년 8월 6일 09시,화요일,강원도 삼척시 도계읍,중상사고,0,1,0,0,차대사람 - 횡단중,안전운전불이행,건조,맑음,단일로 - 기타,승용,남,34세,상해없음,보행자,여,8세,중상
2013080600100174,2013년 8월 6일 10시,화요일,강원도 강릉시 주문진읍,경상사고,0,0,1,0,차대차 - 측면직각충돌,안전운전불이행,건조,맑음,단일로 - 기타,승용,남,55세,상해없음,이륜,남,70세,경상
2013080600100175,2013년 8월 6일 10시,화요일,강원도 원주시 단구동,경상사고,0,0,1,0,차대차 - 기타,직진우회전진행방해,건조,맑음,교차로 - 교차로안,화물,남,46세,상해없음,이륜,남,68세,경상
2013080600100176,2013년 8월 6일 10시,화요일,강원도 인제군 남면,중상사고,0,1,0,0,차대차 - 측면직각충돌,안전운전불이행,건조,맑음,교차로 - 교차로부근,승용,남,52세,상해없음,화물,남,46세,중상
2013080600100209,2013년 8월 6일 11시,화요일,강원도 인제군 인제읍,중상사고,0,1,0,0,차대사람 - 횡단중,안전운전불이행,건조,맑음,교차로 - 교차로부근,승용,남,60세,상해없음,보행자,여,66세,중상
2013080600100238,2013년 8월 6일 12시,화요일,강원도 강릉시 옥천동,중상사고,0,2,0,0,차대차 - 측면직각충돌,교차로운행방법위반,건조,맑음,교차로 - 교차로안,이륜,남,48세,중상,승용,남,56세,중상
2013080600100273,2013년 8월 6일 13시,화요일,강원도 철원군 갈말읍,중상사고,0,1,0,0,차대차 - 측면직각충돌,신호위반,건조,맑음,단일로 - 기타,승용,남,67세,상해없음,이륜,남,61세,중상
2013080600100274,2013년 8월 6일 13시,화요일,강원도 철원군 갈말읍,경상사고,0,0,1,0,차대차 - 추돌 - 진행중,안전운전불이행,건조,맑음,단일로 - 기타,화물,남,43세,상해없음,화물,남,42세,상해없음
2013080600100310,2013년 8월 6일 14시,화요일,강원도 춘천시 석사동,경상사고,0,0,1,0,차대차 - 측면직각충돌,안전운전불이행,건조,맑음,교차로 - 교차로부근,승용,여,27세,상해없음,자전거,여,19세,경상
2013080600100311,2013년 8월 6일 14시,화요일,강원도 태백시 황지동,경상사고,0,0,1,0,차대차 - 정면충돌,안전운전불이행,건조,맑음,기타 - 기타,화물,남,29세,상해없음,자전거,남,9세,경상
2013080600100312,2013년 8월 6일 14시,화요일,강원도 횡성군 횡성읍,중상사고,0,1,1,0,차대차 - 기타,중앙선침범,습기,비,교차로 - 교차로부근,승용,여,57세,상해없음,화물,남,73세,중상
2013080600100313,2013년 8월 6일 14시,화요일,강원도 동해시 천곡동,경상사고,0,0,1,0,차대사람 - 보도통행중,보행자보호의무위반,건조,맑음,단일로 - 기타,원동기,남,81세,상해없음,보행자,여,66세,경상
2013080600100343,2013년 8월 6일 15시,화요일,강원도 원주시 우산동,중상사고,0,1,0,0,차대사람 - 횡단중,안전운전불이행,건조,흐림,교차로 - 교차로부근,승용,여,72세,상해없음,보행자,여,61세,중상
2013080600100344,2013년 8월 6일 15시,화요일,강원도 홍천군 북방면,중상사고,0,1,2,0,차대차 - 기타,중앙선침범,습기,흐림,기타 - 기타,승용,남,40세,상해없음,승용,남,42세,경상
2013080600100381,2013년 8월 6일 16시,화요일,강원도 춘천시 남산면,경상사고,0,0,1,0,차대차 - 측면직각충돌,안전운전불이행,건조,맑음,단일로 - 기타,승용,남,23세,상해없음,이륜,남,20세,상해없음
2013080600100382,2013년 8월 6일 16시,화요일,강원도 홍천군 홍천읍,경상사고,0,0,2,0,차대차 - 기타,안전거리미확보,건조,맑음,단일로 - 기타,화물,남,52세,상해없음,승용,남,52세,경상
2013080600100423,2013년 8월 6일 17시,화요일,강원도 춘천시 석사동,중상사고,0,1,0,0,차대차 - 측면직각충돌,안전운전불이행,건조,맑음,교차로 - 교차로부근,화물,남,53세,상해없음,원동기,남,44세,중상
2013080600100469,2013년 8월 6일 18시,화요일,강원도 춘천시 효자동,경상사고,0,0,1,0,차대차 - 기타,안전거리미확보,건조,맑음,교차로 - 교차로안,승용,남,55세,상해없음,승용,남,54세,상해없음
2013080600100470,2013년 8월 6일 18시,화요일,강원도 춘천시 남산면,중상사고,0,1,0,0,차대차 - 측면직각충돌,안전운전불이행,건조,맑음,단일로 - 횡단보도상,승용,남,27세,상해없음,승합,여,48세,중상