사고번호,사고일시,요일,시군구,사고내용,사망자수,중상자수,경상자수,부상신고자수,사고유형,법규위반,노면상태,기상상태,도로형태,가해운전자 차종,가해운전자 성별,가해운전자 연령,가해운전자 상해정도,피해운전자 차종,피해운전자 성별,피해운전자 연령,피해운전자 상해정도
2013081100100004,2013년 8월 11일 00시,일요일,강원도 동해시 망상동,경상사고,0,0,5,0,차대사람 - 기타,안전운전불이행,건조,맑음,단일로 - 기타,승용,남,21세,상해없음,보행자,남,39세,경상
2013081100100051,2013년 8월 11일 03시,일요일,강원도 평창군 진부면,경상사고,0,0,1,0,차대차 - 추돌 - 진행중,안전운전불이행,건조,흐림,단일로 - 교량,승용,남,25세,상해없음,승용,남,30세,상해없음
2013081100100059,2013년 8월 11일 04시,일요일,강원도 횡성군 우천면,경상사고,0,0,2,0,차대차 - 측면직각충돌,안전거리미확보,건조,맑음,단일로 - 기타,승용,여,38세,기타불명,승용,여,28세,경상
2013081100100100,2013년 8월 11일 08시,일요일,강원도 평창군 진부면,경상사고,0,0,1,0,차량단독 - 공작물충돌,안전운전불이행,건조,맑음,단일로 - 기타,화물,남,22세,상해없음,,,,
2013081100100158,2013년 8월 11일 11시,일요일,강원도 평창군 용평면,중상사고,0,1,0,0,차대차 - 정면충돌,안전운전불이행,건조,맑음,단일로 - 기타,화물,남,42세,상해없음,이륜,남,48세,중상
2013081100100159,2013년 8월 11일 11시,일요일,강원도 평창군 봉평면,경상사고,0,0,2,0,차대차 - 추돌 - 진행중,안전운전불이행,건조,맑음,단일로 - 기타,이륜,남,44세,상해없음,승용,남,34세,경상
2013081100100174,2013년 8월 11일 12시,일요일,강원도 강릉시 주문진읍,경상사고,0,0,1,0,차대차 - 기타,안전운전불이행,건조,맑음,단일로 - 기타,승용,여,29세,상해없음,이륜,남,54세,경상
2013081100100223,2013년 8월 11일 14시,일요일,강원도 횡성군 둔내면,중상사고,0,2,6,0,차대차 - 정면충돌,중앙선침범,건조,맑음,단일로 - 기타,승용,남,29세,상해없음,승용,남,38세,경상
2013081100100246,2013년 8월 11일 15시,일요일,강원도 철원군 근남면,경상사고,0,0,1,0,차대차 - 측면직각충돌,중앙선침범,건조,맑음,단일로 - 기타,승용,남,37세,상해없음,승합,남,52세,상해없음
2013081100100274,2013년 8월 11일 16시,일요일,강원도 춘천시 효자동,경상사고,0,0,1,0,차대사람 - 횡단중,안전운전불이행,건조,맑음,단일로 - 기타,승용,남,61세,상해없음,보행자,여,53세,경상
2013081100100275,2013년 8월 11일 16시,일요일,강원도 원주시 단계동,경상사고,0,0,3,0,차대차 - 측면직각충돌,안전운전불이행,건조,맑음,단일로 - 기타,승용,남,18세,상해없음,승용,여,49세,경상
2013081100100276,2013년 8월 11일 16시,일요일,강원도 원주시 문막읍,경상사고,0,0,2,0,차대차 - 추돌 - 주정차중,안전운전불이행,건조,맑음,단일로 - 기타,승용,남,33세,상해없음,승용,남,50세,경상
2013081100100340,2013년 8월 11일 18시,일요일,강원도 춘천시 효자동,중상사고,0,1,1,0,차대차 - 측면직각충돌,차로위반,건조,맑음,단일로 - 기타,승용,여,57세,상해없음,승용,남,29세,경상
2013081100100341,2013년 8월 11일 18시,일요일,강원도 원주시 개운동,부상신고사고,0,0,0,1,차대차 - 기타,안전운전불이행,건조,맑음,교차로 - 교차로안,기타불명,기타불명,기타불명,기타불명,자전거,남,55세,부상신고
2013081100100395,2013년 8월 11일 20시,일요일,강원도 춘천시 후평동,경상사고,0,0,1,0,차대차 - 측면직각충돌,직진우회전진행방해,건조,맑음,교차로 - 교차로안,승용,남,27세,상해없음,이륜,남,15세,경상
2013081100100396,2013년 8월 11일 20시,일요일,강원도 원주시 문막읍,경상사고,0,0,1,0,차대차 - 측면직각충돌,교차로운행방법위반,건조,맑음,교차로 - 교차로안,승용,남,47세,상해없음,이륜,남,16세,경상
2013081100100397,2013년 8월 11일 20시,일요일,강원도 동해시 발한동,경상사고,0,0,2,0,차대차 - 기타,신호위반,건조,맑음,교차로 - 교차로안,원동기,남,40세,상해없음,승용,남,58세,경상
2013081100100425,2013년 8월 11일 21시,일요일,강원도 속초시 교동,경상사고,0,0,6,0,차대차 - 측면직각충돌,안전거리미확보,건조,맑음,단일로 - 기타,승용,여,27세,상해없음,승용,남,33세,경상
2013081100100480,2013년 8월 11일 23시,일요일,강원도 원주시 명륜동,경상사고,0,0,1,0,차대차 - 측면직각충돌,안전운전불이행,건조,맑음,교차로 - 교차로부근,자전거,남,17세,경상,승용,남,56세,상해없음
2013081100100481,2013년 8월 11일 23시,일요일,강원도 평창군 대관령면,경상사고,0,0,1,0,차대차 - 추돌 - 진행중,안전운전불이행,건조,맑음,기타 - 기타,승용,남,49세,상해없음,화물,남,70세,경상
2013081200100006,2013년 8월 12일 00시,월요일,강원도 원주시 소초면,경상사고,0,0,4,0,차대차 - 기타,안전운전불이행,건조,맑음,기타 - 기타,승용,여,24세,상해없음,승용,남,34세,경상
2013081200100026,2013년 8월 12일 02시,월요일,강원도 원주시 단구동,중상사고,0,1,1,0,차대차 - 측면직각충돌,신호위반,건조,맑음,교차로 - 교차로안,승용,여,51세,중상,승용,남,34세,경상
2013081200100073,2013년 8월 12일 07시,월요일,강원도 영월군 남면,중상사고,0,1,0,0,차대사람 - 기타,안전운전불이행,건조,맑음,기타 - 기타,승용,남,64세,상해없음,보행자,남,57세,중상
2013081200100167,2013년 8월 12일 10시,월요일,강원도 춘천시 효자동,경상사고,0,0,1,0,차대차 - 측면직각충돌,안전운전불이행,건조,맑음,단일로 - 기타,승용,여,54세,상해없음,이륜,남,45세,경상
2013081200100168,2013년 8월 12일 10시,월요일,강원도 강릉시 주문진읍,경상사고,0,0,1,0,차대차 - 측면직각충돌,안전운전불이행,건조,맑음,단일로 - 교량,승용,남,46세,상해없음,이륜,남,46세,경상
2013081200100197,2013년 8월 12일 11시,월요일,강원도 삼척시 원덕읍,경상사고,0,0,3,0,차대차 - 기타,기타,건조,맑음,단일로 - 기타,건설기계,남,59세,상해없음,승용,남,36세,경상
2013081200100198,2013년 8월 12일 11시,월요일,강원도 홍천군 남면,중상사고,0,1,0,0,차대사람 - 기타,안전운전불이행,건조,맑음,단일로 - 기타,화물,남,59세,상해없음,보행자,남,44세,중상
2013081200100199,2013년 8월 12일 11시,월요일,강원도 동해시 구호동,경상사고,0,0,1,0,차대차 - 측면직각충돌,교차로운행방법위반,건조,맑음,교차로 - 교차로안,건설기계,남,56세,상해없음,화물,남,49세,경상
2013081200100229,2013년 8월 12일 12시,월요일,강원도 속초시 중앙동,중상사고,0,1,0,0,차대차 - 측면직각충돌,안전운전불이행,건조,맑음,교차로 - 교차로부근,이륜,남,42세,상해없음,승용,남,32세,중상
2013081200100230,2013년 8월 12일 12시,월요일,강원도 평창군 대화면,사망사고,1,0,0,0,차대차 - 측면직각충돌,안전운전불이행,건조,맑음,교차로 - 교차로안,화물,남,51세,상해없음,화물,남,50세,사망
2013081200100231,2013년 8월 12일 12시,월요일,강원도 양구군 양구읍,중상사고,0,1,0,0,차대차 - 측면직각충돌,안전운전불이행,건조,맑음,단일로 - 횡단보도상,화물,남,53세,상해없음,자전거,남,8세,중상
2013081200100263,2013년 8월 12일 13시,월요일,강원도 춘천시 석사동,부상신고사고,0,0,0,2,차대차 - 추돌 - 주정차중,안전운전불이행,건조,맑음,교차로 - 교차로부근,승용,여,58세,상해없음,승용,남,33세,부상신고
2013081200100264,2013년 8월 12일 13시,월요일,강원도 양구군 남면,중상사고,0,2,0,1,차량단독 - 도로외이탈 - 추락,안전운전불이행,건조,맑음,단일로 - 기타,화물,남,75세,부상신고,,,,
2013081200100294,2013년 8월 12일 14시,월요일,강원도 강릉시 강동면,중상사고,0,3,2,0,차량단독 - 도로외이탈 - 기타,안전운전불이행,건조,맑음,단일로 - 기타,승용,여,54세,경상,,,,
2013081200100295,2013년 8월 12일 14시,월요일,강원도 강릉시 옥천동,경상사고,0,0,1,0,차대사람 - 횡단중,보행자보호의무위반,건조,맑음,교차로 - 교차로안,승용,여,49세,기타불명,보행자,여,19세,경상
2013081200100296,2013년 8월 12일 14시,월요일,강원도 원주시 태장동,경상사고,0,0,2,0,차대차 - 추돌 - 주정차중,안전운전불이행,건조,맑음,교차로 - 교차로부근,승용,남,19세,상해없음,승용,남,21세,경상
2013081200100297,2013년 8월 12일 14시,월요일,강원도 속초시 교동,경상사고,0,0,2,0,차대차 - 측면직각충돌,교차로운행방법위반,건조,맑음,교차로 - 교차로안,승용,남,60세,상해없음,승용,남,42세,경상
2013081200100331,2013년 8월 12일 15시,월요일,강원도 영월군 김삿갓면,중상사고,0,2,3,0,차대차 - 정면충돌,중앙선침범,건조,맑음,단일로 - 기타,승용,남,50세,중상,승합,남,36세,경상
2013081200100372,2013년 8월 12일 16시,월요일,강원도 원주시 소초면,경상사고,0,0,1,0,차대사람 - 기타,안전운전불이행,건조,맑음,단일로 - 기타,승용,남,69세,상해없음,보행자,남,54세,경상
2013081200100406,2013년 8월 12일 17시,월요일,강원도 춘천시 석사동,경상사고,0,0,2,0,차대차 - 추돌 - 주정차중,안전운전불이행,건조,맑음,단일로 - 기타,승용,남,54세,상해없음,승용,남,54세,경상
2013081200100407,2013년 8월 12일 17시,월요일,강원도 속초시 노학동,경상사고,0,0,5,0,차대차 - 추돌 - 주정차중,안전운전불이행,건조,맑음,교차로 - 교차로부근,승용,남,52세,상해없음,승용,여,39세,경상
2013081200100457,2013년 8월 12일 18시,월요일,강원도 강릉시 교동,경상사고,0,0,1,0,차대차 - 측면직각충돌,안전운전불이행,건조,맑음,교차로 - 교차로안,승용,남,54세,상해없음,원동기,남,21세,경상
2013081200100458,2013년 8월 12일 18시,월요일,강원도 속초시 중앙동,경상사고,0,0,1,0,차대차 - 추돌 - 주정차중,안전운전불이행,건조,맑음,단일로 - 기타,승합,남,23세,상해없음,승용,여,24세,경상
2013081200100498,2013년 8월 12일 19시,월요일,강원도 속초시 노학동,경상사고,0,0,2,0,차대차 - 추돌 - 주정차중,안전운전불이행,건조,맑음,교차로 - 교차로부근,승용,남,52세,상해없음,승용,남,28세,경상
2013081200100536,2013년 8월 12일 20시,월요일,강원도 삼척시 교동,경상사고,0,0,5,0,차대차 - 추돌 - 진행중,안전운전불이행,건조,맑음,교차로 - 교차로부근,승용,남,52세,상해없음,승용,남,39세,경상
2013081200100537,2013년 8월 12일 20시,월요일,강원도 횡성군 안흥면,중상사고,0,3,2,0,차대차 - 측면직각충돌,안전운전불이행,건조,맑음,단일로 - 기타,승용,남,61세,상해없음,승용,여,58세,경상
2013081200100538,2013년 8월 12일 20시,월요일,강원도 동해시 동회동,경상사고,0,0,1,0,차대사람 - 기타,안전운전불이행,건조,맑음,단일로 - 기타,승용,남,60세,상해없음,보행자,남,34세,경상
2013081200100598,2013년 8월 12일 22시,월요일,강원도 동해시 어달동,중상사고,0,1,0,0,차대사람 - 기타,안전운전불이행,건조,맑음,기타 - 기타,승용,남,53세,상해없음,보행자,남,61세,중상
2013081300100083,2013년 8월 13일 07시,화요일,강원도 삼척시 원덕읍,경상사고,0,0,1,0,차대차 - 기타,교차로운행방법위반,건조,맑음,교차로 - 교차로안,화물,남,48세,상해없음,승합,남,46세,경상
2013081300100107,2013년 8월 13일 08시,화요일,강원도 동해시 효가동,경상사고,0,0,3,0,차대차 - 기타,신호위반,건조,맑음,교차로 - 교차로안,승용,여,45세,상해없음,승용,남,38세,경상
2013081300100135,2013년 8월 13일 09시,화요일,강원도 춘천시 온의동,중상사고,0,1,0,0,차대차 - 추돌 - 주정차중,안전운전불이행,건조,맑음,교차로 - 교차로부근,승용,남,63세,상해없음,승용,여,50세,중상
2013081300100136,2013년 8월 13일 09시,화요일,강원도 양양군 양양읍,경상사고,0,0,1,0,차대차 - 측면직각충돌,교차로운행방법위반,건조,맑음,교차로 - 교차로안,승용,여,63세,상해없음,원동기,남,64세,경상
2013081300100171,2013년 8월 13일 10시,화요일,강원도 원주시 단계동,경상사고,0,0,2,0,차대차 - 측면직각충돌,안전운전불이행,건조,맑음,교차로 - 교차로부근,승용,남,54세,경상,화물,남,44세,경상
2013081300100234,2013년 8월 13일 12시,화요일,강원도 춘천시 운교동,경상사고,0,0,1,0,차대차 - 추돌 - 진행중,안전거리미확보,건조,맑음,단일로 - 기타,승용,여,34세,상해없음,승용,남,55세,상해없음
2013081300100235,2013년 8월 13일 12시,화요일,강원도 강릉시 교동,경상사고,0,0,1,0,차대차 - 측면직각충돌,안전운전불이행,건조,맑음,교차로 - 교차로안,승용,남,65세,상해없음,이륜,남,26세,경상
2013081300100265,2013년 8월 13일 13시,화요일,강원도 홍천군 화촌면,중상사고,0,1,0,0,차량단독 - 기타,안전운전불이행,건조,맑음,단일로 - 기타,화물,남,51세,중상,,,,
2013081300100308,2013년 8월 13일 14시,화요일,강원도 춘천시 남산면,경상사고,0,0,2,0,차량단독 - 기타,안전운전불이행,건조,맑음,기타 - 기타,이륜,남,18세,경상,,,,
2013081300100309,2013년 8월 13일 14시,화요일,강원도 태백시 황지동,사망사고,1,0,0,0,차대사람 - 보도통행중,보행자보호의무위반,건조,맑음,단일로 - 기타,화물,남,37세,상해없음,보행자,여,60세,사망
2013081300100349,2013년 8월 13일 15시,화요일,강원도 춘천시 우두동,경상사고,0,0,7,0,차대차 - 추돌 - 주정차중,안전운전불이행,건조,맑음,단일로 - 기타,승용,남,66세,상해없음,승용,여,44세,경상
2013081300100350,2013년 8월 13일 15시,화요일,강원도 강릉시 교동,경상사고,0,0,4,0,차대차 - 추돌 - 주정차중,안전운전불이행,건조,맑음,단일로 - 기타,승용,남,67세,상해없음,승용,여,60세,경상
2013081300100351,2013년 8월 13일 15시,화요일,강원도 홍천군 동면,경상사고,0,0,3,3,차대차 - 측면직각충돌,교차로운행방법위반,건조,맑음,교차로 - 교차로안,승합,남,48세,부상신고,승용,여,44세,경상
2013081300100352,2013년 8월 13일 15시,화요일,강원도 평창군 대관령면,경상사고,0,0,2,0,차대차 - 정면충돌,안전운전불이행,건조,맑음,교차로 - 교차로안,기타불명,기타불명,기타불명,기타불명,화물,남,43세,상해없음
2013081300100353,2013년 8월 13일 15시,화요일,강원도 철원군 서면,경상사고,0,0,1,0,차대차 - 측면직각충돌,안전운전불이행,건조,맑음,단일로 - 횡단보도부근,화물,남,46세,상해없음,자전거,여,53세,경상
2013081300100391,2013년 8월 13일 16시,화요일,강원도 평창군 봉평면,중상사고,0,2,0,0,차대차 - 측면직각충돌,안전운전불이행,건조,맑음,단일로 - 기타,승용,남,62세,상해없음,화물,남,30세,중상
2013081300100392,2013년 8월 13일 16시,화요일,강원도 평창군 미탄면,중상사고,0,1,1,0,차량단독 - 공작물충돌,안전운전불이행,건조,맑음,단일로 - 기타,승용,남,21세,경상,,,,
2013081300100431,2013년 8월 13일 17시,화요일,강원도 춘천시 교동,경상사고,0,0,1,0,차대차 - 추돌 - 진행중,안전운전불이행,건조,맑음,단일로 - 기타,승용,남,27세,상해없음,승용,여,55세,경상
2013081300100432,2013년 8월 13일 17시,화요일,강원도 원주시 단구동,중상사고,0,1,0,0,차대차 - 측면직각충돌,불법유턴,건조,맑음,교차로 - 교차로부근,화물,남,44세,상해없음,이륜,남,16세,중상
2013081300100433,2013년 8월 13일 17시,화요일,강원도 동해시 효가동,경상사고,0,0,1,0,차대차 - 기타,안전운전불이행,건조,맑음,단일로 - 기타,승용,남,41세,상해없음,자전거,남,60세,경상
2013081300100469,2013년 8월 13일 18시,화요일,강원도 삼척시 성북동,경상사고,0,0,2,0,차대차 - 기타,안전운전불이행,건조,맑음,교차로 - 교차로부근,화물,남,40세,상해없음,승용,남,36세,경상
2013081300100470,2013년 8월 13일 18시,화요일,강원도 홍천군 홍천읍,경상사고,0,0,5,0,차대차 - 기타,신호위반,건조,맑음,교차로 - 교차로안,승용,여,57세,상해없음,승합,남,41세,경상
2013081300100471,2013년 8월 13일 18시,화요일,강원도 홍천군 서면,중상사고,0,1,3,0,차대차 - 기타,교차로운행방법위반,건조,맑음,교차로 - 교차로안,승용,여,32세,상해없음,화물,남,53세,경상
2013081300100538,2013년 8월 13일 20시,화요일,강원도 강릉시 교동,경상사고,0,0,1,0,차대사람 - 차도통행중,안전운전불이행,건조,맑음,단일로 - 기타,승합,남,57세,상해없음,보행자,남,62세,경상
2013081400100032,2013년 8월 14일 02시,수요일,강원도 속초시 장사동,경상사고,0,0,1,0,차대사람 - 차도통행중,안전운전불이행,건조,맑음,단일로 - 기타,승용,남,63세,상해없음,보행자,여,29세,경상
2013081400100042,2013년 8월 14일 03시,수요일,강원도 춘천시 운교동,경상사고,0,0,1,0,차대사람 - 기타,안전운전불이행,건조,맑음,단일로 - 기타,승용,남,29세,상해없음,보행자,남,28세,경상
2013081400100061,2013년 8월 14일 05시,수요일,강원도 원주시 단구동,경상사고,0,0,2,0,차대차 - 측면직각충돌,교차로운행방법위반,건조,맑음,교차로 - 교차로안,승용,남,39세,상해없음,승합,남,44세,경상
2013081400100062,2013년 8월 14일 05시,수요일,강원도 삼척시 도계읍,중상사고,0,1,0,0,차대차 - 추돌 - 진행중,안전운전불이행,건조,맑음,단일로 - 기타,승용,남,58세,상해없음,농기계,남,71세,중상
2013081400100069,2013년 8월 14일 06시,수요일,강원도 춘천시 낙원동,중상사고,0,1,0,0,차대사람 - 횡단중,보행자보호의무위반,건조,맑음,단일로 - 횡단보도상,승용,여,67세,상해없음,보행자,남,76세,중상
2013081400100110,2013년 8월 14일 08시,수요일,강원도 홍천군 홍천읍,경상사고,0,0,1,0,차대차 - 기타,안전거리미확보,건조,맑음,교차로 - 교차로안,승용,여,29세,상해없음,승용,여,44세,경상
2013081400100137,2013년 8월 14일 09시,수요일,강원도 원주시 일산동,경상사고,0,0,2,0,차대차 - 측면직각충돌,교차로운행방법위반,건조,맑음,교차로 - 교차로안,승용,여,26세,경상,화물,남,39세,경상
2013081400100138,2013년 8월 14일 09시,수요일,강원도 동해시 천곡동,중상사고,0,1,1,0,차대차 - 기타,교차로운행방법위반,건조,맑음,교차로 - 교차로안,승용,여,47세,상해없음,승용,남,33세,중상
2013081400100168,2013년 8월 14일 10시,수요일,강원도 춘천시 퇴계동,경상사고,0,0,1,0,차대차 - 기타,중앙선침범,건조,맑음,단일로 - 기타,승합,남,61세,상해없음,승용,남,20세,경상
2013081400100169,2013년 8월 14일 10시,수요일,강원도 횡성군 우천면,사망사고,2,2,1,0,차대차 - 추돌 - 진행중,안전운전불이행,건조,맑음,기타 - 기타,승합,남,65세,상해없음,건설기계,남,43세,상해없음
2013081400100200,2013년 8월 14일 11시,수요일,강원도 원주시 명륜동,중상사고,0,1,0,0,차대차 - 추돌 - 진행중,안전운전불이행,건조,맑음,단일로 - 기타,기타불명,기타불명,기타불명,기타불명,승합,남,53세,상해없음
2013081400100201,2013년 8월 14일 11시,수요일,강원도 속초시 설악동,경상사고,0,0,4,2,차대차 - 추돌 - 주정차중,안전운전불이행,건조,맑음,단일로 - 기타,승용,남,42세,상해없음,승용,남,55세,경상
2013081400100252,2013년 8월 14일 13시,수요일,강원도 원주시 무실동,경상사고,0,0,1,0,차대차 - 추돌 - 진행중,안전거리미확보,건조,맑음,단일로 - 기타,화물,남,61세,상해없음,이륜,남,61세,경상
2013081400100253,2013년 8월 14일 13시,수요일,강원도 삼척시 하장면,중상사고,0,1,2,0,차대차 - 정면충돌,중앙선침범,건조,맑음,단일로 - 기타,승용,남,23세,중상,승용,남,63세,경상
2013081400100317,2013년 8월 14일 15시,수요일,강원도 양양군 현북면,경상사고,0,0,2,0,차대차 - 기타,불법유턴,건조,맑음,교차로 - 교차로부근,승용,남,50세,상해없음,승용,남,40세,경상
2013081400100318,2013년 8월 14일 15시,수요일,강원도 인제군 남면,중상사고,0,1,0,0,차대차 - 측면직각충돌,안전운전불이행,건조,맑음,단일로 - 기타,기타불명,기타불명,기타불명,기타불명,화물,남,58세,중상
2013081400100387,2013년 8월 14일 17시,수요일,강원도 춘천시 효자동,경상사고,0,0,2,0,차대차 - 측면직각충돌,직진우회전진행방해,건조,맑음,교차로 - 교차로안,승용,여,52세,상해없음,승용,남,27세,경상
2013081400100388,2013년 8월 14일 17시,수요일,강원도 강릉시 입암동,경상사고,0,0,1,0,차대차 - 추돌 - 주정차중,안전운전불이행,건조,맑음,단일로 - 기타,승용,남,47세,상해없음,승용,여,39세,경상
2013081400100389,2013년 8월 14일 17시,수요일,강원도 강릉시 옥천동,경상사고,0,0,1,0,차대차 - 측면직각충돌,신호위반,건조,맑음,교차로 - 교차로안,승용,남,30세,상해없음,승용,여,35세,경상
2013081400100390,2013년 8월 14일 17시,수요일,강원도 원주시 단구동,경상사고,0,0,1,0,차대차 - 기타,직진우회전진행방해,건조,맑음,교차로 - 교차로안,승용,여,54세,상해없음,이륜,남,17세,경상
2013081400100391,2013년 8월 14일 17시,수요일,강원도 원주시 명륜동,중상사고,0,1,0,0,차대차 - 추돌 - 진행중,중앙선침범,건조,맑음,단일로 - 기타,승용,여,45세,상해없음,승용,남,44세,중상
2013081400100392,2013년 8월 14일 17시,수요일,강원도 원주시 봉산동,경상사고,0,0,1,0,차대차 - 측면직각충돌,교차로운행방법위반,건조,맑음,단일로 - 기타,화물,남,48세,상해없음,승용,여,27세,경상
2013081400100393,2013년 8월 14일 17시,수요일,강원도 속초시 조양동,경상사고,0,0,2,0,차대차 - 측면직각충돌,직진우회전진행방해,건조,맑음,교차로 - 교차로안,승용,남,31세,상해없음,승용,남,21세,경상
2013081400100426,2013년 8월 14일 18시,수요일,강원도 춘천시 동내면,경상사고,0,0,1,0,차대차 - 기타,안전거리미확보,건조,맑음,교차로 - 교차로부근,승용,여,49세,상해없음,승합,남,41세,상해없음
2013081400100427,2013년 8월 14일 18시,수요일,강원도 원주시 학성동,경상사고,0,0,1,0,차대차 - 추돌 - 주정차중,안전운전불이행,건조,맑음,단일로 - 기타,이륜,남,57세,경상,건설기계,남,48세,상해없음
2013081400100465,2013년 8월 14일 19시,수요일,강원도 영월군 영월읍,경상사고,0,0,1,0,차대차 - 기타,안전운전불이행,건조,맑음,단일로 - 기타,화물,남,79세,상해없음,승용,남,58세,경상
2013081400100502,2013년 8월 14일 20시,수요일,강원도 춘천시 온의동,중상사고,0,1,0,0,차대차 - 측면직각충돌,안전운전불이행,건조,맑음,교차로 - 교차로안,승용,남,59세,상해없음,자전거,남,19세,중상
2013081400100503,2013년 8월 14일 20시,수요일,강원도 원주시 일산동,중상사고,0,2,0,0,차대차 - 기타,안전운전불이행,건조,맑음,단일로 - 기타,화물,남,53세,상해없음,자전거,남,13세,중상
2013081400100572,2013년 8월 14일 22시,수요일,강원도 춘천시 신북읍,경상사고,0,0,1,0,차대사람 - 기타,안전운전불이행,습기,안개,단일로 - 교량,승용,남,27세,상해없음,보행자,남,30세,경상
2013081400100600,2013년 8월 14일 23시,수요일,강원도 강릉시 임당동,부상신고사고,0,0,0,1,차대차 - 기타,안전운전불이행,건조,맑음,단일로 - 기타,자전거,남,70세,부상신고,승용,남,40세,상해없음
2013081500100018,2013년 8월 15일 00시,목요일,강원도 원주시 무실동,경상사고,0,0,1,0,차대사람 - 횡단중,보행자보호의무위반,건조,맑음,교차로 - 교차로안,승용,남,30세,상해없음,보행자,여,18세,경상
2013081500100042,2013년 8월 15일 01시,목요일,강원도 춘천시 중앙로1가,경상사고,0,0,1,0,차대차 - 추돌 - 주정차중,안전운전불이행,건조,맑음,교차로 - 교차로부근,승용,남,27세,상해없음,승용,남,52세,경상
2013081500100093,2013년 8월 15일 05시,목요일,강원도 속초시 조양동,중상사고,0,1,0,0,차대차 - 추돌 - 주정차중,안전운전불이행,건조,맑음,교차로 - 교차로부근,승용,남,27세,상해없음,화물,남,59세,중상
2013081500100104,2013년 8월 15일 06시,목요일,강원도 강릉시 안현동,경상사고,0,0,1,0,차대차 - 추돌 - 주정차중,안전운전불이행,건조,맑음,단일로 - 기타,승용,남,18세,상해없음,승용,여,29세,경상
2013081500100125,2013년 8월 15일 07시,목요일,강원도 원주시 단계동,중상사고,0,1,0,0,차대차 - 추돌 - 진행중,과속,건조,맑음,교차로 - 교차로부근,승용,남,42세,상해없음,이륜,남,64세,중상
2013081500100252,2013년 8월 15일 12시,목요일,강원도 속초시 조양동,중상사고,0,1,0,0,차대차 - 측면직각충돌,교차로운행방법위반,건조,맑음,교차로 - 교차로안,승용,남,29세,상해없음,이륜,남,76세,중상
2013081500100281,2013년 8월 15일 13시,목요일,강원도 횡성군 안흥면,경상사고,0,0,1,0,차대차 - 추돌 - 진행중,안전운전불이행,건조,맑음,단일로 - 기타,화물,남,61세,상해없음,화물,남,56세,경상
2013081500100329,2013년 8월 15일 15시,목요일,강원도 동해시 망상동,중상사고,0,1,0,0,차대차 - 측면직각충돌,안전운전불이행,건조,맑음,교차로 - 교차로안,승용,여,47세,상해없음,이륜,남,79세,중상
2013081500100363,2013년 8월 15일 16시,목요일,강원도 강릉시 왕산면,경상사고,0,0,2,0,차대차 - 측면직각충돌,중앙선침범,건조,맑음,단일로 - 기타,승용,남,60세,상해없음,승용,남,30세,경상
2013081500100364,2013년 8월 15일 16시,목요일,강원도 원주시 흥업면,중상사고,0,1,1,0,차량단독 - 공작물충돌,안전운전불이행,건조,맑음,단일로 - 기타,승용,남,71세,경상,,,,
2013081500100365,2013년 8월 15일 16시,목요일,강원도 속초시 장사동,중상사고,0,1,0,0,차대차 - 측면직각충돌,신호위반,건조,맑음,교차로 - 교차로부근,화물,남,24세,상해없음,화물,남,61세,중상
2013081500100366,2013년 8월 15일 16시,목요일,강원도 횡성군 우천면,경상사고,0,0,1,0,차대차 - 측면직각충돌,안전운전불이행,건조,맑음,단일로 - 기타,승용,남,32세,상해없음,화물,남,55세,경상
2013081500100401,2013년 8월 15일 17시,목요일,강원도 홍천군 홍천읍,중상사고,0,1,5,0,차대차 - 기타,안전거리미확보,건조,맑음,단일로 - 기타,승용,남,20세,상해없음,승합,여,40세,경상
2013081500100438,2013년 8월 15일 18시,목요일,강원도 춘천시 신북읍,경상사고,0,0,5,0,차대차 - 기타,중앙선침범,건조,맑음,단일로 - 기타,승용,남,52세,상해없음,승용,여,38세,경상
2013081500100439,2013년 8월 15일 18시,목요일,강원도 삼척시 사직동,중상사고,0,1,0,0,차량단독 - 공작물충돌,안전운전불이행,건조,맑음,단일로 - 기타,자전거,남,16세,중상,,,,
2013081500100440,2013년 8월 15일 18시,목요일,강원도 화천군 화천읍,중상사고,0,5,2,0,차대차 - 정면충돌,중앙선침범,건조,맑음,단일로 - 기타,승용,남,59세,경상,승용,남,32세,경상
2013081500100470,2013년 8월 15일 19시,목요일,강원도 춘천시 석사동,경상사고,0,0,1,0,차대차 - 기타,안전운전불이행,건조,맑음,교차로 - 교차로부근,화물,남,45세,상해없음,승용,남,20세,경상
2013081500100525,2013년 8월 15일 21시,목요일,강원도 춘천시 온의동,경상사고,0,0,1,0,차대사람 - 횡단중,보행자보호의무위반,건조,맑음,단일로 - 횡단보도상,승용,남,43세,상해없음,보행자,남,50세,경상
2013081500100526,2013년 8월 15일 21시,목요일,강원도 강릉시 강문동,경상사고,0,0,1,0,차대차 - 기타,안전운전불이행,건조,맑음,단일로 - 기타,원동기,남,19세,상해없음,원동기,남,18세,경상
2013081500100557,2013년 8월 15일 23시,목요일,강원도 강릉시 주문진읍,중상사고,0,1,1,0,차대차 - 측면직각충돌,안전운전불이행,건조,맑음,교차로 - 교차로안,승용,남,51세,상해없음,원동기,남,17세,중상
2013081600100051,2013년 8월 16일 05시,금요일,강원도 춘천시 온의동,경상사고,0,0,1,0,차대차 - 기타,안전거리미확보,건조,맑음,단일로 - 기타,승용,여,27세,상해없음,승용,남,52세,경상
2013081600100082,2013년 8월 16일 07시,금요일,강원도 삼척시 도계읍,경상사고,0,0,1,0,차대차 - 측면직각충돌,안전운전불이행,건조,맑음,교차로 - 교차로안,승용,남,49세,상해없음,승용,남,23세,경상