사고번호,사고일시,요일,시군구,사고내용,사망자수,중상자수,경상자수,부상신고자수,사고유형,법규위반,노면상태,기상상태,도로형태,가해운전자 차종,가해운전자 성별,가해운전자 연령,가해운전자 상해정도,피해운전자 차종,피해운전자 성별,피해운전자 연령,피해운전자 상해정도
2013081600100131,2013년 8월 16일 09시,금요일,강원도 평창군 평창읍,경상사고,0,0,1,0,차대차 - 측면직각충돌,안전운전불이행,건조,맑음,단일로 - 기타,화물,남,44세,상해없음,건설기계,남,48세,경상
2013081600100132,2013년 8월 16일 09시,금요일,강원도 동해시 망상동,중상사고,0,1,0,0,차대차 - 기타,안전운전불이행,건조,맑음,단일로 - 기타,승용,남,52세,상해없음,승용,남,74세,중상
2013081600100172,2013년 8월 16일 10시,금요일,강원도 원주시 지정면,경상사고,0,0,1,0,차량단독 - 전도전복,안전운전불이행,건조,맑음,단일로 - 기타,원동기,남,57세,경상,,,,
2013081600100202,2013년 8월 16일 11시,금요일,강원도 원주시 태장동,경상사고,0,0,1,0,차대차 - 기타,신호위반,건조,맑음,교차로 - 교차로안,화물,남,41세,상해없음,승용,남,60세,경상
2013081600100238,2013년 8월 16일 12시,금요일,강원도 원주시 우산동,경상사고,0,0,5,0,차대차 - 추돌 - 진행중,안전거리미확보,건조,맑음,단일로 - 기타,승용,여,35세,경상,승용,남,31세,경상
2013081600100295,2013년 8월 16일 14시,금요일,강원도 원주시 문막읍,경상사고,0,0,1,0,차대차 - 추돌 - 진행중,직진우회전진행방해,건조,맑음,교차로 - 교차로안,승용,남,46세,상해없음,승용,여,41세,경상
2013081600100296,2013년 8월 16일 14시,금요일,강원도 원주시 단계동,경상사고,0,0,1,0,차대차 - 추돌 - 진행중,안전거리미확보,건조,맑음,단일로 - 기타,화물,여,61세,상해없음,화물,남,30세,경상
2013081600100297,2013년 8월 16일 14시,금요일,강원도 태백시 금천동,경상사고,0,0,1,0,차대차 - 정면충돌,중앙선침범,건조,맑음,교차로 - 교차로안,이륜,남,41세,상해없음,승용,남,53세,경상
2013081600100298,2013년 8월 16일 14시,금요일,강원도 철원군 동송읍,중상사고,0,3,1,0,차대차 - 측면직각충돌,교차로운행방법위반,건조,맑음,교차로 - 교차로안,화물,여,53세,중상,승용,남,39세,중상
2013081600100334,2013년 8월 16일 15시,금요일,강원도 원주시 단계동,중상사고,0,1,0,0,차대사람 - 차도통행중,안전운전불이행,건조,맑음,단일로 - 기타,승용,남,48세,상해없음,보행자,여,7세,중상
2013081600100335,2013년 8월 16일 15시,금요일,강원도 삼척시 도계읍,중상사고,0,1,5,0,차대차 - 추돌 - 진행중,안전운전불이행,건조,맑음,단일로 - 기타,승용,여,54세,중상,승용,남,44세,경상
2013081600100336,2013년 8월 16일 15시,금요일,강원도 고성군 토성면,경상사고,0,0,1,0,차대차 - 측면직각충돌,안전운전불이행,건조,맑음,단일로 - 기타,원동기,남,77세,경상,승용,남,46세,상해없음
2013081600100380,2013년 8월 16일 16시,금요일,강원도 강릉시 포남동,경상사고,0,0,1,0,차대차 - 기타,안전운전불이행,건조,맑음,교차로 - 교차로안,승용,남,76세,상해없음,승용,남,27세,경상
2013081600100460,2013년 8월 16일 18시,금요일,강원도 원주시 무실동,경상사고,0,0,5,0,차대차 - 추돌 - 진행중,안전거리미확보,건조,맑음,단일로 - 기타,승용,여,39세,상해없음,승용,여,45세,경상
2013081600100461,2013년 8월 16일 18시,금요일,강원도 속초시 교동,중상사고,0,1,0,0,차대사람 - 횡단중,안전운전불이행,건조,맑음,단일로 - 기타,승합,기타불명,기타불명,기타불명,보행자,여,83세,중상
2013081600100462,2013년 8월 16일 18시,금요일,강원도 홍천군 홍천읍,경상사고,0,0,2,0,차대차 - 기타,안전운전불이행,건조,흐림,교차로 - 교차로부근,승합,남,41세,상해없음,승용,여,37세,경상
2013081600100508,2013년 8월 16일 19시,금요일,강원도 영월군 상동읍,부상신고사고,0,0,0,1,차대사람 - 길가장자리구역통행중,안전운전불이행,건조,맑음,단일로 - 기타,기타불명,기타불명,기타불명,기타불명,보행자,여,52세,부상신고
2013081600100509,2013년 8월 16일 19시,금요일,강원도 동해시 동회동,중상사고,0,1,0,0,차대사람 - 횡단중,안전운전불이행,건조,맑음,단일로 - 기타,승용,남,30세,상해없음,보행자,여,67세,중상
2013081600100567,2013년 8월 16일 21시,금요일,강원도 춘천시 후평동,중상사고,0,1,0,0,차대사람 - 기타,안전운전불이행,건조,맑음,단일로 - 기타,승용,여,25세,상해없음,보행자,남,46세,중상
2013081600100568,2013년 8월 16일 21시,금요일,강원도 춘천시 신북읍,경상사고,0,0,3,0,차대차 - 측면직각충돌,안전운전불이행,건조,맑음,교차로 - 교차로안,승용,여,57세,상해없음,승용,남,29세,경상
2013081600100569,2013년 8월 16일 21시,금요일,강원도 강릉시 입암동,경상사고,0,0,1,0,차대차 - 추돌 - 진행중,안전운전불이행,건조,맑음,교차로 - 교차로안,승용,남,22세,상해없음,승용,남,22세,경상
2013081600100601,2013년 8월 16일 22시,금요일,강원도 원주시 개운동,경상사고,0,0,1,0,차대사람 - 횡단중,안전운전불이행,건조,맑음,교차로 - 교차로안,화물,남,31세,상해없음,보행자,남,19세,경상
2013081700100066,2013년 8월 17일 04시,토요일,강원도 양양군 강현면,경상사고,0,0,4,0,차대차 - 추돌 - 진행중,안전운전불이행,건조,맑음,교차로 - 교차로부근,승용,남,41세,상해없음,승용,남,19세,경상
2013081700100081,2013년 8월 17일 05시,토요일,강원도 강릉시 교동,경상사고,0,0,2,0,차대차 - 측면직각충돌,안전운전불이행,건조,맑음,교차로 - 교차로안,승용,남,73세,상해없음,승용,남,54세,경상
2013081700100096,2013년 8월 17일 06시,토요일,강원도 강릉시 옥천동,경상사고,0,0,1,0,차대사람 - 기타,안전운전불이행,건조,맑음,단일로 - 기타,기타불명,남,55세,상해없음,보행자,여,65세,경상
2013081700100110,2013년 8월 17일 07시,토요일,강원도 고성군 토성면,중상사고,0,2,1,0,차대차 - 추돌 - 진행중,안전운전불이행,건조,맑음,단일로 - 기타,화물,남,53세,상해없음,화물,남,39세,경상
2013081700100128,2013년 8월 17일 08시,토요일,강원도 원주시 지정면,중상사고,0,1,0,0,차대차 - 측면직각충돌,직진우회전진행방해,건조,맑음,교차로 - 교차로안,승합,남,46세,상해없음,승합,남,48세,중상
2013081700100151,2013년 8월 17일 09시,토요일,강원도 원주시 문막읍,경상사고,0,0,1,0,차대차 - 측면직각충돌,중앙선침범,건조,맑음,교차로 - 교차로안,승용,남,48세,상해없음,승용,남,40세,상해없음
2013081700100152,2013년 8월 17일 09시,토요일,강원도 삼척시 도경동,경상사고,0,0,2,0,차대차 - 측면직각충돌,신호위반,건조,맑음,교차로 - 교차로안,승합,남,70세,상해없음,승용,여,44세,경상
2013081700100212,2013년 8월 17일 11시,토요일,강원도 고성군 현내면,경상사고,0,0,1,0,차대차 - 정면충돌,중앙선침범,건조,맑음,단일로 - 기타,승용,여,27세,상해없음,승용,남,49세,경상
2013081700100213,2013년 8월 17일 11시,토요일,강원도 춘천시 동산면,중상사고,0,3,1,0,차대차 - 추돌 - 주정차중,기타,건조,맑음,단일로 - 기타,화물,남,56세,상해없음,승용,남,25세,경상
2013081700100238,2013년 8월 17일 12시,토요일,강원도 정선군 남면,중상사고,0,2,0,0,차대차 - 기타,중앙선침범,건조,맑음,단일로 - 기타,승합,남,76세,상해없음,승용,남,62세,중상
2013081700100239,2013년 8월 17일 12시,토요일,강원도 인제군 인제읍,중상사고,0,1,1,0,차대차 - 측면직각충돌,안전운전불이행,건조,맑음,교차로 - 교차로안,승용,남,42세,상해없음,승용,여,62세,중상
2013081700100240,2013년 8월 17일 12시,토요일,강원도 횡성군 둔내면,중상사고,0,2,7,0,차대차 - 추돌 - 주정차중,안전거리미확보,건조,맑음,단일로 - 터널,승용,남,23세,상해없음,승용,남,23세,경상
2013081700100276,2013년 8월 17일 13시,토요일,강원도 춘천시 석사동,중상사고,0,1,0,0,차대사람 - 횡단중,안전운전불이행,건조,맑음,단일로 - 기타,기타불명,기타불명,기타불명,기타불명,보행자,남,8세,중상
2013081700100277,2013년 8월 17일 13시,토요일,강원도 원주시 지정면,경상사고,0,0,1,0,차대차 - 추돌 - 주정차중,직진우회전진행방해,건조,맑음,교차로 - 교차로안,승용,남,60세,상해없음,화물,남,36세,경상
2013081700100304,2013년 8월 17일 14시,토요일,강원도 춘천시 효자동,경상사고,0,0,2,0,차대차 - 측면직각충돌,안전운전불이행,건조,맑음,교차로 - 교차로안,승용,여,33세,상해없음,승용,남,52세,경상
2013081700100305,2013년 8월 17일 14시,토요일,강원도 강릉시 교동,경상사고,0,0,2,0,차대차 - 기타,안전거리미확보,건조,맑음,단일로 - 기타,화물,남,23세,상해없음,승용,남,51세,경상
2013081700100306,2013년 8월 17일 14시,토요일,강원도 평창군 대화면,경상사고,0,0,2,0,차대차 - 측면직각충돌,중앙선침범,건조,맑음,교차로 - 교차로부근,승용,남,29세,상해없음,승용,여,53세,경상
2013081700100307,2013년 8월 17일 14시,토요일,강원도 평창군 평창읍,중상사고,0,2,3,0,차대차 - 측면직각충돌,신호위반,건조,맑음,교차로 - 교차로안,화물,남,50세,상해없음,승용,여,51세,경상
2013081700100338,2013년 8월 17일 15시,토요일,강원도 춘천시 남산면,경상사고,0,0,1,0,차대차 - 측면직각충돌,안전운전불이행,건조,맑음,단일로 - 기타,승용,여,69세,경상,화물,남,47세,상해없음
2013081700100339,2013년 8월 17일 15시,토요일,강원도 원주시 반곡동,경상사고,0,0,2,0,차대차 - 측면직각충돌,교차로운행방법위반,건조,맑음,교차로 - 교차로안,승용,남,33세,상해없음,승용,남,41세,경상
2013081700100375,2013년 8월 17일 16시,토요일,강원도 속초시 노학동,경상사고,0,0,8,0,차대차 - 추돌 - 주정차중,안전운전불이행,건조,맑음,단일로 - 기타,승용,남,48세,상해없음,승용,남,43세,경상
2013081700100376,2013년 8월 17일 16시,토요일,강원도 평창군 봉평면,중상사고,0,4,0,0,차대차 - 추돌 - 주정차중,안전운전불이행,건조,맑음,단일로 - 기타,승용,남,42세,중상,화물,남,54세,상해없음
2013081700100377,2013년 8월 17일 16시,토요일,강원도 동해시 송정동,경상사고,0,0,4,0,차대차 - 기타,신호위반,건조,맑음,교차로 - 교차로안,화물,남,61세,상해없음,승용,여,30세,경상
2013081700100404,2013년 8월 17일 17시,토요일,강원도 춘천시 신동면,중상사고,0,1,3,0,차대차 - 측면직각충돌,신호위반,건조,맑음,교차로 - 교차로안,승용,남,30세,상해없음,승용,남,38세,경상
2013081700100405,2013년 8월 17일 17시,토요일,강원도 원주시 단구동,경상사고,0,0,1,0,차대차 - 측면직각충돌,직진우회전진행방해,건조,맑음,교차로 - 교차로안,승용,남,33세,상해없음,자전거,남,8세,경상
2013081700100406,2013년 8월 17일 17시,토요일,강원도 태백시 황지동,경상사고,0,0,1,0,차대차 - 기타,교차로운행방법위반,건조,맑음,교차로 - 교차로안,승용,여,33세,상해없음,화물,남,56세,경상
2013081700100446,2013년 8월 17일 18시,토요일,강원도 강릉시 성산면,중상사고,0,4,1,0,차대차 - 기타,안전운전불이행,건조,맑음,단일로 - 기타,승용,남,20세,중상,승용,남,37세,상해없음
2013081700100473,2013년 8월 17일 19시,토요일,강원도 원주시 문막읍,경상사고,0,0,4,0,차대차 - 측면직각충돌,교차로운행방법위반,건조,맑음,교차로 - 교차로안,승용,남,53세,경상,승용,남,42세,경상
2013081700100474,2013년 8월 17일 19시,토요일,강원도 원주시 태장동,중상사고,0,1,0,0,차량단독 - 공작물충돌,안전운전불이행,건조,맑음,교차로 - 교차로안,승용,여,60세,중상,,,,
2013081700100475,2013년 8월 17일 19시,토요일,강원도 원주시 명륜동,경상사고,0,0,1,0,차대사람 - 횡단중,보행자보호의무위반,건조,맑음,교차로 - 교차로안,승용,여,45세,상해없음,보행자,여,42세,경상
2013081700100476,2013년 8월 17일 19시,토요일,강원도 속초시 영랑동,경상사고,0,0,1,0,차대차 - 측면직각충돌,안전거리미확보,건조,맑음,단일로 - 기타,승용,여,27세,상해없음,승용,여,62세,경상
2013081700100477,2013년 8월 17일 19시,토요일,강원도 영월군 주천면,경상사고,0,0,1,0,차대사람 - 횡단중,안전운전불이행,건조,맑음,단일로 - 기타,승용,남,67세,상해없음,보행자,남,9세,경상
2013081700100478,2013년 8월 17일 19시,토요일,강원도 고성군 죽왕면,경상사고,0,0,2,0,차대차 - 추돌 - 주정차중,안전운전불이행,건조,맑음,교차로 - 교차로부근,승용,남,52세,상해없음,승용,여,48세,경상
2013081700100512,2013년 8월 17일 20시,토요일,강원도 춘천시 석사동,중상사고,0,1,0,0,차대차 - 측면직각충돌,신호위반,건조,맑음,교차로 - 교차로안,승용,여,42세,상해없음,승용,남,61세,중상
2013081700100513,2013년 8월 17일 20시,토요일,강원도 양구군 양구읍,중상사고,0,1,0,0,차대차 - 추돌 - 진행중,과속,건조,맑음,단일로 - 기타,승용,남,23세,상해없음,자전거,남,24세,중상
2013081700100538,2013년 8월 17일 21시,토요일,강원도 원주시 명륜동,경상사고,0,0,2,0,차대차 - 추돌 - 진행중,차로위반,건조,맑음,단일로 - 기타,승용,남,46세,상해없음,승용,남,23세,경상
2013081700100598,2013년 8월 17일 23시,토요일,강원도 춘천시 후평동,경상사고,0,0,2,0,차대차 - 측면직각충돌,기타,건조,맑음,교차로 - 교차로안,승용,남,42세,상해없음,승용,여,51세,경상
2013081800100013,2013년 8월 18일 00시,일요일,강원도 홍천군 홍천읍,중상사고,0,1,0,0,차대차 - 측면직각충돌,직진우회전진행방해,건조,맑음,교차로 - 교차로안,승용,남,31세,상해없음,원동기,남,29세,중상
2013081800100014,2013년 8월 18일 00시,일요일,강원도 동해시 발한동,경상사고,0,0,2,0,차대차 - 측면직각충돌,교차로운행방법위반,건조,맑음,교차로 - 교차로안,승용,남,24세,상해없음,승용,남,45세,경상
2013081800100035,2013년 8월 18일 01시,일요일,강원도 원주시 단구동,경상사고,0,0,1,0,차대사람 - 길가장자리구역통행중,안전운전불이행,건조,맑음,단일로 - 기타,승용,남,24세,상해없음,보행자,남,32세,경상
2013081800100051,2013년 8월 18일 02시,일요일,강원도 강릉시 안현동,경상사고,0,0,1,0,차대사람 - 보도통행중,안전운전불이행,기타,기타,단일로 - 기타,승용,남,21세,상해없음,보행자,남,17세,경상
2013081800100052,2013년 8월 18일 02시,일요일,강원도 양양군 현북면,중상사고,0,1,0,0,차대사람 - 기타,안전운전불이행,건조,맑음,단일로 - 기타,승용,남,23세,기타불명,보행자,남,27세,중상
2013081800100080,2013년 8월 18일 04시,일요일,강원도 원주시 단구동,중상사고,0,1,0,0,차대사람 - 횡단중,안전운전불이행,건조,맑음,단일로 - 기타,승용,남,23세,상해없음,보행자,남,54세,중상
2013081800100081,2013년 8월 18일 04시,일요일,강원도 고성군 토성면,경상사고,0,0,5,0,차대차 - 추돌 - 주정차중,안전운전불이행,건조,맑음,교차로 - 교차로부근,승용,여,36세,상해없음,승용,남,39세,경상
2013081800100165,2013년 8월 18일 11시,일요일,강원도 홍천군 두촌면,경상사고,0,0,4,0,차대차 - 기타,안전운전불이행,건조,흐림,기타 - 기타,승용,남,47세,상해없음,승용,여,42세,경상
2013081800100166,2013년 8월 18일 11시,일요일,강원도 평창군 봉평면,중상사고,0,1,1,0,차대차 - 측면직각충돌,안전운전불이행,건조,맑음,교차로 - 교차로안,승용,남,22세,상해없음,승용,남,30세,중상
2013081800100183,2013년 8월 18일 12시,일요일,강원도 춘천시 근화동,경상사고,0,0,1,0,차대차 - 측면직각충돌,안전운전불이행,건조,맑음,단일로 - 기타,승용,남,48세,상해없음,원동기,남,59세,경상
2013081800100184,2013년 8월 18일 12시,일요일,강원도 원주시 문막읍,경상사고,0,0,1,0,차대차 - 추돌 - 진행중,안전거리미확보,건조,흐림,단일로 - 기타,승용,남,56세,상해없음,이륜,남,19세,경상
2013081800100206,2013년 8월 18일 13시,일요일,강원도 춘천시 우두동,경상사고,0,0,1,0,차대차 - 측면직각충돌,안전거리미확보,건조,맑음,단일로 - 기타,승용,남,32세,상해없음,승합,남,55세,상해없음
2013081800100207,2013년 8월 18일 13시,일요일,강원도 영월군 주천면,중상사고,0,3,0,0,차량단독 - 도로외이탈 - 기타,기타,건조,맑음,단일로 - 기타,승용,여,23세,중상,,,,
2013081800100230,2013년 8월 18일 14시,일요일,강원도 영월군 영월읍,중상사고,0,1,0,0,차대차 - 측면직각충돌,교차로운행방법위반,건조,맑음,교차로 - 교차로안,승용,남,53세,상해없음,자전거,남,76세,중상
2013081800100231,2013년 8월 18일 14시,일요일,강원도 영월군 영월읍,부상신고사고,0,0,0,1,차대차 - 기타,안전운전불이행,건조,맑음,단일로 - 기타,원동기,남,16세,상해없음,승합,남,47세,상해없음
2013081800100232,2013년 8월 18일 14시,일요일,강원도 동해시 이도동,경상사고,0,0,4,0,차대차 - 추돌 - 주정차중,안전운전불이행,건조,맑음,단일로 - 기타,승용,여,45세,상해없음,승합,남,34세,경상
2013081800100233,2013년 8월 18일 14시,일요일,강원도 횡성군 공근면,사망사고,1,2,0,0,차대차 - 추돌 - 주정차중,안전운전불이행,건조,맑음,단일로 - 기타,승용,여,35세,상해없음,승용,남,26세,사망
2013081800100264,2013년 8월 18일 15시,일요일,강원도 속초시 청호동,경상사고,0,0,1,0,차대차 - 추돌 - 진행중,신호위반,건조,맑음,교차로 - 교차로부근,기타불명,기타불명,기타불명,기타불명,승용,남,41세,상해없음
2013081800100287,2013년 8월 18일 16시,일요일,강원도 원주시 중앙동,경상사고,0,0,3,0,차대차 - 추돌 - 주정차중,안전운전불이행,습기,비,단일로 - 기타,승용,남,49세,상해없음,승용,남,51세,경상
2013081800100317,2013년 8월 18일 17시,일요일,강원도 인제군 인제읍,부상신고사고,0,0,0,1,차대사람 - 횡단중,보행자보호의무위반,건조,맑음,단일로 - 기타,화물,남,25세,상해없음,보행자,남,24세,부상신고
2013081800100318,2013년 8월 18일 17시,일요일,강원도 동해시 단봉동,중상사고,0,1,1,0,차대차 - 기타,안전거리미확보,건조,맑음,단일로 - 기타,화물,여,39세,상해없음,승용,남,64세,경상
2013081800100341,2013년 8월 18일 18시,일요일,강원도 춘천시 남산면,경상사고,0,0,3,0,차대차 - 측면직각충돌,중앙선침범,건조,맑음,단일로 - 기타,승용,남,31세,상해없음,승용,남,32세,경상
2013081800100359,2013년 8월 18일 19시,일요일,강원도 인제군 북면,중상사고,0,1,0,0,차량단독 - 공작물충돌,안전운전불이행,건조,맑음,단일로 - 기타,승합,여,49세,상해없음,,,,
2013081800100417,2013년 8월 18일 21시,일요일,강원도 강릉시 포남동,경상사고,0,0,2,0,차대차 - 추돌 - 진행중,안전거리미확보,건조,맑음,단일로 - 기타,이륜,남,27세,상해없음,승용,남,29세,경상
2013081800100442,2013년 8월 18일 22시,일요일,강원도 춘천시 퇴계동,경상사고,0,0,4,0,차대차 - 측면직각충돌,교차로운행방법위반,습기,비,교차로 - 교차로안,승용,남,33세,상해없음,승용,남,42세,경상
2013081800100443,2013년 8월 18일 22시,일요일,강원도 춘천시 석사동,중상사고,0,1,0,0,차대차 - 추돌 - 진행중,안전거리미확보,습기,비,단일로 - 기타,승용,남,40세,상해없음,원동기,남,33세,중상
2013081900100031,2013년 8월 19일 02시,월요일,강원도 춘천시 효자동,경상사고,0,0,1,0,차대차 - 기타,안전운전불이행,습기,비,단일로 - 기타,기타불명,기타불명,기타불명,기타불명,승용,남,43세,경상
2013081900100065,2013년 8월 19일 06시,월요일,강원도 동해시 효가동,경상사고,0,0,1,0,차대사람 - 기타,안전운전불이행,건조,맑음,단일로 - 기타,화물,남,40세,상해없음,보행자,남,49세,경상
2013081900100121,2013년 8월 19일 08시,월요일,강원도 원주시 행구동,중상사고,0,1,1,0,차대차 - 측면직각충돌,안전운전불이행,건조,맑음,교차로 - 교차로안,승용,남,64세,상해없음,승용,남,48세,경상
2013081900100156,2013년 8월 19일 09시,월요일,강원도 강릉시 난곡동,부상신고사고,0,0,0,1,차대차 - 측면직각충돌,안전운전불이행,건조,맑음,교차로 - 교차로안,승용,남,19세,상해없음,승용,남,64세,부상신고
2013081900100157,2013년 8월 19일 09시,월요일,강원도 화천군 상서면,경상사고,0,0,1,0,차대차 - 측면직각충돌,기타,건조,맑음,단일로 - 기타,승용,남,44세,상해없음,승용,남,40세,경상
2013081900100218,2013년 8월 19일 11시,월요일,강원도 횡성군 횡성읍,중상사고,0,1,0,0,차대사람 - 기타,안전운전불이행,건조,맑음,단일로 - 터널,기타불명,기타불명,기타불명,기타불명,보행자,남,73세,중상
2013081900100277,2013년 8월 19일 13시,월요일,강원도 원주시 무실동,중상사고,0,1,0,0,차대차 - 측면직각충돌,직진우회전진행방해,건조,맑음,교차로 - 교차로안,승용,남,34세,상해없음,원동기,남,51세,중상
2013081900100316,2013년 8월 19일 14시,월요일,강원도 춘천시 동면,경상사고,0,0,3,0,차대차 - 측면직각충돌,안전거리미확보,건조,맑음,교차로 - 교차로부근,승용,여,56세,상해없음,화물,남,56세,경상
2013081900100317,2013년 8월 19일 14시,월요일,강원도 강릉시 교동,경상사고,0,0,1,0,차대차 - 측면직각충돌,안전운전불이행,건조,맑음,단일로 - 기타,승용,여,40세,상해없음,이륜,남,69세,경상
2013081900100318,2013년 8월 19일 14시,월요일,강원도 속초시 조양동,부상신고사고,0,0,0,1,차대차 - 측면직각충돌,교차로운행방법위반,건조,맑음,교차로 - 교차로안,승용,남,61세,상해없음,승용,남,42세,상해없음
2013081900100358,2013년 8월 19일 15시,월요일,강원도 양양군 현남면,중상사고,0,1,3,0,차대차 - 측면직각충돌,신호위반,건조,맑음,교차로 - 교차로안,승용,남,61세,상해없음,승용,남,52세,경상
2013081900100359,2013년 8월 19일 15시,월요일,강원도 평창군 대관령면,경상사고,0,0,3,0,차대차 - 측면직각충돌,안전운전불이행,건조,맑음,단일로 - 기타,승용,여,28세,경상,승용,남,26세,경상
2013081900100384,2013년 8월 19일 16시,월요일,강원도 춘천시 온의동,경상사고,0,0,1,0,차대사람 - 기타,안전운전불이행,건조,맑음,기타 - 기타,자전거,남,13세,상해없음,보행자,남,66세,경상
2013081900100385,2013년 8월 19일 16시,월요일,강원도 강릉시 연곡면,경상사고,0,0,5,0,차대차 - 기타,기타,건조,맑음,교차로 - 교차로안,승용,남,54세,상해없음,승용,여,52세,경상
2013081900100386,2013년 8월 19일 16시,월요일,강원도 강릉시 교동,경상사고,0,0,2,0,차대차 - 측면직각충돌,안전운전불이행,기타,기타,단일로 - 기타,승용,남,52세,상해없음,화물,남,37세,상해없음
2013081900100387,2013년 8월 19일 16시,월요일,강원도 원주시 개운동,경상사고,0,0,1,0,차대차 - 측면직각충돌,안전운전불이행,건조,맑음,단일로 - 기타,화물,남,50세,상해없음,이륜,남,56세,경상
2013081900100388,2013년 8월 19일 16시,월요일,강원도 평창군 방림면,경상사고,0,0,2,0,차대차 - 추돌 - 진행중,안전운전불이행,건조,맑음,단일로 - 기타,승용,남,26세,상해없음,승합,남,54세,경상
2013081900100459,2013년 8월 19일 18시,월요일,강원도 속초시 영랑동,중상사고,0,2,0,0,차대차 - 측면직각충돌,교차로운행방법위반,건조,맑음,교차로 - 교차로부근,승용,남,27세,상해없음,이륜,남,50세,중상
2013081900100460,2013년 8월 19일 18시,월요일,강원도 속초시 조양동,경상사고,0,0,2,0,차대사람 - 횡단중,보행자보호의무위반,건조,맑음,단일로 - 횡단보도상,승용,남,42세,상해없음,보행자,남,15세,경상
2013081900100508,2013년 8월 19일 19시,월요일,강원도 강릉시 송정동,경상사고,0,0,2,0,차대차 - 기타,안전운전불이행,건조,맑음,단일로 - 기타,농기계,남,73세,상해없음,승용,여,32세,경상
2013081900100509,2013년 8월 19일 19시,월요일,강원도 삼척시 근덕면,중상사고,0,1,0,0,차대차 - 측면직각충돌,안전운전불이행,건조,맑음,교차로 - 교차로안,승용,남,30세,상해없음,원동기,남,70세,중상
2013081900100548,2013년 8월 19일 20시,월요일,강원도 원주시 명륜동,중상사고,0,1,1,0,차대사람 - 보도통행중,보행자보호의무위반,건조,맑음,교차로 - 교차로부근,승용,남,28세,상해없음,보행자,남,45세,중상
2013081900100591,2013년 8월 19일 21시,월요일,강원도 원주시 일산동,경상사고,0,0,1,0,차대차 - 측면직각충돌,교차로운행방법위반,건조,맑음,교차로 - 교차로안,승용,남,42세,상해없음,승용,남,27세,경상
2013081900100592,2013년 8월 19일 21시,월요일,강원도 원주시 일산동,경상사고,0,0,3,0,차대차 - 측면직각충돌,안전운전불이행,건조,맑음,단일로 - 기타,승용,남,56세,상해없음,승용,남,60세,경상
2013081900100622,2013년 8월 19일 22시,월요일,강원도 강릉시 내곡동,중상사고,0,1,0,0,차대차 - 기타,신호위반,건조,맑음,교차로 - 교차로안,승용,남,33세,상해없음,승용,남,24세,상해없음
2013082000100025,2013년 8월 20일 01시,화요일,강원도 춘천시 퇴계동,경상사고,0,0,1,0,차대차 - 측면직각충돌,안전운전불이행,건조,맑음,교차로 - 교차로안,승용,남,37세,상해없음,승용,여,56세,상해없음
2013082000100036,2013년 8월 20일 02시,화요일,강원도 춘천시 사북면,경상사고,0,0,1,0,차량단독 - 공작물충돌,안전운전불이행,건조,맑음,단일로 - 기타,화물,남,44세,경상,,,,
2013082000100062,2013년 8월 20일 06시,화요일,강원도 영월군 김삿갓면,중상사고,0,1,0,0,차대차 - 측면직각충돌,교차로운행방법위반,건조,맑음,교차로 - 교차로안,승합,남,48세,상해없음,화물,남,44세,중상
2013082000100080,2013년 8월 20일 07시,화요일,강원도 원주시 단구동,경상사고,0,0,2,0,차대차 - 정면충돌,안전운전불이행,건조,맑음,교차로 - 교차로부근,승용,남,31세,기타불명,승용,남,52세,경상
2013082000100108,2013년 8월 20일 08시,화요일,강원도 춘천시 후평동,경상사고,0,0,1,0,차대사람 - 기타,안전운전불이행,건조,맑음,교차로 - 교차로부근,승용,여,43세,기타불명,보행자,여,13세,경상
2013082000100135,2013년 8월 20일 09시,화요일,강원도 속초시 조양동,경상사고,0,0,1,0,차대차 - 측면직각충돌,신호위반,건조,맑음,교차로 - 교차로안,화물,남,70세,상해없음,원동기,남,29세,경상
2013082000100136,2013년 8월 20일 09시,화요일,강원도 영월군 영월읍,중상사고,0,2,1,1,차대사람 - 기타,중앙선침범,건조,맑음,단일로 - 기타,승용,여,59세,상해없음,보행자,여,52세,중상
2013082000100166,2013년 8월 20일 10시,화요일,강원도 양양군 현남면,경상사고,0,0,1,0,차대차 - 측면직각충돌,안전운전불이행,건조,맑음,단일로 - 기타,승용,여,57세,상해없음,화물,남,59세,상해없음
2013082000100167,2013년 8월 20일 10시,화요일,강원도 영월군 남면,경상사고,0,0,2,0,차대차 - 추돌 - 진행중,안전운전불이행,건조,맑음,단일로 - 터널,화물,남,61세,상해없음,승용,여,49세,경상
2013082000100202,2013년 8월 20일 11시,화요일,강원도 춘천시 서면,중상사고,0,1,0,0,차대차 - 기타,안전운전불이행,건조,맑음,단일로 - 기타,특수,남,41세,상해없음,원동기,남,19세,중상
2013082000100203,2013년 8월 20일 11시,화요일,강원도 원주시 단구동,경상사고,0,0,1,0,차대차 - 측면직각충돌,신호위반,건조,맑음,교차로 - 교차로안,화물,남,45세,상해없음,승용,여,53세,경상
2013082000100204,2013년 8월 20일 11시,화요일,강원도 철원군 갈말읍,중상사고,0,1,0,0,차대차 - 측면직각충돌,안전운전불이행,건조,맑음,교차로 - 교차로안,건설기계,남,57세,상해없음,승용,여,65세,중상
2013082000100205,2013년 8월 20일 11시,화요일,강원도 동해시 천곡동,중상사고,0,1,3,0,차대차 - 측면직각충돌,안전운전불이행,건조,맑음,교차로 - 교차로안,승용,여,52세,상해없음,건설기계,남,42세,상해없음