사고번호,사고일시,요일,시군구,사고내용,사망자수,중상자수,경상자수,부상신고자수,사고유형,법규위반,노면상태,기상상태,도로형태,가해운전자 차종,가해운전자 성별,가해운전자 연령,가해운전자 상해정도,피해운전자 차종,피해운전자 성별,피해운전자 연령,피해운전자 상해정도
2013091500100547,2013년 9월 15일 23시,일요일,강원도 원주시 태장동,경상사고,0,0,1,0,차대차 - 기타,안전운전불이행,건조,맑음,교차로 - 교차로부근,승용,남,71세,상해없음,원동기,남,27세,경상
2013091500100548,2013년 9월 15일 23시,일요일,강원도 속초시 조양동,경상사고,0,0,1,0,차대사람 - 기타,안전운전불이행,건조,맑음,교차로 - 교차로안,승용,남,26세,상해없음,보행자,남,45세,경상
2013091600100027,2013년 9월 16일 02시,월요일,강원도 강릉시 옥천동,경상사고,0,0,1,0,차대차 - 추돌 - 진행중,안전운전불이행,건조,맑음,교차로 - 교차로부근,승용,남,24세,상해없음,승용,남,30세,경상
2013091600100045,2013년 9월 16일 04시,월요일,강원도 강릉시 주문진읍,경상사고,0,0,1,0,차대차 - 측면직각충돌,안전운전불이행,건조,맑음,교차로 - 교차로부근,승용,남,50세,상해없음,자전거,남,74세,경상
2013091600100071,2013년 9월 16일 06시,월요일,강원도 인제군 북면,경상사고,0,0,1,0,차대사람 - 기타,안전운전불이행,건조,맑음,단일로 - 기타,승용,남,61세,상해없음,보행자,남,61세,경상
2013091600100098,2013년 9월 16일 07시,월요일,강원도 춘천시 동면,경상사고,0,0,1,0,차대사람 - 보도통행중,보행자보호의무위반,건조,맑음,단일로 - 횡단보도상,승용,여,63세,상해없음,보행자,여,15세,경상
2013091600100144,2013년 9월 16일 08시,월요일,강원도 춘천시 서면,중상사고,0,1,0,0,차대사람 - 횡단중,안전운전불이행,건조,맑음,교차로 - 교차로안,승용,남,23세,상해없음,보행자,여,75세,중상
2013091600100145,2013년 9월 16일 08시,월요일,강원도 속초시 교동,경상사고,0,0,2,0,차대차 - 추돌 - 주정차중,안전운전불이행,건조,맑음,단일로 - 기타,승용,여,36세,상해없음,승용,남,44세,경상
2013091600100190,2013년 9월 16일 09시,월요일,강원도 춘천시 온의동,부상신고사고,0,0,0,1,차대사람 - 횡단중,안전운전불이행,건조,맑음,단일로 - 기타,승용,남,76세,상해없음,보행자,남,79세,부상신고
2013091600100232,2013년 9월 16일 10시,월요일,강원도 춘천시 온의동,경상사고,0,0,2,0,차대차 - 추돌 - 진행중,안전거리미확보,건조,맑음,단일로 - 기타,화물,남,74세,상해없음,승용,남,26세,경상
2013091600100234,2013년 9월 16일 10시,월요일,강원도 원주시 단구동,경상사고,0,0,1,0,차대차 - 측면직각충돌,교차로운행방법위반,건조,맑음,교차로 - 교차로안,승용,남,72세,상해없음,승용,여,50세,경상
2013091600100273,2013년 9월 16일 11시,월요일,강원도 속초시 대포동,중상사고,0,1,2,0,차대차 - 측면직각충돌,직진우회전진행방해,습기,맑음,교차로 - 교차로안,승용,남,52세,상해없음,화물,남,42세,중상
2013091600100274,2013년 9월 16일 11시,월요일,강원도 철원군 동송읍,중상사고,0,1,0,0,차대차 - 추돌 - 진행중,안전운전불이행,건조,맑음,단일로 - 기타,승용,남,38세,상해없음,승용,여,45세,중상
2013091600100336,2013년 9월 16일 13시,월요일,강원도 강릉시 교동,경상사고,0,0,2,0,차대차 - 추돌 - 진행중,안전운전불이행,건조,맑음,교차로 - 교차로부근,승용,남,59세,상해없음,승용,남,39세,경상
2013091600100337,2013년 9월 16일 13시,월요일,강원도 동해시 천곡동,경상사고,0,0,1,0,차대차 - 추돌 - 진행중,안전거리미확보,건조,맑음,단일로 - 기타,화물,남,53세,상해없음,승용,남,26세,경상
2013091600100373,2013년 9월 16일 14시,월요일,강원도 춘천시 석사동,경상사고,0,0,1,0,차대차 - 측면직각충돌,안전운전불이행,건조,맑음,기타 - 기타,승용,남,43세,상해없음,승용,남,31세,경상
2013091600100374,2013년 9월 16일 14시,월요일,강원도 강릉시 포남동,경상사고,0,0,1,0,차대차 - 추돌 - 주정차중,안전운전불이행,건조,맑음,교차로 - 교차로안,승용,여,37세,상해없음,승용,남,57세,경상
2013091600100375,2013년 9월 16일 14시,월요일,강원도 원주시 신림면,경상사고,0,0,1,0,차대차 - 기타,중앙선침범,건조,맑음,단일로 - 기타,승용,남,71세,상해없음,화물,남,44세,경상
2013091600100376,2013년 9월 16일 14시,월요일,강원도 원주시 일산동,경상사고,0,0,1,0,차대차 - 측면직각충돌,교차로운행방법위반,건조,맑음,교차로 - 교차로안,이륜,남,54세,경상,화물,남,34세,상해없음
2013091600100412,2013년 9월 16일 15시,월요일,강원도 춘천시 후평동,사망사고,1,0,0,0,차량단독 - 공작물충돌,안전운전불이행,건조,맑음,단일로 - 기타,승용,여,69세,사망,,,,
2013091600100544,2013년 9월 16일 18시,월요일,강원도 춘천시 동면,경상사고,0,0,1,0,차대차 - 측면직각충돌,신호위반,건조,맑음,교차로 - 교차로안,승용,여,49세,상해없음,승용,여,49세,경상
2013091600100545,2013년 9월 16일 18시,월요일,강원도 강릉시 노암동,경상사고,0,0,1,0,차대차 - 추돌 - 주정차중,안전운전불이행,건조,맑음,단일로 - 기타,승용,여,49세,상해없음,승용,여,27세,경상
2013091600100590,2013년 9월 16일 19시,월요일,강원도 원주시 단구동,중상사고,0,1,0,0,차대차 - 측면직각충돌,교차로운행방법위반,건조,맑음,교차로 - 교차로안,승용,남,59세,상해없음,승용,남,29세,중상
2013091600100591,2013년 9월 16일 19시,월요일,강원도 삼척시 교동,중상사고,0,1,0,0,차대사람 - 횡단중,보행자보호의무위반,건조,맑음,단일로 - 기타,승용,남,42세,상해없음,보행자,남,42세,중상
2013091600100647,2013년 9월 16일 20시,월요일,강원도 원주시 단계동,경상사고,0,0,2,0,차대차 - 측면직각충돌,안전운전불이행,건조,맑음,단일로 - 기타,승용,여,55세,상해없음,승용,여,40세,경상
2013091600100677,2013년 9월 16일 21시,월요일,강원도 강릉시 교동,경상사고,0,0,2,0,차대차 - 기타,안전운전불이행,건조,맑음,단일로 - 기타,승용,남,20세,상해없음,승용,남,49세,경상
2013091600100709,2013년 9월 16일 22시,월요일,강원도 원주시 문막읍,중상사고,0,1,0,0,차대차 - 측면직각충돌,신호위반,건조,맑음,교차로 - 교차로안,승용,남,52세,상해없음,원동기,남,18세,중상
2013091600100741,2013년 9월 16일 23시,월요일,강원도 원주시 단계동,중상사고,0,2,0,0,차대차 - 측면직각충돌,교차로운행방법위반,건조,맑음,교차로 - 교차로안,승용,남,43세,상해없음,원동기,남,18세,중상
2013091700100011,2013년 9월 17일 00시,화요일,강원도 원주시 단구동,경상사고,0,0,1,0,차대차 - 측면직각충돌,신호위반,건조,맑음,교차로 - 교차로안,승용,남,35세,경상,승용,남,61세,상해없음
2013091700100046,2013년 9월 17일 02시,화요일,강원도 원주시 단구동,경상사고,0,0,1,0,차대차 - 측면직각충돌,교차로운행방법위반,건조,맑음,교차로 - 교차로안,원동기,남,16세,상해없음,승용,남,36세,경상
2013091700100100,2013년 9월 17일 07시,화요일,강원도 강릉시 사천면,사망사고,1,0,0,0,차량단독 - 공작물충돌,안전운전불이행,건조,맑음,단일로 - 기타,승용,남,22세,사망,,,,
2013091700100101,2013년 9월 17일 07시,화요일,강원도 속초시 동명동,중상사고,0,2,1,0,차대차 - 측면직각충돌,중앙선침범,건조,맑음,단일로 - 기타,승용,남,73세,상해없음,승합,남,51세,중상
2013091700100102,2013년 9월 17일 07시,화요일,강원도 삼척시 미로면,경상사고,0,0,1,0,차대차 - 정면충돌,중앙선침범,건조,맑음,단일로 - 기타,건설기계,남,31세,상해없음,승용,여,50세,경상
2013091700100133,2013년 9월 17일 08시,화요일,강원도 속초시 영랑동,경상사고,0,0,1,0,차대사람 - 보도통행중,안전운전불이행,건조,맑음,단일로 - 기타,승용,남,60세,상해없음,보행자,남,57세,경상
2013091700100215,2013년 9월 17일 10시,화요일,강원도 횡성군 횡성읍,경상사고,0,0,1,0,차대차 - 기타,중앙선침범,건조,맑음,단일로 - 기타,승용,여,64세,상해없음,승용,남,34세,경상
2013091700100277,2013년 9월 17일 12시,화요일,강원도 춘천시 온의동,경상사고,0,0,2,2,차대차 - 추돌 - 주정차중,안전거리미확보,건조,맑음,단일로 - 기타,승용,여,25세,경상,승용,여,45세,상해없음
2013091700100278,2013년 9월 17일 12시,화요일,강원도 강릉시 교동,경상사고,0,0,1,0,차대차 - 측면직각충돌,안전운전불이행,건조,맑음,단일로 - 기타,승용,여,60세,상해없음,이륜,남,33세,경상
2013091700100279,2013년 9월 17일 12시,화요일,강원도 원주시 봉산동,경상사고,0,0,1,0,차대차 - 측면직각충돌,안전거리미확보,건조,맑음,단일로 - 기타,원동기,남,17세,상해없음,승용,남,44세,경상
2013091700100280,2013년 9월 17일 12시,화요일,강원도 속초시 청학동,경상사고,0,0,1,0,차대차 - 추돌 - 진행중,교차로운행방법위반,건조,맑음,교차로 - 교차로안,승용,남,56세,상해없음,승용,남,28세,경상
2013091700100345,2013년 9월 17일 14시,화요일,강원도 원주시 단계동,경상사고,0,0,1,0,차대차 - 기타,직진우회전진행방해,건조,맑음,교차로 - 교차로안,승용,남,49세,상해없음,원동기,남,68세,경상
2013091700100346,2013년 9월 17일 14시,화요일,강원도 속초시 금호동,중상사고,0,1,0,0,차대사람 - 길가장자리구역통행중,안전운전불이행,건조,맑음,단일로 - 기타,승용,여,72세,기타불명,보행자,남,58세,중상
2013091700100386,2013년 9월 17일 15시,화요일,강원도 춘천시 퇴계동,경상사고,0,0,1,0,차대차 - 추돌 - 주정차중,기타,건조,맑음,교차로 - 교차로안,승합,남,55세,상해없음,승용,여,27세,경상
2013091700100387,2013년 9월 17일 15시,화요일,강원도 삼척시 교동,경상사고,0,0,1,0,차대차 - 기타,중앙선침범,건조,맑음,단일로 - 기타,승용,여,30세,상해없음,원동기,남,71세,경상
2013091700100433,2013년 9월 17일 16시,화요일,강원도 원주시 우산동,중상사고,0,1,0,0,차대사람 - 횡단중,안전운전불이행,건조,맑음,교차로 - 교차로안,승용,남,52세,상해없음,보행자,남,81세,중상
2013091700100434,2013년 9월 17일 16시,화요일,강원도 홍천군 화촌면,중상사고,0,1,1,0,차대차 - 기타,안전운전불이행,건조,맑음,단일로 - 기타,화물,남,61세,상해없음,승합,남,49세,상해없음
2013091700100490,2013년 9월 17일 17시,화요일,강원도 강릉시 금학동,경상사고,0,0,2,0,차대차 - 추돌 - 진행중,안전거리미확보,건조,맑음,교차로 - 교차로부근,승용,여,28세,상해없음,승용,남,32세,경상
2013091700100491,2013년 9월 17일 17시,화요일,강원도 원주시 반곡동,중상사고,0,1,1,0,차대차 - 추돌 - 주정차중,안전거리미확보,건조,맑음,교차로 - 교차로부근,화물,남,42세,상해없음,승용,남,52세,중상
2013091700100492,2013년 9월 17일 17시,화요일,강원도 원주시 봉산동,중상사고,0,1,0,0,차대차 - 기타,교차로운행방법위반,건조,맑음,교차로 - 교차로안,승용,여,66세,상해없음,자전거,남,17세,중상
2013091700100493,2013년 9월 17일 17시,화요일,강원도 원주시 학성동,경상사고,0,0,2,0,차대차 - 추돌 - 진행중,불법유턴,건조,맑음,교차로 - 교차로안,승용,남,32세,상해없음,승용,남,43세,경상
2013091700100494,2013년 9월 17일 17시,화요일,강원도 속초시 조양동,중상사고,0,1,1,0,차대차 - 추돌 - 주정차중,안전운전불이행,건조,맑음,교차로 - 교차로부근,화물,남,24세,상해없음,화물,남,51세,중상
2013091700100495,2013년 9월 17일 17시,화요일,강원도 평창군 진부면,중상사고,0,4,1,0,차대차 - 기타,안전운전불이행,건조,맑음,단일로 - 터널,승용,여,46세,상해없음,승용,남,35세,중상
2013091700100540,2013년 9월 17일 18시,화요일,강원도 원주시 단구동,중상사고,0,1,0,0,차대사람 - 보도통행중,안전운전불이행,건조,맑음,단일로 - 횡단보도상,승용,남,40세,상해없음,보행자,여,60세,중상
2013091700100541,2013년 9월 17일 18시,화요일,강원도 삼척시 오분동,경상사고,0,0,1,0,차대차 - 추돌 - 진행중,안전거리미확보,건조,맑음,교차로 - 교차로부근,승용,남,19세,상해없음,승용,남,71세,경상
2013091700100591,2013년 9월 17일 19시,화요일,강원도 원주시 단계동,중상사고,0,1,0,0,차대사람 - 횡단중,안전운전불이행,건조,맑음,단일로 - 기타,화물,남,45세,상해없음,보행자,남,56세,중상
2013091700100592,2013년 9월 17일 19시,화요일,강원도 원주시 학성동,경상사고,0,0,3,0,차대차 - 측면직각충돌,신호위반,건조,맑음,교차로 - 교차로안,승용,남,52세,상해없음,승용,남,33세,경상
2013091700100593,2013년 9월 17일 19시,화요일,강원도 속초시 교동,중상사고,0,1,2,0,차대차 - 추돌 - 주정차중,안전운전불이행,건조,맑음,단일로 - 기타,화물,남,54세,상해없음,승용,남,42세,중상
2013091700100654,2013년 9월 17일 20시,화요일,강원도 원주시 단구동,경상사고,0,0,1,0,차대차 - 추돌 - 진행중,안전거리미확보,건조,맑음,단일로 - 기타,화물,남,35세,상해없음,승용,남,45세,경상
2013091700100655,2013년 9월 17일 20시,화요일,강원도 횡성군 횡성읍,경상사고,0,0,1,0,차대차 - 추돌 - 주정차중,기타,건조,맑음,단일로 - 기타,승용,남,48세,상해없음,승용,남,32세,경상
2013091700100685,2013년 9월 17일 21시,화요일,강원도 춘천시 운교동,경상사고,0,0,1,0,차대차 - 측면직각충돌,안전운전불이행,건조,맑음,교차로 - 교차로부근,승용,남,26세,상해없음,승용,남,64세,경상
2013091700100686,2013년 9월 17일 21시,화요일,강원도 원주시 단계동,중상사고,0,1,3,0,차대차 - 기타,신호위반,건조,맑음,교차로 - 교차로안,승용,여,29세,상해없음,승용,남,51세,경상
2013091700100719,2013년 9월 17일 22시,화요일,강원도 강릉시 교동,경상사고,0,0,2,0,차대차 - 추돌 - 주정차중,안전운전불이행,건조,맑음,교차로 - 교차로부근,승용,여,38세,기타불명,승용,남,66세,경상
2013091700100720,2013년 9월 17일 22시,화요일,강원도 원주시 태장동,중상사고,0,1,0,0,차대사람 - 길가장자리구역통행중,안전운전불이행,건조,맑음,기타 - 기타,승용,여,41세,상해없음,보행자,여,52세,중상
2013091700100744,2013년 9월 17일 23시,화요일,강원도 원주시 단계동,경상사고,0,0,1,0,차대차 - 측면직각충돌,신호위반,건조,맑음,교차로 - 교차로안,승용,남,35세,상해없음,승용,남,68세,경상
2013091800100009,2013년 9월 18일 00시,수요일,강원도 강릉시 옥천동,경상사고,0,0,2,0,차대차 - 추돌 - 주정차중,안전운전불이행,습기,흐림,교차로 - 교차로부근,승용,남,30세,상해없음,승용,남,28세,경상
2013091800100053,2013년 9월 18일 02시,수요일,강원도 강릉시 노암동,경상사고,0,0,1,0,차대차 - 기타,안전운전불이행,건조,맑음,교차로 - 교차로부근,승용,남,21세,상해없음,승용,남,34세,기타불명
2013091800100141,2013년 9월 18일 08시,수요일,강원도 원주시 단구동,경상사고,0,0,5,0,차대차 - 측면직각충돌,차로위반,건조,맑음,교차로 - 교차로안,승용,남,48세,경상,승용,남,41세,경상
2013091800100142,2013년 9월 18일 08시,수요일,강원도 원주시 일산동,중상사고,0,1,2,1,차대차 - 추돌 - 진행중,안전운전불이행,건조,흐림,단일로 - 기타,승용,남,33세,상해없음,승용,남,57세,중상
2013091800100161,2013년 9월 18일 09시,수요일,강원도 춘천시 동면,중상사고,0,1,3,0,차대차 - 측면직각충돌,신호위반,건조,맑음,교차로 - 교차로안,승용,남,29세,기타불명,승용,여,54세,중상
2013091800100187,2013년 9월 18일 10시,수요일,강원도 동해시 발한동,중상사고,0,1,0,0,차대사람 - 기타,안전운전불이행,건조,맑음,교차로 - 교차로안,화물,남,61세,상해없음,보행자,남,71세,중상
2013091800100214,2013년 9월 18일 11시,수요일,강원도 횡성군 서원면,중상사고,0,1,0,0,차대차 - 측면직각충돌,직진우회전진행방해,건조,맑음,교차로 - 교차로안,화물,남,60세,상해없음,화물,남,51세,중상
2013091800100251,2013년 9월 18일 12시,수요일,강원도 춘천시 사농동,경상사고,0,0,2,0,차대차 - 추돌 - 진행중,안전운전불이행,건조,맑음,단일로 - 기타,승용,여,49세,상해없음,승용,남,53세,경상
2013091800100252,2013년 9월 18일 12시,수요일,강원도 삼척시 사직동,경상사고,0,0,1,0,차대차 - 추돌 - 진행중,안전운전불이행,건조,맑음,단일로 - 기타,승용,여,28세,상해없음,승용,남,59세,경상
2013091800100268,2013년 9월 18일 13시,수요일,강원도 횡성군 우천면,경상사고,0,0,1,0,차대차 - 측면직각충돌,중앙선침범,건조,맑음,단일로 - 기타,승용,남,54세,상해없음,승용,남,53세,경상
2013091800100297,2013년 9월 18일 14시,수요일,강원도 원주시 일산동,경상사고,0,0,2,0,차대차 - 정면충돌,신호위반,건조,맑음,단일로 - 기타,승용,남,24세,상해없음,승용,남,47세,경상
2013091800100298,2013년 9월 18일 14시,수요일,강원도 평창군 미탄면,경상사고,0,0,1,0,차대차 - 측면직각충돌,안전운전불이행,건조,맑음,교차로 - 교차로안,승용,여,53세,상해없음,승용,남,60세,경상
2013091800100332,2013년 9월 18일 15시,수요일,강원도 원주시 학성동,경상사고,0,0,4,0,차대차 - 추돌 - 진행중,안전운전불이행,건조,맑음,단일로 - 기타,승용,남,59세,상해없음,승용,남,59세,경상
2013091800100333,2013년 9월 18일 15시,수요일,강원도 원주시 개운동,중상사고,0,1,1,0,차대차 - 기타,안전거리미확보,건조,맑음,교차로 - 교차로안,화물,남,64세,상해없음,승용,남,55세,중상
2013091800100334,2013년 9월 18일 15시,수요일,강원도 인제군 남면,중상사고,0,1,1,0,차대차 - 추돌 - 진행중,안전운전불이행,건조,맑음,단일로 - 기타,승용,남,51세,상해없음,승용,남,54세,경상
2013091800100358,2013년 9월 18일 16시,수요일,강원도 원주시 관설동,중상사고,0,1,0,0,차대차 - 추돌 - 주정차중,교차로운행방법위반,건조,맑음,교차로 - 교차로안,승용,남,42세,상해없음,승용,남,47세,중상
2013091800100359,2013년 9월 18일 16시,수요일,강원도 영월군 남면,경상사고,0,0,1,0,차대차 - 측면직각충돌,교차로운행방법위반,건조,맑음,교차로 - 교차로안,승용,남,31세,상해없음,승용,남,58세,경상
2013091800100378,2013년 9월 18일 17시,수요일,강원도 춘천시 사농동,경상사고,0,0,2,0,차대차 - 추돌 - 진행중,안전운전불이행,건조,맑음,단일로 - 기타,승용,남,42세,상해없음,승용,남,59세,경상
2013091800100379,2013년 9월 18일 17시,수요일,강원도 춘천시 후평동,중상사고,0,1,0,0,차대차 - 기타,직진우회전진행방해,건조,맑음,교차로 - 교차로안,승용,남,26세,상해없음,승용,남,35세,중상
2013091800100401,2013년 9월 18일 18시,수요일,강원도 고성군 토성면,경상사고,0,0,1,0,차대차 - 측면직각충돌,신호위반,건조,맑음,교차로 - 교차로안,이륜,남,71세,상해없음,승용,여,35세,경상
2013091800100402,2013년 9월 18일 18시,수요일,강원도 동해시 효가동,경상사고,0,0,2,0,차대차 - 추돌 - 진행중,안전거리미확보,건조,맑음,단일로 - 기타,승용,남,33세,상해없음,승용,남,21세,경상
2013091800100425,2013년 9월 18일 19시,수요일,강원도 춘천시 퇴계동,경상사고,0,0,2,0,차대사람 - 횡단중,보행자보호의무위반,건조,맑음,교차로 - 교차로부근,승용,남,24세,상해없음,보행자,남,29세,경상
2013091800100426,2013년 9월 18일 19시,수요일,강원도 춘천시 온의동,경상사고,0,0,2,0,차대차 - 추돌 - 주정차중,안전운전불이행,건조,맑음,교차로 - 교차로부근,승용,남,68세,상해없음,승용,남,41세,경상
2013091800100427,2013년 9월 18일 19시,수요일,강원도 원주시 관설동,중상사고,0,1,0,0,차대차 - 기타,안전운전불이행,건조,맑음,단일로 - 기타,기타불명,기타불명,기타불명,기타불명,자전거,남,53세,중상
2013091800100428,2013년 9월 18일 19시,수요일,강원도 철원군 서면,경상사고,0,0,4,0,차대차 - 측면직각충돌,중앙선침범,건조,맑음,단일로 - 기타,승용,여,31세,상해없음,승용,남,20세,경상
2013091800100452,2013년 9월 18일 20시,수요일,강원도 강릉시 교동,경상사고,0,0,1,0,차대차 - 기타,안전운전불이행,건조,맑음,교차로 - 교차로안,승용,남,37세,상해없음,승용,남,56세,경상
2013091800100453,2013년 9월 18일 20시,수요일,강원도 강릉시 교동,중상사고,0,1,2,0,차대차 - 추돌 - 진행중,안전운전불이행,건조,맑음,단일로 - 기타,승용,남,24세,상해없음,승용,남,50세,경상
2013091800100486,2013년 9월 18일 22시,수요일,강원도 속초시 교동,경상사고,0,0,1,0,차대차 - 측면직각충돌,안전운전불이행,건조,맑음,교차로 - 교차로안,승용,남,61세,상해없음,승용,여,52세,경상
2013091800100487,2013년 9월 18일 22시,수요일,강원도 삼척시 미로면,경상사고,0,0,2,0,차대차 - 측면직각충돌,중앙선침범,건조,흐림,단일로 - 기타,승용,남,36세,상해없음,승용,남,26세,경상
2013091900100003,2013년 9월 19일 00시,목요일,강원도 강릉시 입암동,경상사고,0,0,2,0,차대차 - 추돌 - 주정차중,안전거리미확보,건조,맑음,교차로 - 교차로부근,승용,남,55세,기타불명,승용,여,33세,상해없음
2013091900100020,2013년 9월 19일 01시,목요일,강원도 원주시 단계동,경상사고,0,0,1,0,차대사람 - 기타,안전운전불이행,건조,맑음,단일로 - 기타,승용,남,22세,상해없음,보행자,남,21세,경상
2013091900100028,2013년 9월 19일 02시,목요일,강원도 양양군 양양읍,사망사고,1,0,0,0,차대차 - 추돌 - 주정차중,안전운전불이행,건조,맑음,단일로 - 교량,승용,남,45세,사망,승용,남,40세,상해없음
2013091900100079,2013년 9월 19일 09시,목요일,강원도 강릉시 사천면,경상사고,0,0,3,0,차대차 - 기타,안전운전불이행,건조,맑음,교차로 - 교차로안,승용,남,44세,상해없음,승용,남,33세,경상
2013091900100080,2013년 9월 19일 09시,목요일,강원도 원주시 무실동,경상사고,0,0,3,0,차대차 - 측면직각충돌,차로위반,건조,맑음,단일로 - 기타,승용,남,65세,상해없음,승용,여,32세,경상
2013091900100103,2013년 9월 19일 11시,목요일,강원도 원주시 일산동,경상사고,0,0,7,0,차대차 - 추돌 - 진행중,안전거리미확보,건조,맑음,단일로 - 기타,승용,남,51세,상해없음,승용,여,22세,경상
2013091900100124,2013년 9월 19일 12시,목요일,강원도 춘천시 소양로1가,경상사고,0,0,1,0,차대사람 - 보도통행중,기타,건조,맑음,단일로 - 기타,승합,남,50세,상해없음,보행자,남,32세,경상
2013091900100160,2013년 9월 19일 13시,목요일,강원도 속초시 노학동,경상사고,0,0,1,0,차대차 - 추돌 - 진행중,안전거리미확보,건조,맑음,단일로 - 기타,승용,남,54세,상해없음,승용,남,35세,상해없음
2013091900100190,2013년 9월 19일 14시,목요일,강원도 원주시 흥업면,경상사고,0,0,4,0,차대차 - 측면직각충돌,신호위반,건조,맑음,교차로 - 교차로안,승용,여,20세,상해없음,승용,남,50세,경상
2013091900100191,2013년 9월 19일 14시,목요일,강원도 삼척시 가곡면,경상사고,0,0,3,0,차대차 - 측면직각충돌,안전운전불이행,건조,맑음,단일로 - 기타,화물,남,58세,경상,승용,남,45세,경상
2013091900100192,2013년 9월 19일 14시,목요일,강원도 철원군 갈말읍,중상사고,0,1,0,0,차대차 - 측면직각충돌,교차로운행방법위반,건조,맑음,교차로 - 교차로안,승용,남,57세,상해없음,승용,남,46세,중상
2013091900100193,2013년 9월 19일 14시,목요일,강원도 동해시 단봉동,경상사고,0,0,3,0,차대차 - 추돌 - 주정차중,안전거리미확보,건조,맑음,단일로 - 기타,승용,남,57세,상해없음,화물,남,36세,상해없음
2013091900100219,2013년 9월 19일 15시,목요일,강원도 양양군 강현면,경상사고,0,0,3,0,차대차 - 추돌 - 진행중,안전운전불이행,습기,비,교차로 - 교차로부근,승용,여,43세,상해없음,승용,남,54세,경상
2013091900100220,2013년 9월 19일 15시,목요일,강원도 홍천군 홍천읍,경상사고,0,0,2,0,차대차 - 측면직각충돌,보행자보호의무위반,건조,맑음,교차로 - 교차로안,승용,남,42세,상해없음,승용,남,58세,경상
2013091900100253,2013년 9월 19일 16시,목요일,강원도 평창군 용평면,경상사고,0,0,1,0,차대차 - 측면직각충돌,안전운전불이행,건조,맑음,교차로 - 교차로안,승용,여,51세,상해없음,승합,남,66세,상해없음
2013091900100254,2013년 9월 19일 16시,목요일,강원도 평창군 진부면,경상사고,0,0,1,0,차대차 - 추돌 - 주정차중,안전운전불이행,건조,맑음,기타 - 기타,승용,남,29세,상해없음,승용,남,34세,상해없음
2013091900100301,2013년 9월 19일 18시,목요일,강원도 원주시 단계동,중상사고,0,1,1,0,차대차 - 기타,안전운전불이행,건조,맑음,교차로 - 교차로안,승용,남,24세,상해없음,이륜,남,15세,중상
2013091900100352,2013년 9월 19일 20시,목요일,강원도 인제군 인제읍,중상사고,0,1,0,0,차대차 - 추돌 - 진행중,안전운전불이행,건조,맑음,단일로 - 기타,승합,여,34세,상해없음,화물,남,30세,중상
2013091900100378,2013년 9월 19일 21시,목요일,강원도 정선군 정선읍,경상사고,0,0,1,0,차대차 - 측면직각충돌,안전운전불이행,건조,맑음,교차로 - 교차로안,승용,남,53세,상해없음,원동기,남,44세,경상
2013091900100402,2013년 9월 19일 22시,목요일,강원도 속초시 조양동,경상사고,0,0,1,0,차대차 - 추돌 - 진행중,안전운전불이행,건조,맑음,교차로 - 교차로부근,승용,여,22세,상해없음,승용,남,26세,경상
2013091900100420,2013년 9월 19일 23시,목요일,강원도 영월군 주천면,중상사고,0,1,0,0,차대사람 - 기타,안전운전불이행,건조,맑음,단일로 - 기타,승용,여,38세,상해없음,보행자,남,53세,중상
2013092000100011,2013년 9월 20일 00시,금요일,강원도 속초시 금호동,경상사고,0,0,1,0,차대사람 - 차도통행중,안전운전불이행,건조,맑음,단일로 - 기타,승용,남,47세,상해없음,보행자,남,53세,경상
2013092000100040,2013년 9월 20일 03시,금요일,강원도 강릉시 성산면,중상사고,0,1,0,0,차대차 - 추돌 - 진행중,안전운전불이행,건조,맑음,단일로 - 기타,승용,남,46세,상해없음,승용,남,56세,중상
2013092000100046,2013년 9월 20일 04시,금요일,강원도 강릉시 교동,중상사고,0,1,0,0,차량단독 - 기타,안전운전불이행,건조,맑음,단일로 - 기타,원동기,남,19세,상해없음,,,,
2013092000100081,2013년 9월 20일 08시,금요일,강원도 원주시 태장동,부상신고사고,0,0,0,4,차대차 - 추돌 - 진행중,안전거리미확보,건조,맑음,단일로 - 기타,원동기,남,16세,부상신고,원동기,남,16세,부상신고
2013092000100118,2013년 9월 20일 11시,금요일,강원도 원주시 단구동,경상사고,0,0,6,1,차대차 - 측면직각충돌,교차로운행방법위반,건조,맑음,교차로 - 교차로안,승용,남,33세,상해없음,승용,남,47세,경상
2013092000100141,2013년 9월 20일 12시,금요일,강원도 화천군 하남면,중상사고,0,1,0,0,차대사람 - 횡단중,보행자보호의무위반,건조,맑음,단일로 - 기타,승용,남,63세,상해없음,보행자,여,58세,중상
2013092000100142,2013년 9월 20일 12시,금요일,강원도 동해시 천곡동,중상사고,0,1,0,0,차대차 - 측면직각충돌,신호위반,건조,맑음,교차로 - 교차로안,승용,남,62세,상해없음,승용,여,45세,중상
2013092000100159,2013년 9월 20일 13시,금요일,강원도 춘천시 온의동,중상사고,0,2,1,0,차대차 - 추돌 - 진행중,안전거리미확보,건조,맑음,교차로 - 교차로부근,화물,남,53세,상해없음,승용,남,57세,경상
2013092000100182,2013년 9월 20일 14시,금요일,강원도 양양군 서면,경상사고,0,0,1,0,차대차 - 측면직각충돌,안전운전불이행,건조,맑음,교차로 - 교차로안,승용,여,55세,상해없음,승합,남,58세,상해없음
2013092000100183,2013년 9월 20일 14시,금요일,강원도 양양군 강현면,중상사고,0,1,4,0,차대차 - 추돌 - 진행중,안전운전불이행,건조,맑음,단일로 - 기타,화물,남,55세,상해없음,승용,남,55세,중상