사고번호,사고일시,요일,시군구,사고내용,사망자수,중상자수,경상자수,부상신고자수,사고유형,법규위반,노면상태,기상상태,도로형태,가해운전자 차종,가해운전자 성별,가해운전자 연령,가해운전자 상해정도,피해운전자 차종,피해운전자 성별,피해운전자 연령,피해운전자 상해정도
2013092000100184,2013년 9월 20일 14시,금요일,강원도 동해시 묵호진동,경상사고,0,0,2,0,차대차 - 측면직각충돌,안전운전불이행,건조,맑음,단일로 - 기타,승용,여,34세,상해없음,승용,남,56세,경상
2013092000100234,2013년 9월 20일 16시,금요일,강원도 고성군 거진읍,경상사고,0,0,7,0,차대차 - 측면직각충돌,직진우회전진행방해,건조,맑음,교차로 - 교차로안,승용,남,43세,상해없음,승용,남,57세,경상
2013092000100287,2013년 9월 20일 18시,금요일,강원도 원주시 단구동,사망사고,1,0,0,0,차대사람 - 기타,안전운전불이행,건조,맑음,교차로 - 교차로부근,승용,여,38세,상해없음,보행자,남,1세,사망
2013092000100312,2013년 9월 20일 19시,금요일,강원도 춘천시 온의동,경상사고,0,0,1,0,차대사람 - 횡단중,보행자보호의무위반,건조,맑음,단일로 - 횡단보도상,원동기,남,66세,상해없음,보행자,여,26세,경상
2013092000100313,2013년 9월 20일 19시,금요일,강원도 원주시 단계동,경상사고,0,0,4,0,차대차 - 추돌 - 진행중,차로위반,건조,맑음,단일로 - 기타,승용,남,60세,상해없음,승용,남,40세,경상
2013092000100314,2013년 9월 20일 19시,금요일,강원도 원주시 태장동,경상사고,0,0,1,0,차대사람 - 횡단중,안전운전불이행,건조,맑음,단일로 - 기타,승용,남,56세,상해없음,보행자,남,13세,경상
2013092000100315,2013년 9월 20일 19시,금요일,강원도 동해시 효가동,경상사고,0,0,2,0,차대차 - 추돌 - 진행중,안전거리미확보,건조,맑음,단일로 - 기타,승용,여,44세,상해없음,승용,여,51세,경상
2013092000100349,2013년 9월 20일 20시,금요일,강원도 속초시 교동,경상사고,0,0,3,0,차대차 - 추돌 - 주정차중,안전운전불이행,건조,맑음,교차로 - 교차로부근,승용,남,54세,상해없음,승용,남,33세,경상
2013092000100371,2013년 9월 20일 21시,금요일,강원도 원주시 지정면,경상사고,0,0,4,0,차대차 - 추돌 - 진행중,안전운전불이행,건조,흐림,단일로 - 기타,승용,남,50세,상해없음,승용,남,44세,경상
2013092000100390,2013년 9월 20일 22시,금요일,강원도 춘천시 퇴계동,경상사고,0,0,2,0,차대차 - 측면직각충돌,직진우회전진행방해,건조,맑음,교차로 - 교차로안,승용,남,18세,상해없음,승용,남,28세,경상
2013092100100021,2013년 9월 21일 01시,토요일,강원도 강릉시 강동면,사망사고,1,0,0,0,차량단독 - 도로외이탈 - 추락,안전운전불이행,건조,맑음,단일로 - 기타,승용,여,45세,사망,,,,
2013092100100083,2013년 9월 21일 07시,토요일,강원도 원주시 단계동,경상사고,0,0,1,0,차대차 - 측면직각충돌,교차로운행방법위반,건조,맑음,교차로 - 교차로안,승용,남,51세,상해없음,승용,남,69세,경상
2013092100100140,2013년 9월 21일 11시,토요일,강원도 삼척시 사직동,경상사고,0,0,2,0,차대차 - 측면직각충돌,안전운전불이행,건조,맑음,교차로 - 교차로부근,화물,남,56세,상해없음,승용,남,27세,경상
2013092100100141,2013년 9월 21일 11시,토요일,강원도 동해시 이도동,경상사고,0,0,2,0,차대차 - 추돌 - 주정차중,안전거리미확보,건조,맑음,교차로 - 교차로부근,승용,여,40세,상해없음,승용,여,37세,경상
2013092100100166,2013년 9월 21일 12시,토요일,강원도 춘천시 온의동,경상사고,0,0,2,0,차대차 - 측면직각충돌,기타,건조,맑음,교차로 - 교차로안,승용,여,39세,상해없음,자전거,여,39세,경상
2013092100100167,2013년 9월 21일 12시,토요일,강원도 강릉시 노암동,경상사고,0,0,1,0,차대사람 - 기타,안전운전불이행,건조,맑음,단일로 - 기타,승용,남,54세,상해없음,보행자,여,5세,경상
2013092100100196,2013년 9월 21일 13시,토요일,강원도 삼척시 근덕면,중상사고,0,2,0,0,차대사람 - 횡단중,안전운전불이행,건조,맑음,단일로 - 기타,원동기,남,67세,중상,보행자,여,43세,중상
2013092100100298,2013년 9월 21일 17시,토요일,강원도 동해시 망상동,중상사고,0,2,5,0,차대차 - 측면직각충돌,직진우회전진행방해,건조,맑음,교차로 - 교차로안,승용,남,33세,상해없음,승용,여,31세,경상
2013092100100299,2013년 9월 21일 17시,토요일,강원도 평창군 봉평면,경상사고,0,0,1,0,차대차 - 추돌 - 주정차중,안전거리미확보,건조,맑음,단일로 - 터널,승용,남,29세,상해없음,승용,남,23세,경상
2013092100100328,2013년 9월 21일 18시,토요일,강원도 춘천시 동내면,경상사고,0,0,1,0,차대차 - 기타,안전거리미확보,건조,맑음,단일로 - 기타,승용,남,21세,상해없음,승용,남,47세,경상
2013092100100329,2013년 9월 21일 18시,토요일,강원도 원주시 단계동,경상사고,0,0,1,0,차대사람 - 기타,안전운전불이행,건조,맑음,단일로 - 기타,승용,남,67세,상해없음,보행자,여,62세,경상
2013092100100349,2013년 9월 21일 19시,토요일,강원도 춘천시 남산면,경상사고,0,0,2,0,차대차 - 측면직각충돌,안전운전불이행,건조,맑음,단일로 - 기타,승용,남,33세,상해없음,이륜,남,17세,경상
2013092100100350,2013년 9월 21일 19시,토요일,강원도 홍천군 홍천읍,경상사고,0,0,3,0,차대차 - 기타,교차로운행방법위반,건조,맑음,교차로 - 교차로안,승용,남,50세,상해없음,승용,남,68세,경상
2013092100100351,2013년 9월 21일 19시,토요일,강원도 동해시 천곡동,중상사고,0,1,2,0,차대차 - 측면직각충돌,신호위반,건조,맑음,교차로 - 교차로안,승용,남,27세,상해없음,승용,여,59세,경상
2013092100100393,2013년 9월 21일 20시,토요일,강원도 철원군 동송읍,중상사고,0,1,0,0,차대차 - 측면직각충돌,교차로운행방법위반,건조,맑음,교차로 - 교차로안,승용,남,24세,상해없음,원동기,남,22세,중상
2013092100100423,2013년 9월 21일 21시,토요일,강원도 강릉시 안현동,경상사고,0,0,1,0,차대차 - 측면직각충돌,안전운전불이행,건조,맑음,단일로 - 기타,승용,남,28세,상해없음,승합,여,24세,경상
2013092100100424,2013년 9월 21일 21시,토요일,강원도 원주시 단구동,경상사고,0,0,1,0,차대차 - 측면직각충돌,직진우회전진행방해,건조,맑음,교차로 - 교차로안,원동기,남,19세,상해없음,승용,여,31세,경상
2013092200100005,2013년 9월 22일 00시,일요일,강원도 강릉시 교동,경상사고,0,0,1,0,차대차 - 추돌 - 주정차중,안전운전불이행,습기,비,교차로 - 교차로부근,화물,남,52세,상해없음,승용,여,36세,경상
2013092200100015,2013년 9월 22일 01시,일요일,강원도 강릉시 교동,중상사고,0,1,1,0,차대차 - 추돌 - 주정차중,안전운전불이행,건조,흐림,단일로 - 기타,승용,남,40세,상해없음,승용,여,38세,경상
2013092200100064,2013년 9월 22일 05시,일요일,강원도 원주시 단구동,경상사고,0,0,1,0,차대차 - 추돌 - 주정차중,안전거리미확보,건조,맑음,교차로 - 교차로부근,승합,남,55세,상해없음,승용,여,42세,경상
2013092200100154,2013년 9월 22일 12시,일요일,강원도 철원군 동송읍,경상사고,0,0,1,0,차대차 - 측면직각충돌,교차로운행방법위반,건조,맑음,교차로 - 교차로안,승합,남,54세,상해없음,승합,남,36세,상해없음
2013092200100155,2013년 9월 22일 12시,일요일,강원도 동해시 발한동,경상사고,0,0,2,0,차대차 - 기타,교차로운행방법위반,습기,비,교차로 - 교차로안,승용,여,28세,상해없음,화물,남,29세,경상
2013092200100174,2013년 9월 22일 13시,일요일,강원도 춘천시 효자동,중상사고,0,1,0,0,차대차 - 측면직각충돌,안전운전불이행,건조,맑음,단일로 - 기타,승용,남,73세,상해없음,승용,남,53세,중상
2013092200100175,2013년 9월 22일 13시,일요일,강원도 고성군 토성면,부상신고사고,0,0,0,1,차대차 - 측면직각충돌,안전운전불이행,건조,흐림,단일로 - 기타,승용,여,23세,상해없음,승합,남,47세,상해없음
2013092200100244,2013년 9월 22일 16시,일요일,강원도 원주시 단계동,중상사고,0,1,0,0,차대차 - 측면직각충돌,안전운전불이행,건조,맑음,교차로 - 교차로안,승합,여,54세,상해없음,자전거,남,70세,중상
2013092200100245,2013년 9월 22일 16시,일요일,강원도 원주시 중앙동,경상사고,0,0,2,0,차대사람 - 횡단중,신호위반,건조,맑음,교차로 - 교차로부근,이륜,남,17세,상해없음,보행자,남,36세,경상
2013092200100246,2013년 9월 22일 16시,일요일,강원도 삼척시 도계읍,중상사고,0,1,2,0,차대차 - 정면충돌,중앙선침범,건조,맑음,단일로 - 기타,화물,남,63세,중상,승용,남,47세,경상
2013092200100289,2013년 9월 22일 18시,일요일,강원도 춘천시 동면,중상사고,0,1,1,0,차대차 - 정면충돌,교차로운행방법위반,건조,맑음,교차로 - 교차로안,승용,남,51세,상해없음,승용,남,52세,경상
2013092200100290,2013년 9월 22일 18시,일요일,강원도 원주시 명륜동,중상사고,0,1,0,0,차대사람 - 기타,안전운전불이행,건조,맑음,교차로 - 교차로부근,승용,여,49세,상해없음,보행자,여,57세,중상
2013092200100291,2013년 9월 22일 18시,일요일,강원도 강릉시 강동면,경상사고,0,0,1,0,차대차 - 측면직각충돌,기타,건조,맑음,단일로 - 기타,화물,남,59세,상해없음,승용,남,37세,상해없음
2013092200100345,2013년 9월 22일 20시,일요일,강원도 원주시 태장동,사망사고,1,0,0,0,차대사람 - 횡단중,안전운전불이행,건조,맑음,교차로 - 교차로안,승용,여,30세,상해없음,보행자,남,38세,사망
2013092200100362,2013년 9월 22일 21시,일요일,강원도 춘천시 후평동,경상사고,0,0,3,0,차대차 - 측면직각충돌,안전운전불이행,건조,맑음,교차로 - 교차로안,승용,남,69세,상해없음,승용,남,75세,경상
2013092200100363,2013년 9월 22일 21시,일요일,강원도 강릉시 남문동,경상사고,0,0,2,0,차대차 - 추돌 - 주정차중,안전운전불이행,건조,맑음,단일로 - 기타,승용,남,40세,상해없음,승용,남,23세,경상
2013092300100018,2013년 9월 23일 02시,월요일,강원도 춘천시 동내면,경상사고,0,0,1,0,차량단독 - 공작물충돌,안전운전불이행,건조,맑음,단일로 - 기타,승용,남,40세,상해없음,,,,
2013092300100053,2013년 9월 23일 06시,월요일,강원도 춘천시 효자동,경상사고,0,0,4,0,차대차 - 측면직각충돌,교차로운행방법위반,건조,맑음,교차로 - 교차로안,승용,남,54세,기타불명,승합,남,64세,상해없음
2013092300100054,2013년 9월 23일 06시,월요일,강원도 정선군 고한읍,경상사고,0,0,1,0,차대차 - 측면직각충돌,안전운전불이행,건조,맑음,교차로 - 교차로안,승용,남,54세,상해없음,승용,남,53세,상해없음
2013092300100076,2013년 9월 23일 07시,월요일,강원도 춘천시 동면,경상사고,0,0,1,0,차대차 - 측면직각충돌,교차로운행방법위반,건조,맑음,교차로 - 교차로안,건설기계,남,54세,상해없음,화물,남,75세,경상
2013092300100077,2013년 9월 23일 07시,월요일,강원도 삼척시 도계읍,경상사고,0,0,4,0,차대차 - 기타,중앙선침범,건조,맑음,단일로 - 기타,화물,남,52세,상해없음,승합,남,50세,경상
2013092300100078,2013년 9월 23일 07시,월요일,강원도 태백시 통동,경상사고,0,0,1,0,차대차 - 기타,신호위반,건조,맑음,교차로 - 교차로안,승용,남,53세,상해없음,승용,남,43세,경상
2013092300100112,2013년 9월 23일 08시,월요일,강원도 춘천시 소양로2가,사망사고,1,0,0,0,차대차 - 측면직각충돌,안전운전불이행,건조,맑음,단일로 - 기타,승용,여,22세,상해없음,자전거,남,80세,사망
2013092300100113,2013년 9월 23일 08시,월요일,강원도 원주시 개운동,경상사고,0,0,1,0,차대차 - 측면직각충돌,교차로운행방법위반,건조,맑음,교차로 - 교차로부근,승용,여,45세,상해없음,자전거,남,33세,경상
2013092300100114,2013년 9월 23일 08시,월요일,강원도 삼척시 정상동,경상사고,0,0,4,0,차대차 - 측면직각충돌,안전운전불이행,건조,맑음,교차로 - 교차로부근,승용,여,44세,경상,승용,여,29세,경상
2013092300100172,2013년 9월 23일 10시,월요일,강원도 삼척시 정하동,경상사고,0,0,1,0,차대차 - 측면직각충돌,안전운전불이행,건조,맑음,교차로 - 교차로부근,승용,남,42세,상해없음,승용,여,43세,경상
2013092300100203,2013년 9월 23일 11시,월요일,강원도 춘천시 운교동,경상사고,0,0,1,0,차대사람 - 횡단중,보행자보호의무위반,건조,맑음,단일로 - 횡단보도상,승용,여,42세,상해없음,보행자,남,74세,경상
2013092300100228,2013년 9월 23일 12시,월요일,강원도 강릉시 주문진읍,경상사고,0,0,2,0,차대차 - 측면직각충돌,안전운전불이행,건조,맑음,교차로 - 교차로안,승용,여,53세,상해없음,승용,남,76세,경상
2013092300100229,2013년 9월 23일 12시,월요일,강원도 강릉시 입암동,중상사고,0,1,0,0,차대차 - 측면직각충돌,안전운전불이행,건조,맑음,교차로 - 교차로부근,승용,여,35세,상해없음,원동기,남,17세,중상
2013092300100257,2013년 9월 23일 13시,월요일,강원도 춘천시 후평동,경상사고,0,0,2,0,차대차 - 측면직각충돌,신호위반,건조,맑음,교차로 - 교차로안,승용,여,27세,상해없음,승용,남,41세,경상
2013092300100285,2013년 9월 23일 14시,월요일,강원도 춘천시 효자동,경상사고,0,0,1,0,차대차 - 기타,안전운전불이행,건조,맑음,단일로 - 기타,승용,남,61세,상해없음,이륜,남,52세,경상
2013092300100286,2013년 9월 23일 14시,월요일,강원도 강릉시 사천면,경상사고,0,0,1,0,차대사람 - 길가장자리구역통행중,안전운전불이행,건조,맑음,단일로 - 기타,원동기,여,66세,상해없음,보행자,여,75세,경상
2013092300100287,2013년 9월 23일 14시,월요일,강원도 원주시 일산동,경상사고,0,0,1,0,차대사람 - 기타,안전운전불이행,건조,맑음,단일로 - 기타,승용,여,43세,상해없음,보행자,남,72세,경상
2013092300100309,2013년 9월 23일 15시,월요일,강원도 홍천군 서석면,중상사고,0,2,1,0,차대차 - 기타,교차로운행방법위반,건조,맑음,교차로 - 교차로안,화물,여,38세,상해없음,승용,남,43세,경상
2013092300100310,2013년 9월 23일 15시,월요일,강원도 평창군 용평면,경상사고,0,0,2,0,차대차 - 측면직각충돌,안전운전불이행,건조,맑음,교차로 - 교차로안,승용,남,27세,상해없음,승용,남,51세,경상
2013092300100336,2013년 9월 23일 16시,월요일,강원도 강릉시 노암동,경상사고,0,0,1,0,차대차 - 측면직각충돌,안전운전불이행,건조,맑음,교차로 - 교차로안,승용,남,51세,상해없음,승용,여,30세,경상
2013092300100337,2013년 9월 23일 16시,월요일,강원도 정선군 고한읍,경상사고,0,0,2,0,차대차 - 측면직각충돌,신호위반,건조,맑음,교차로 - 교차로안,승용,여,53세,상해없음,승합,남,45세,상해없음
2013092300100372,2013년 9월 23일 17시,월요일,강원도 원주시 명륜동,중상사고,0,1,0,0,차대사람 - 횡단중,안전운전불이행,건조,맑음,단일로 - 기타,승합,남,60세,상해없음,보행자,여,80세,중상
2013092300100373,2013년 9월 23일 17시,월요일,강원도 평창군 봉평면,중상사고,0,1,0,0,차대사람 - 횡단중,안전운전불이행,건조,맑음,단일로 - 기타,승용,남,42세,상해없음,보행자,남,13세,중상
2013092300100447,2013년 9월 23일 19시,월요일,강원도 춘천시 소양로1가,중상사고,0,1,0,0,차대차 - 추돌 - 진행중,안전운전불이행,건조,맑음,단일로 - 기타,승용,남,40세,상해없음,승용,여,53세,중상
2013092300100531,2013년 9월 23일 23시,월요일,강원도 원주시 단계동,중상사고,0,1,0,0,차대사람 - 길가장자리구역통행중,안전운전불이행,건조,맑음,단일로 - 기타,승용,여,20세,상해없음,보행자,남,35세,중상
2013092400100007,2013년 9월 24일 00시,화요일,강원도 강릉시 포남동,중상사고,0,1,0,0,차대사람 - 횡단중,안전운전불이행,건조,맑음,단일로 - 기타,승합,남,36세,상해없음,보행자,남,55세,중상
2013092400100016,2013년 9월 24일 01시,화요일,강원도 평창군 대관령면,경상사고,0,0,1,0,차대사람 - 기타,안전운전불이행,건조,맑음,단일로 - 기타,승용,남,43세,상해없음,보행자,여,18세,경상
2013092400100030,2013년 9월 24일 02시,화요일,강원도 원주시 우산동,부상신고사고,0,0,0,1,차대사람 - 길가장자리구역통행중,안전운전불이행,건조,맑음,단일로 - 기타,기타불명,기타불명,기타불명,기타불명,보행자,여,18세,부상신고
2013092400100063,2013년 9월 24일 06시,화요일,강원도 춘천시 후평동,부상신고사고,0,0,0,1,차대차 - 기타,신호위반,건조,맑음,교차로 - 교차로안,원동기,남,78세,부상신고,승용,남,52세,상해없음
2013092400100078,2013년 9월 24일 07시,화요일,강원도 동해시 부곡동,경상사고,0,0,1,0,차대차 - 기타,안전운전불이행,건조,맑음,단일로 - 기타,승용,남,69세,상해없음,승합,남,37세,경상
2013092400100110,2013년 9월 24일 08시,화요일,강원도 양양군 양양읍,중상사고,0,1,0,0,차대차 - 측면직각충돌,안전운전불이행,건조,맑음,미분류 - 미분류,승용,남,34세,상해없음,이륜,남,77세,중상
2013092400100111,2013년 9월 24일 08시,화요일,강원도 삼척시 남양동,중상사고,0,1,0,0,차대차 - 측면직각충돌,안전운전불이행,건조,맑음,교차로 - 교차로안,승용,여,48세,상해없음,자전거,여,22세,중상
2013092400100144,2013년 9월 24일 09시,화요일,강원도 강릉시 연곡면,경상사고,0,0,2,0,차대차 - 측면직각충돌,안전운전불이행,습기,비,교차로 - 교차로안,승용,여,28세,상해없음,승용,남,72세,경상
2013092400100208,2013년 9월 24일 11시,화요일,강원도 원주시 일산동,경상사고,0,0,1,0,차대차 - 정면충돌,중앙선침범,습기,비,단일로 - 기타,승용,남,63세,상해없음,승용,남,44세,경상
2013092400100271,2013년 9월 24일 14시,화요일,강원도 삼척시 미로면,중상사고,0,1,0,0,차량단독 - 공작물충돌,안전운전불이행,습기,비,단일로 - 기타,승용,여,42세,중상,,,,
2013092400100297,2013년 9월 24일 15시,화요일,강원도 원주시 단계동,중상사고,0,1,0,0,차대차 - 기타,교차로운행방법위반,습기,비,교차로 - 교차로안,승용,남,49세,상해없음,승용,여,56세,중상
2013092400100319,2013년 9월 24일 16시,화요일,강원도 삼척시 하장면,중상사고,0,4,1,0,차대차 - 정면충돌,중앙선침범,습기,비,단일로 - 기타,승용,여,68세,중상,건설기계,남,46세,경상
2013092400100320,2013년 9월 24일 16시,화요일,강원도 인제군 기린면,중상사고,0,2,3,0,차대차 - 정면충돌,중앙선침범,건조,맑음,단일로 - 기타,승용,남,58세,상해없음,화물,남,43세,경상
2013092400100347,2013년 9월 24일 17시,화요일,강원도 춘천시 동면,경상사고,0,0,1,0,차대차 - 기타,신호위반,건조,맑음,교차로 - 교차로안,승용,남,54세,상해없음,승용,남,37세,경상
2013092400100348,2013년 9월 24일 17시,화요일,강원도 춘천시 신동면,중상사고,0,1,2,0,차대차 - 기타,안전거리미확보,습기,비,단일로 - 기타,승용,남,42세,상해없음,화물,남,50세,경상
2013092400100381,2013년 9월 24일 18시,화요일,강원도 춘천시 효자동,경상사고,0,0,1,0,차대차 - 기타,안전운전불이행,습기,흐림,단일로 - 기타,승용,남,44세,상해없음,승용,여,71세,경상
2013092400100382,2013년 9월 24일 18시,화요일,강원도 원주시 행구동,경상사고,0,0,1,0,차대차 - 기타,안전운전불이행,습기,비,교차로 - 교차로안,이륜,남,17세,상해없음,승용,남,26세,경상
2013092400100417,2013년 9월 24일 19시,화요일,강원도 춘천시 운교동,경상사고,0,0,1,0,차대사람 - 기타,기타,습기,흐림,기타 - 기타,원동기,남,49세,상해없음,보행자,남,26세,경상
2013092400100418,2013년 9월 24일 19시,화요일,강원도 춘천시 후평동,경상사고,0,0,1,0,차대차 - 기타,안전운전불이행,건조,맑음,단일로 - 기타,승용,남,57세,상해없음,승용,남,40세,상해없음
2013092400100419,2013년 9월 24일 19시,화요일,강원도 원주시 명륜동,경상사고,0,0,1,0,차대사람 - 횡단중,보행자보호의무위반,건조,맑음,단일로 - 횡단보도상,승용,남,44세,상해없음,보행자,여,13세,경상
2013092400100455,2013년 9월 24일 20시,화요일,강원도 춘천시 우두동,경상사고,0,0,1,0,차대사람 - 기타,안전운전불이행,습기,비,단일로 - 기타,승용,남,43세,상해없음,보행자,남,50세,경상
2013092400100539,2013년 9월 24일 23시,화요일,강원도 속초시 교동,경상사고,0,0,1,0,차대차 - 측면직각충돌,신호위반,습기,비,교차로 - 교차로안,승용,남,55세,상해없음,승합,여,45세,경상
2013092500100009,2013년 9월 25일 00시,수요일,강원도 강릉시 저동,사망사고,1,0,0,0,차량단독 - 공작물충돌,안전운전불이행,습기,비,단일로 - 기타,승용,여,27세,사망,,,,
2013092500100063,2013년 9월 25일 05시,수요일,강원도 속초시 교동,중상사고,0,1,0,0,차대사람 - 횡단중,신호위반,습기,비,교차로 - 교차로부근,승용,여,80세,상해없음,보행자,남,77세,중상
2013092500100091,2013년 9월 25일 07시,수요일,강원도 원주시 평원동,경상사고,0,0,3,0,차대차 - 측면직각충돌,신호위반,건조,맑음,교차로 - 교차로안,승용,여,61세,경상,승용,남,64세,경상
2013092500100117,2013년 9월 25일 08시,수요일,강원도 춘천시 석사동,경상사고,0,0,1,0,차량단독 - 기타,기타,건조,맑음,단일로 - 기타,승합,남,57세,상해없음,,,,
2013092500100155,2013년 9월 25일 09시,수요일,강원도 춘천시 후평동,경상사고,0,0,1,0,차대차 - 추돌 - 주정차중,안전운전불이행,건조,맑음,단일로 - 기타,승용,여,39세,상해없음,승용,여,27세,경상
2013092500100156,2013년 9월 25일 09시,수요일,강원도 춘천시 소양로3가,경상사고,0,0,1,0,차대사람 - 기타,안전운전불이행,건조,맑음,단일로 - 기타,승용,여,47세,상해없음,보행자,남,81세,경상
2013092500100157,2013년 9월 25일 09시,수요일,강원도 철원군 서면,사망사고,1,0,0,0,차대차 - 추돌 - 진행중,안전운전불이행,건조,맑음,단일로 - 기타,화물,남,53세,상해없음,자전거,남,76세,사망
2013092500100193,2013년 9월 25일 10시,수요일,강원도 춘천시 퇴계동,경상사고,0,0,2,0,차대차 - 측면직각충돌,안전거리미확보,건조,맑음,단일로 - 기타,승용,남,58세,상해없음,승용,남,60세,경상
2013092500100194,2013년 9월 25일 10시,수요일,강원도 원주시 단계동,경상사고,0,0,2,0,차대차 - 측면직각충돌,신호위반,건조,맑음,교차로 - 교차로안,화물,남,58세,상해없음,화물,남,31세,경상
2013092500100243,2013년 9월 25일 12시,수요일,강원도 고성군 거진읍,사망사고,1,1,1,0,차대차 - 정면충돌,중앙선침범,건조,흐림,단일로 - 기타,승용,남,59세,경상,승용,남,51세,사망
2013092500100271,2013년 9월 25일 13시,수요일,강원도 춘천시 동산면,경상사고,0,0,1,0,차대차 - 추돌 - 진행중,안전거리미확보,건조,맑음,단일로 - 기타,화물,남,51세,상해없음,승용,남,42세,경상
2013092500100272,2013년 9월 25일 13시,수요일,강원도 춘천시 근화동,경상사고,0,0,1,0,차대차 - 측면직각충돌,직진우회전진행방해,건조,맑음,교차로 - 교차로안,기타불명,기타불명,기타불명,기타불명,승용,남,44세,경상
2013092500100330,2013년 9월 25일 15시,수요일,강원도 강릉시 홍제동,중상사고,0,1,0,0,차대차 - 측면직각충돌,안전운전불이행,건조,흐림,교차로 - 교차로안,자전거,남,75세,중상,화물,남,60세,상해없음
2013092500100331,2013년 9월 25일 15시,수요일,강원도 속초시 조양동,경상사고,0,0,1,0,차대차 - 측면직각충돌,안전운전불이행,건조,맑음,교차로 - 교차로안,승용,남,75세,상해없음,화물,남,56세,상해없음
2013092500100332,2013년 9월 25일 15시,수요일,강원도 속초시 대포동,중상사고,0,1,0,0,차대차 - 정면충돌,안전운전불이행,습기,맑음,단일로 - 기타,화물,남,57세,상해없음,화물,여,49세,중상
2013092500100365,2013년 9월 25일 16시,수요일,강원도 춘천시 동내면,경상사고,0,0,1,0,차대차 - 측면직각충돌,신호위반,건조,맑음,교차로 - 교차로부근,승용,남,68세,상해없음,승용,여,34세,경상
2013092500100366,2013년 9월 25일 16시,수요일,강원도 춘천시 낙원동,중상사고,0,2,2,0,차대차 - 기타,안전거리미확보,건조,맑음,단일로 - 기타,승용,남,53세,상해없음,승합,남,40세,상해없음
2013092500100367,2013년 9월 25일 16시,수요일,강원도 춘천시 사농동,중상사고,0,1,0,0,차대차 - 측면직각충돌,교차로운행방법위반,건조,맑음,교차로 - 교차로안,승용,남,65세,상해없음,자전거,남,41세,중상
2013092500100409,2013년 9월 25일 17시,수요일,강원도 원주시 중앙동,경상사고,0,0,1,0,차대차 - 기타,신호위반,건조,맑음,교차로 - 교차로부근,기타불명,기타불명,기타불명,기타불명,승용,남,62세,상해없음
2013092500100534,2013년 9월 25일 20시,수요일,강원도 원주시 평원동,중상사고,0,1,0,0,차대차 - 기타,신호위반,건조,맑음,교차로 - 교차로안,승용,남,44세,상해없음,승용,남,46세,중상
2013092500100535,2013년 9월 25일 20시,수요일,강원도 횡성군 횡성읍,중상사고,0,2,0,0,차대차 - 측면직각충돌,신호위반,건조,맑음,교차로 - 교차로안,승용,남,46세,상해없음,승용,여,49세,상해없음
2013092500100591,2013년 9월 25일 22시,수요일,강원도 춘천시 퇴계동,경상사고,0,0,2,0,차대차 - 추돌 - 진행중,안전운전불이행,건조,맑음,단일로 - 기타,승용,남,47세,상해없음,승용,여,53세,경상
2013092600100044,2013년 9월 26일 02시,목요일,강원도 동해시 이도동,중상사고,0,1,0,0,차대사람 - 길가장자리구역통행중,안전운전불이행,건조,맑음,단일로 - 교량,승용,남,62세,상해없음,보행자,남,28세,중상
2013092600100108,2013년 9월 26일 07시,목요일,강원도 강릉시 주문진읍,경상사고,0,0,2,0,차대차 - 측면직각충돌,신호위반,습기,비,교차로 - 교차로안,승용,남,72세,상해없음,화물,여,64세,경상
2013092600100109,2013년 9월 26일 07시,목요일,강원도 화천군 화천읍,경상사고,0,0,1,0,차대차 - 기타,안전거리미확보,건조,맑음,단일로 - 기타,화물,남,56세,상해없음,화물,남,41세,경상
2013092600100146,2013년 9월 26일 08시,목요일,강원도 강릉시 유천동,중상사고,0,3,0,0,차대차 - 측면직각충돌,신호위반,건조,맑음,교차로 - 교차로안,승용,남,60세,상해없음,승용,남,32세,중상
2013092600100147,2013년 9월 26일 08시,목요일,강원도 원주시 흥업면,중상사고,0,1,1,0,차대차 - 추돌 - 진행중,차로위반,건조,맑음,단일로 - 기타,승용,남,49세,상해없음,승용,남,30세,중상
2013092600100148,2013년 9월 26일 08시,목요일,강원도 원주시 반곡동,부상신고사고,0,0,0,1,차대차 - 측면직각충돌,직진우회전진행방해,건조,맑음,교차로 - 교차로안,승용,남,53세,상해없음,승용,여,32세,부상신고
2013092600100149,2013년 9월 26일 08시,목요일,강원도 철원군 동송읍,중상사고,0,1,0,0,차대사람 - 차도통행중,안전운전불이행,건조,맑음,단일로 - 기타,화물,남,66세,상해없음,보행자,여,22세,중상
2013092600100150,2013년 9월 26일 08시,목요일,강원도 동해시 북평동,중상사고,0,1,0,0,차대차 - 기타,차로위반,건조,맑음,단일로 - 기타,승용,남,65세,상해없음,승합,여,48세,상해없음
2013092600100183,2013년 9월 26일 09시,목요일,강원도 철원군 갈말읍,중상사고,0,2,0,0,차대차 - 측면직각충돌,교차로운행방법위반,건조,맑음,교차로 - 교차로안,화물,남,49세,상해없음,승용,남,58세,중상
2013092600100215,2013년 9월 26일 10시,목요일,강원도 원주시 무실동,경상사고,0,0,1,0,차대차 - 측면직각충돌,교차로운행방법위반,건조,맑음,교차로 - 교차로안,승용,남,57세,상해없음,승용,여,65세,경상
2013092600100240,2013년 9월 26일 11시,목요일,강원도 횡성군 공근면,중상사고,0,1,0,0,차대사람 - 기타,안전운전불이행,건조,맑음,기타 - 기타,승용,남,68세,상해없음,보행자,남,76세,중상