사고번호,사고일시,요일,시군구,사고내용,사망자수,중상자수,경상자수,부상신고자수,사고유형,법규위반,노면상태,기상상태,도로형태,가해운전자 차종,가해운전자 성별,가해운전자 연령,가해운전자 상해정도,피해운전자 차종,피해운전자 성별,피해운전자 연령,피해운전자 상해정도
2013092600100261,2013년 9월 26일 12시,목요일,강원도 동해시 나안동,중상사고,0,1,0,0,차대차 - 기타,신호위반,습기,흐림,교차로 - 교차로안,승용,남,51세,상해없음,승용,여,33세,중상
2013092600100285,2013년 9월 26일 13시,목요일,강원도 동해시 천곡동,중상사고,0,1,0,0,차대사람 - 보도통행중,신호위반,건조,맑음,교차로 - 교차로안,이륜,남,66세,상해없음,보행자,여,21세,중상
2013092600100314,2013년 9월 26일 14시,목요일,강원도 홍천군 화촌면,중상사고,0,1,5,0,차대차 - 기타,안전거리미확보,건조,맑음,단일로 - 기타,승용,남,21세,상해없음,승합,남,29세,경상
2013092600100355,2013년 9월 26일 15시,목요일,강원도 원주시 태장동,경상사고,0,0,1,0,차대사람 - 횡단중,안전운전불이행,건조,맑음,단일로 - 기타,승용,여,55세,상해없음,보행자,남,67세,경상
2013092600100356,2013년 9월 26일 15시,목요일,강원도 홍천군 홍천읍,경상사고,0,0,1,0,차대사람 - 횡단중,보행자보호의무위반,건조,맑음,단일로 - 횡단보도상,승용,여,39세,상해없음,보행자,여,73세,경상
2013092600100388,2013년 9월 26일 16시,목요일,강원도 정선군 정선읍,경상사고,0,0,1,0,차대사람 - 기타,안전운전불이행,건조,맑음,기타 - 기타,승용,남,65세,상해없음,보행자,여,52세,경상
2013092600100433,2013년 9월 26일 17시,목요일,강원도 원주시 문막읍,중상사고,0,1,5,0,차대차 - 측면직각충돌,신호위반,건조,맑음,교차로 - 교차로안,승용,남,71세,경상,승용,남,36세,경상
2013092600100434,2013년 9월 26일 17시,목요일,강원도 영월군 영월읍,경상사고,0,0,2,0,차대차 - 기타,안전운전불이행,건조,맑음,단일로 - 기타,승용,여,60세,상해없음,승용,남,53세,경상
2013092600100480,2013년 9월 26일 18시,목요일,강원도 원주시 단계동,중상사고,0,1,1,0,차대차 - 측면직각충돌,신호위반,건조,맑음,교차로 - 교차로부근,자전거,남,17세,중상,이륜,남,33세,경상
2013092600100481,2013년 9월 26일 18시,목요일,강원도 삼척시 교동,중상사고,0,1,0,0,차대차 - 추돌 - 주정차중,안전운전불이행,건조,맑음,교차로 - 교차로부근,승용,여,44세,상해없음,승용,남,59세,중상
2013092600100516,2013년 9월 26일 19시,목요일,강원도 홍천군 서석면,경상사고,0,0,1,0,차대사람 - 횡단중,안전운전불이행,건조,맑음,기타 - 기타,승용,남,46세,상해없음,보행자,남,54세,경상
2013092600100562,2013년 9월 26일 20시,목요일,강원도 원주시 행구동,중상사고,0,1,1,0,차대차 - 추돌 - 주정차중,안전운전불이행,건조,맑음,교차로 - 교차로부근,화물,남,44세,상해없음,승용,남,32세,경상
2013092600100590,2013년 9월 26일 21시,목요일,강원도 춘천시 칠전동,중상사고,0,1,0,0,차대차 - 측면직각충돌,신호위반,건조,맑음,교차로 - 교차로안,승용,남,49세,상해없음,승용,여,30세,중상
2013092700100072,2013년 9월 27일 06시,금요일,강원도 정선군 사북읍,중상사고,0,1,0,0,차대차 - 측면직각충돌,교차로운행방법위반,건조,맑음,교차로 - 교차로안,승용,남,57세,상해없음,원동기,남,70세,중상
2013092700100073,2013년 9월 27일 06시,금요일,강원도 인제군 서화면,중상사고,0,7,1,0,차량단독 - 공작물충돌,안전운전불이행,건조,맑음,단일로 - 기타,승용,남,68세,상해없음,,,,
2013092700100094,2013년 9월 27일 07시,금요일,강원도 춘천시 퇴계동,중상사고,0,1,0,0,차대차 - 측면직각충돌,교차로운행방법위반,건조,맑음,교차로 - 교차로안,승합,남,64세,상해없음,승합,남,34세,중상
2013092700100138,2013년 9월 27일 08시,금요일,강원도 원주시 우산동,경상사고,0,0,3,0,차대차 - 측면직각충돌,교차로운행방법위반,건조,맑음,교차로 - 교차로안,승용,여,34세,경상,승용,여,47세,경상
2013092700100139,2013년 9월 27일 08시,금요일,강원도 태백시 황지동,경상사고,0,0,1,0,차대차 - 측면직각충돌,직진우회전진행방해,건조,맑음,교차로 - 교차로안,승용,남,53세,상해없음,승용,남,43세,경상
2013092700100140,2013년 9월 27일 08시,금요일,강원도 인제군 인제읍,경상사고,0,0,1,0,차대사람 - 기타,안전운전불이행,건조,맑음,단일로 - 기타,승용,여,43세,상해없음,보행자,여,14세,경상
2013092700100141,2013년 9월 27일 08시,금요일,강원도 횡성군 둔내면,사망사고,1,0,0,0,차대사람 - 기타,안전운전불이행,건조,맑음,기타 - 기타,건설기계,남,63세,상해없음,보행자,남,65세,사망
2013092700100213,2013년 9월 27일 10시,금요일,강원도 춘천시 온의동,경상사고,0,0,2,0,차대차 - 기타,안전운전불이행,건조,맑음,기타 - 기타,승용,남,51세,상해없음,승용,여,55세,경상
2013092700100242,2013년 9월 27일 11시,금요일,강원도 속초시 청호동,경상사고,0,0,1,0,차대차 - 측면직각충돌,안전거리미확보,건조,맑음,단일로 - 기타,화물,남,40세,상해없음,승용,남,77세,경상
2013092700100263,2013년 9월 27일 12시,금요일,강원도 삼척시 하장면,사망사고,1,0,0,0,차량단독 - 전도전복,안전운전불이행,건조,맑음,기타 - 기타,화물,남,61세,사망,,,,
2013092700100324,2013년 9월 27일 14시,금요일,강원도 동해시 송정동,경상사고,0,0,2,0,차대차 - 기타,안전거리미확보,건조,맑음,단일로 - 기타,화물,여,52세,상해없음,승용,남,65세,경상
2013092700100398,2013년 9월 27일 16시,금요일,강원도 원주시 무실동,경상사고,0,0,1,0,차대차 - 추돌 - 주정차중,교차로운행방법위반,건조,맑음,교차로 - 교차로안,승용,남,56세,상해없음,이륜,남,70세,경상
2013092700100399,2013년 9월 27일 16시,금요일,강원도 고성군 죽왕면,중상사고,0,1,0,0,차대차 - 측면직각충돌,교차로운행방법위반,건조,맑음,교차로 - 교차로안,승용,여,53세,상해없음,화물,남,56세,중상
2013092700100400,2013년 9월 27일 16시,금요일,강원도 철원군 동송읍,중상사고,0,1,0,0,차대차 - 추돌 - 진행중,안전운전불이행,건조,맑음,단일로 - 기타,승합,남,21세,상해없음,자전거,남,81세,중상
2013092700100438,2013년 9월 27일 17시,금요일,강원도 원주시 소초면,중상사고,0,1,0,0,차대차 - 측면직각충돌,중앙선침범,건조,맑음,단일로 - 기타,화물,남,73세,상해없음,이륜,남,73세,중상
2013092700100439,2013년 9월 27일 17시,금요일,강원도 원주시 단계동,경상사고,0,0,1,0,차대차 - 추돌 - 진행중,불법유턴,건조,맑음,단일로 - 기타,승용,여,50세,상해없음,승용,남,38세,경상
2013092700100486,2013년 9월 27일 18시,금요일,강원도 춘천시 남산면,중상사고,0,1,0,0,차대차 - 측면직각충돌,안전운전불이행,건조,맑음,단일로 - 기타,승용,여,52세,상해없음,자전거,여,58세,중상
2013092700100487,2013년 9월 27일 18시,금요일,강원도 원주시 단구동,경상사고,0,0,1,0,차대차 - 측면직각충돌,신호위반,건조,맑음,교차로 - 교차로안,승용,여,53세,상해없음,승용,남,27세,경상
2013092700100488,2013년 9월 27일 18시,금요일,강원도 속초시 대포동,경상사고,0,0,1,0,차대차 - 측면직각충돌,안전운전불이행,건조,맑음,교차로 - 교차로부근,승용,남,69세,상해없음,승용,여,28세,경상
2013092700100590,2013년 9월 27일 20시,금요일,강원도 춘천시 동내면,중상사고,0,1,0,0,차대차 - 측면직각충돌,신호위반,건조,맑음,교차로 - 교차로안,화물,남,68세,상해없음,승용,남,50세,중상
2013092700100591,2013년 9월 27일 20시,금요일,강원도 강릉시 입암동,경상사고,0,0,2,0,차대차 - 추돌 - 주정차중,안전운전불이행,기타,기타,기타 - 기타,승용,남,38세,상해없음,화물,남,43세,상해없음
2013092700100630,2013년 9월 27일 21시,금요일,강원도 춘천시 효자동,경상사고,0,0,1,0,차대차 - 추돌 - 주정차중,안전운전불이행,건조,맑음,교차로 - 교차로부근,승용,남,36세,상해없음,승용,남,61세,경상
2013092700100631,2013년 9월 27일 21시,금요일,강원도 횡성군 횡성읍,경상사고,0,0,1,0,차대차 - 기타,직진우회전진행방해,건조,맑음,교차로 - 교차로안,승용,여,53세,상해없음,승용,남,29세,경상
2013092700100700,2013년 9월 27일 23시,금요일,강원도 동해시 삼화동,경상사고,0,0,1,0,차대차 - 기타,교차로운행방법위반,습기,흐림,교차로 - 교차로안,승용,남,29세,경상,화물,남,54세,상해없음
2013092800100095,2013년 9월 28일 04시,토요일,강원도 강릉시 노암동,중상사고,0,1,0,0,차대차 - 측면직각충돌,신호위반,기타,기타,교차로 - 교차로안,화물,남,63세,상해없음,승용,남,60세,중상
2013092800100202,2013년 9월 28일 10시,토요일,강원도 강릉시 금학동,중상사고,0,1,0,0,차대사람 - 횡단중,보행자보호의무위반,건조,맑음,교차로 - 교차로부근,화물,남,56세,상해없음,보행자,남,92세,중상
2013092800100240,2013년 9월 28일 11시,토요일,강원도 영월군 영월읍,중상사고,0,1,0,0,차대차 - 측면직각충돌,교차로운행방법위반,건조,맑음,교차로 - 교차로부근,승용,남,41세,상해없음,기타불명,여,68세,중상
2013092800100258,2013년 9월 28일 12시,토요일,강원도 춘천시 후평동,중상사고,0,1,0,0,차대사람 - 횡단중,안전운전불이행,건조,맑음,단일로 - 기타,승용,남,39세,상해없음,보행자,여,86세,중상
2013092800100259,2013년 9월 28일 12시,토요일,강원도 철원군 철원읍,중상사고,0,1,0,0,차대차 - 측면직각충돌,안전운전불이행,습기,흐림,교차로 - 교차로안,이륜,남,53세,중상,승합,남,45세,상해없음
2013092800100282,2013년 9월 28일 13시,토요일,강원도 홍천군 서면,중상사고,0,1,0,0,차대차 - 기타,중앙선침범,건조,맑음,단일로 - 기타,화물,남,37세,상해없음,이륜,남,41세,중상
2013092800100332,2013년 9월 28일 15시,토요일,강원도 평창군 진부면,사망사고,1,0,0,0,차량단독 - 기타,안전운전불이행,건조,흐림,단일로 - 기타,승용,남,36세,사망,,,,
2013092800100364,2013년 9월 28일 16시,토요일,강원도 강릉시 대전동,경상사고,0,0,1,0,차량단독 - 공작물충돌,안전운전불이행,습기,비,교차로 - 교차로부근,승합,남,23세,상해없음,,,,
2013092800100398,2013년 9월 28일 17시,토요일,강원도 춘천시 석사동,경상사고,0,0,1,0,차대차 - 추돌 - 진행중,안전거리미확보,습기,비,교차로 - 교차로부근,승용,여,34세,상해없음,이륜,남,56세,경상
2013092800100399,2013년 9월 28일 17시,토요일,강원도 춘천시 신동면,경상사고,0,0,1,0,차대차 - 정면충돌,중앙선침범,습기,비,단일로 - 기타,자전거,남,21세,상해없음,자전거,남,21세,경상
2013092800100400,2013년 9월 28일 17시,토요일,강원도 동해시 용정동,경상사고,0,0,3,0,차대차 - 기타,중앙선침범,건조,흐림,단일로 - 기타,승용,여,32세,상해없음,승용,여,44세,경상
2013092800100443,2013년 9월 28일 18시,토요일,강원도 춘천시 중앙로1가,경상사고,0,0,1,0,차대사람 - 횡단중,보행자보호의무위반,습기,비,단일로 - 기타,승용,여,51세,상해없음,보행자,여,14세,경상
2013092800100444,2013년 9월 28일 18시,토요일,강원도 원주시 호저면,사망사고,1,0,0,0,차대사람 - 횡단중,안전운전불이행,습기,비,교차로 - 교차로안,승용,남,53세,상해없음,보행자,여,63세,사망
2013092800100445,2013년 9월 28일 18시,토요일,강원도 횡성군 서원면,경상사고,0,0,1,0,차대차 - 측면직각충돌,안전운전불이행,건조,맑음,교차로 - 교차로안,화물,남,56세,상해없음,승용,여,36세,경상
2013092800100509,2013년 9월 28일 19시,토요일,강원도 춘천시 동면,경상사고,0,0,1,0,차대사람 - 횡단중,안전운전불이행,습기,비,교차로 - 교차로안,승용,남,47세,상해없음,보행자,여,20세,경상
2013092800100601,2013년 9월 28일 21시,토요일,강원도 강릉시 주문진읍,중상사고,0,1,0,0,차대사람 - 기타,안전운전불이행,건조,맑음,단일로 - 기타,승합,남,45세,상해없음,보행자,남,80세,중상
2013092800100602,2013년 9월 28일 21시,토요일,강원도 원주시 무실동,중상사고,0,1,1,0,차대차 - 측면직각충돌,중앙선침범,건조,맑음,단일로 - 기타,승용,남,33세,상해없음,승합,남,58세,중상
2013092800100648,2013년 9월 28일 22시,토요일,강원도 춘천시 효자동,경상사고,0,0,1,1,차대차 - 측면직각충돌,신호위반,습기,비,교차로 - 교차로안,승용,남,29세,상해없음,화물,남,50세,경상
2013092800100649,2013년 9월 28일 22시,토요일,강원도 원주시 관설동,경상사고,0,0,1,0,차대차 - 추돌 - 주정차중,안전운전불이행,습기,비,교차로 - 교차로부근,화물,남,42세,상해없음,이륜,남,17세,경상
2013092800100650,2013년 9월 28일 22시,토요일,강원도 동해시 천곡동,중상사고,0,1,0,0,차대차 - 기타,안전운전불이행,건조,맑음,단일로 - 기타,승용,남,55세,상해없음,승용,남,59세,중상
2013092900100054,2013년 9월 29일 01시,일요일,강원도 강릉시 옥천동,중상사고,0,1,1,0,차대차 - 기타,안전운전불이행,습기,비,교차로 - 교차로안,승용,남,27세,상해없음,승용,남,53세,중상
2013092900100088,2013년 9월 29일 02시,일요일,강원도 동해시 천곡동,중상사고,0,1,1,0,차량단독 - 기타,안전운전불이행,습기,비,단일로 - 기타,승용,남,22세,중상,,,,
2013092900100109,2013년 9월 29일 03시,일요일,강원도 강릉시 임당동,경상사고,0,0,2,0,차대사람 - 횡단중,안전운전불이행,건조,맑음,단일로 - 횡단보도상,승용,남,21세,상해없음,보행자,남,20세,경상
2013092900100161,2013년 9월 29일 06시,일요일,강원도 영월군 영월읍,중상사고,0,1,2,0,차량단독 - 전도전복,안전운전불이행,습기,비,단일로 - 터널,승용,여,60세,경상,,,,
2013092900100258,2013년 9월 29일 12시,일요일,강원도 원주시 학성동,중상사고,0,1,0,0,차대차 - 측면직각충돌,중앙선침범,습기,비,단일로 - 기타,승용,남,77세,상해없음,승용,남,63세,중상
2013092900100278,2013년 9월 29일 13시,일요일,강원도 강릉시 교동,경상사고,0,0,1,0,차대차 - 측면직각충돌,안전운전불이행,습기,비,교차로 - 교차로안,승용,남,72세,상해없음,승용,여,27세,경상
2013092900100279,2013년 9월 29일 13시,일요일,강원도 강릉시 옥천동,경상사고,0,0,3,0,차대차 - 추돌 - 진행중,안전거리미확보,습기,비,단일로 - 기타,승용,남,69세,상해없음,승용,남,45세,경상
2013092900100280,2013년 9월 29일 13시,일요일,강원도 속초시 청학동,중상사고,0,1,3,0,차대차 - 측면직각충돌,안전운전불이행,습기,비,단일로 - 기타,승합,남,27세,상해없음,승용,남,45세,경상
2013092900100307,2013년 9월 29일 14시,일요일,강원도 원주시 소초면,중상사고,0,1,0,0,차대차 - 추돌 - 진행중,안전운전불이행,습기,비,교차로 - 교차로부근,승용,여,51세,상해없음,승용,여,32세,중상
2013092900100308,2013년 9월 29일 14시,일요일,강원도 홍천군 화촌면,경상사고,0,0,1,0,차대사람 - 기타,안전운전불이행,건조,흐림,단일로 - 기타,승용,남,45세,상해없음,보행자,남,36세,경상
2013092900100362,2013년 9월 29일 16시,일요일,강원도 강릉시 노암동,중상사고,0,1,0,0,차대차 - 추돌 - 진행중,안전거리미확보,습기,비,단일로 - 기타,승합,남,41세,상해없음,원동기,여,61세,중상
2013092900100392,2013년 9월 29일 17시,일요일,강원도 속초시 교동,중상사고,0,1,0,0,차대사람 - 횡단중,보행자보호의무위반,습기,비,단일로 - 횡단보도상,승용,남,41세,상해없음,보행자,남,30세,중상
2013092900100393,2013년 9월 29일 17시,일요일,강원도 태백시 소도동,경상사고,0,0,1,0,차대차 - 측면직각충돌,직진우회전진행방해,습기,비,교차로 - 교차로안,화물,남,47세,상해없음,승용,남,31세,경상
2013092900100426,2013년 9월 29일 18시,일요일,강원도 강릉시 옥계면,중상사고,0,3,0,0,차대차 - 측면직각충돌,중앙선침범,건조,맑음,단일로 - 기타,승용,남,50세,중상,승용,남,48세,중상
2013092900100464,2013년 9월 29일 19시,일요일,강원도 춘천시 석사동,경상사고,0,0,1,0,차대차 - 기타,교차로운행방법위반,습기,흐림,교차로 - 교차로안,승용,남,53세,상해없음,원동기,남,45세,경상
2013092900100465,2013년 9월 29일 19시,일요일,강원도 강릉시 포남동,경상사고,0,0,2,0,차대사람 - 기타,안전운전불이행,습기,흐림,단일로 - 기타,승용,남,51세,기타불명,보행자,여,40세,경상
2013092900100535,2013년 9월 29일 21시,일요일,강원도 원주시 무실동,경상사고,0,0,2,0,차대차 - 추돌 - 주정차중,안전거리미확보,건조,맑음,교차로 - 교차로부근,승용,남,31세,상해없음,승용,남,24세,경상
2013092900100588,2013년 9월 29일 23시,일요일,강원도 홍천군 홍천읍,경상사고,0,0,1,0,차대사람 - 기타,안전운전불이행,건조,맑음,단일로 - 기타,기타불명,기타불명,기타불명,기타불명,보행자,남,16세,경상
2013093000100061,2013년 9월 30일 07시,월요일,강원도 삼척시 원덕읍,중상사고,0,1,0,0,차대차 - 측면직각충돌,안전운전불이행,건조,맑음,교차로 - 교차로안,특수,남,63세,상해없음,농기계,남,74세,중상
2013093000100098,2013년 9월 30일 08시,월요일,강원도 홍천군 서면,중상사고,0,1,0,0,차대차 - 기타,안전운전불이행,건조,맑음,단일로 - 기타,승용,여,44세,상해없음,농기계,남,76세,중상
2013093000100099,2013년 9월 30일 08시,월요일,강원도 철원군 동송읍,중상사고,0,1,1,0,차대차 - 측면직각충돌,안전운전불이행,건조,맑음,단일로 - 기타,특수,남,21세,상해없음,승합,남,49세,상해없음
2013093000100143,2013년 9월 30일 09시,월요일,강원도 원주시 중앙동,부상신고사고,0,0,0,1,차대차 - 측면직각충돌,중앙선침범,건조,맑음,단일로 - 기타,승용,여,47세,상해없음,승용,남,62세,부상신고
2013093000100170,2013년 9월 30일 10시,월요일,강원도 원주시 태장동,중상사고,0,1,0,0,차량단독 - 공작물충돌,안전운전불이행,건조,맑음,교차로 - 교차로안,이륜,남,16세,중상,,,,
2013093000100194,2013년 9월 30일 11시,월요일,강원도 원주시 단계동,중상사고,0,1,0,0,차대차 - 측면직각충돌,신호위반,건조,맑음,교차로 - 교차로안,화물,남,56세,상해없음,승용,여,44세,중상
2013093000100221,2013년 9월 30일 12시,월요일,강원도 강릉시 금학동,경상사고,0,0,1,0,차대사람 - 기타,안전운전불이행,습기,비,단일로 - 기타,승용,여,20세,상해없음,보행자,여,20세,경상
2013093000100222,2013년 9월 30일 12시,월요일,강원도 원주시 단계동,중상사고,0,1,0,0,차대차 - 측면직각충돌,차로위반,건조,맑음,단일로 - 기타,화물,남,46세,상해없음,이륜,남,68세,중상
2013093000100246,2013년 9월 30일 13시,월요일,강원도 강릉시 포남동,경상사고,0,0,1,0,차대차 - 측면직각충돌,안전운전불이행,습기,비,교차로 - 교차로안,승용,남,68세,상해없음,승용,남,56세,경상
2013093000100272,2013년 9월 30일 14시,월요일,강원도 원주시 단계동,경상사고,0,0,2,0,차대차 - 기타,신호위반,건조,맑음,교차로 - 교차로안,승용,여,39세,경상,승용,남,59세,상해없음
2013093000100294,2013년 9월 30일 15시,월요일,강원도 속초시 교동,경상사고,0,0,1,0,차대사람 - 횡단중,안전운전불이행,습기,비,단일로 - 기타,승합,남,47세,상해없음,보행자,남,48세,경상
2013093000100295,2013년 9월 30일 15시,월요일,강원도 삼척시 남양동,중상사고,0,1,0,0,차대사람 - 기타,안전운전불이행,건조,흐림,단일로 - 기타,화물,남,41세,상해없음,보행자,여,20세,중상
2013093000100367,2013년 9월 30일 17시,월요일,강원도 원주시 문막읍,중상사고,0,1,0,0,차대사람 - 횡단중,안전운전불이행,건조,맑음,단일로 - 기타,승용,남,76세,상해없음,보행자,남,6세,중상
2013093000100368,2013년 9월 30일 17시,월요일,강원도 원주시 명륜동,중상사고,0,1,0,0,차대사람 - 기타,보행자보호의무위반,건조,맑음,교차로 - 교차로부근,자전거,남,17세,상해없음,보행자,남,74세,중상
2013093000100401,2013년 9월 30일 18시,월요일,강원도 속초시 조양동,중상사고,0,1,0,0,차대차 - 측면직각충돌,안전운전불이행,건조,흐림,단일로 - 횡단보도상,화물,남,54세,상해없음,자전거,남,8세,중상
2013093000100402,2013년 9월 30일 18시,월요일,강원도 삼척시 정상동,중상사고,0,1,0,0,차대사람 - 기타,안전운전불이행,습기,비,단일로 - 기타,승용,남,27세,상해없음,보행자,남,73세,중상
2013093000100447,2013년 9월 30일 19시,월요일,강원도 춘천시 효자동,경상사고,0,0,2,0,차대차 - 추돌 - 진행중,안전운전불이행,건조,맑음,교차로 - 교차로부근,승용,남,44세,상해없음,승용,남,54세,경상
2013093000100448,2013년 9월 30일 19시,월요일,강원도 강릉시 교동,중상사고,0,1,0,0,차대차 - 측면직각충돌,불법유턴,습기,비,단일로 - 기타,승용,여,31세,상해없음,원동기,남,23세,중상
2013093000100449,2013년 9월 30일 19시,월요일,강원도 원주시 단구동,경상사고,0,0,1,0,차대차 - 추돌 - 주정차중,안전거리미확보,건조,맑음,단일로 - 기타,화물,남,36세,상해없음,승용,남,58세,경상
2013093000100517,2013년 9월 30일 21시,월요일,강원도 원주시 단구동,경상사고,0,0,1,0,차대차 - 측면직각충돌,차로위반,건조,맑음,단일로 - 기타,승용,여,48세,상해없음,승용,남,33세,경상
2013093000100564,2013년 9월 30일 23시,월요일,강원도 춘천시 소양로1가,경상사고,0,0,1,0,차대차 - 기타,직진우회전진행방해,건조,맑음,교차로 - 교차로안,승용,여,34세,상해없음,자전거,남,68세,경상
2013093000100565,2013년 9월 30일 23시,월요일,강원도 속초시 대포동,경상사고,0,0,3,0,차대차 - 측면직각충돌,안전운전불이행,건조,흐림,단일로 - 기타,승용,남,49세,상해없음,승용,남,40세,경상
2013100100100012,2013년 10월 1일 00시,화요일,강원도 춘천시 신북읍,중상사고,0,1,1,0,차대차 - 측면직각충돌,직진우회전진행방해,건조,맑음,교차로 - 교차로안,승용,여,56세,상해없음,승용,여,48세,경상
2013100100100040,2013년 10월 1일 03시,화요일,강원도 강릉시 옥천동,경상사고,0,0,2,0,차대차 - 측면직각충돌,안전운전불이행,건조,맑음,교차로 - 교차로안,승용,남,42세,상해없음,승용,남,56세,경상
2013100100100060,2013년 10월 1일 05시,화요일,강원도 춘천시 석사동,중상사고,0,1,2,0,차대차 - 측면직각충돌,직진우회전진행방해,건조,맑음,교차로 - 교차로안,승용,남,72세,상해없음,승용,남,35세,경상
2013100100100061,2013년 10월 1일 05시,화요일,강원도 홍천군 홍천읍,경상사고,0,0,1,0,차대차 - 기타,안전거리미확보,건조,맑음,교차로 - 교차로부근,화물,남,57세,상해없음,승용,남,53세,경상
2013100100100079,2013년 10월 1일 06시,화요일,강원도 양양군 서면,경상사고,0,0,1,0,차대차 - 추돌 - 진행중,안전운전불이행,건조,맑음,단일로 - 기타,기타불명,기타불명,기타불명,기타불명,승용,여,57세,경상
2013100100100080,2013년 10월 1일 06시,화요일,강원도 동해시 북평동,중상사고,0,1,0,0,차대사람 - 길가장자리구역통행중,안전운전불이행,건조,맑음,단일로 - 기타,승용,남,49세,상해없음,보행자,남,54세,중상
2013100100100134,2013년 10월 1일 08시,화요일,강원도 춘천시 소양로1가,경상사고,0,0,3,0,차대차 - 측면직각충돌,교차로운행방법위반,건조,맑음,교차로 - 교차로안,승용,남,37세,상해없음,승용,여,51세,경상
2013100100100135,2013년 10월 1일 08시,화요일,강원도 춘천시 후평동,경상사고,0,0,3,0,차대차 - 추돌 - 진행중,안전거리미확보,건조,맑음,단일로 - 기타,승용,남,52세,상해없음,승용,여,29세,경상
2013100100100136,2013년 10월 1일 08시,화요일,강원도 춘천시 효자동,경상사고,0,0,1,0,차대사람 - 차도통행중,안전운전불이행,건조,맑음,단일로 - 기타,승용,남,55세,상해없음,보행자,여,19세,경상
2013100100100137,2013년 10월 1일 08시,화요일,강원도 원주시 단계동,중상사고,0,1,0,0,차대차 - 기타,안전거리미확보,건조,맑음,단일로 - 기타,승용,남,45세,상해없음,이륜,남,22세,중상
2013100100100138,2013년 10월 1일 08시,화요일,강원도 삼척시 정상동,중상사고,0,3,0,0,차대차 - 측면직각충돌,안전운전불이행,건조,맑음,교차로 - 교차로안,원동기,남,59세,중상,승용,여,35세,중상
2013100100100139,2013년 10월 1일 08시,화요일,강원도 영월군 영월읍,경상사고,0,0,1,0,차대차 - 기타,안전거리미확보,건조,맑음,단일로 - 기타,자전거,여,27세,경상,기타불명,기타불명,기타불명,기타불명
2013100100100170,2013년 10월 1일 09시,화요일,강원도 강릉시 입암동,중상사고,0,1,0,0,차대차 - 추돌 - 진행중,안전운전불이행,건조,맑음,단일로 - 기타,화물,남,48세,상해없음,승용,여,51세,중상
2013100100100196,2013년 10월 1일 10시,화요일,강원도 속초시 조양동,경상사고,0,0,1,0,차대차 - 추돌 - 진행중,안전운전불이행,건조,맑음,단일로 - 기타,화물,남,56세,상해없음,승용,남,38세,경상
2013100100100219,2013년 10월 1일 11시,화요일,강원도 원주시 태장동,경상사고,0,0,1,0,차대차 - 기타,안전거리미확보,건조,맑음,단일로 - 기타,승용,남,47세,상해없음,승용,여,55세,경상
2013100100100220,2013년 10월 1일 11시,화요일,강원도 속초시 노학동,중상사고,0,1,0,0,차대사람 - 횡단중,안전운전불이행,건조,맑음,교차로 - 교차로부근,화물,남,42세,상해없음,보행자,남,79세,중상
2013100100100221,2013년 10월 1일 11시,화요일,강원도 동해시 천곡동,사망사고,1,0,0,0,차대사람 - 보도통행중,기타,건조,맑음,단일로 - 기타,승용,남,32세,상해없음,보행자,남,72세,사망
2013100100100307,2013년 10월 1일 14시,화요일,강원도 횡성군 안흥면,중상사고,0,1,0,0,차대차 - 측면직각충돌,중앙선침범,건조,맑음,단일로 - 기타,화물,남,52세,상해없음,화물,여,70세,중상
2013100100100336,2013년 10월 1일 15시,화요일,강원도 춘천시 신북읍,경상사고,0,0,1,0,차량단독 - 공작물충돌,안전운전불이행,건조,맑음,단일로 - 기타,승용,남,59세,상해없음,,,,
2013100100100373,2013년 10월 1일 16시,화요일,강원도 원주시 단계동,부상신고사고,0,0,0,1,차대차 - 기타,안전거리미확보,건조,맑음,교차로 - 교차로안,승용,여,53세,부상신고,화물,남,45세,상해없음
2013100100100374,2013년 10월 1일 16시,화요일,강원도 태백시 황지동,경상사고,0,0,1,0,차대차 - 측면직각충돌,안전운전불이행,건조,맑음,교차로 - 교차로안,승용,남,60세,상해없음,승합,여,47세,경상
2013100100100409,2013년 10월 1일 17시,화요일,강원도 강릉시 교동,경상사고,0,0,1,0,차대차 - 추돌 - 진행중,안전운전불이행,건조,맑음,단일로 - 기타,화물,남,66세,상해없음,승용,남,37세,경상
2013100100100446,2013년 10월 1일 18시,화요일,강원도 원주시 흥업면,경상사고,0,0,1,0,차대차 - 기타,안전거리미확보,건조,맑음,단일로 - 기타,화물,남,25세,상해없음,승용,여,39세,경상
2013100100100447,2013년 10월 1일 18시,화요일,강원도 삼척시 근덕면,중상사고,0,2,0,0,차대차 - 추돌 - 주정차중,안전운전불이행,습기,비,단일로 - 기타,화물,남,47세,상해없음,승용,남,29세,중상
2013100100100448,2013년 10월 1일 18시,화요일,강원도 삼척시 성내동,중상사고,0,1,0,0,차대사람 - 횡단중,안전운전불이행,건조,맑음,단일로 - 기타,승용,여,57세,상해없음,보행자,여,51세,중상
2013100100100449,2013년 10월 1일 18시,화요일,강원도 홍천군 북방면,경상사고,0,0,1,0,차대차 - 기타,안전운전불이행,건조,흐림,교차로 - 교차로부근,승용,남,32세,상해없음,승용,남,40세,경상
2013100100100491,2013년 10월 1일 19시,화요일,강원도 원주시 호저면,경상사고,0,0,2,0,차대차 - 추돌 - 주정차중,안전거리미확보,건조,맑음,단일로 - 기타,화물,남,57세,상해없음,승용,남,66세,경상