사고번호,사고일시,요일,시군구,사고내용,사망자수,중상자수,경상자수,부상신고자수,사고유형,법규위반,노면상태,기상상태,도로형태,가해운전자 차종,가해운전자 성별,가해운전자 연령,가해운전자 상해정도,피해운전자 차종,피해운전자 성별,피해운전자 연령,피해운전자 상해정도
2013100100100537,2013년 10월 1일 20시,화요일,강원도 삼척시 원덕읍,경상사고,0,0,1,0,차대사람 - 길가장자리구역통행중,안전운전불이행,건조,맑음,단일로 - 기타,승용,남,42세,상해없음,보행자,남,34세,경상
2013100100100574,2013년 10월 1일 21시,화요일,강원도 고성군 죽왕면,중상사고,0,1,2,0,차대차 - 측면직각충돌,신호위반,건조,기타,교차로 - 교차로안,화물,남,53세,상해없음,승용,남,47세,상해없음
2013100100100596,2013년 10월 1일 22시,화요일,강원도 원주시 단계동,중상사고,0,2,0,0,차대차 - 기타,신호위반,건조,맑음,교차로 - 교차로안,승용,여,40세,상해없음,승용,남,53세,중상
2013100100100597,2013년 10월 1일 22시,화요일,강원도 속초시 조양동,사망사고,1,0,0,0,차대차 - 추돌 - 진행중,안전운전불이행,건조,맑음,단일로 - 기타,승용,남,26세,상해없음,자전거,남,42세,사망
2013100200100013,2013년 10월 2일 00시,수요일,강원도 원주시 학성동,경상사고,0,0,1,0,차대차 - 기타,안전거리미확보,건조,맑음,단일로 - 기타,승용,남,47세,상해없음,이륜,남,14세,경상
2013100200100038,2013년 10월 2일 03시,수요일,강원도 원주시 흥업면,사망사고,1,0,0,0,차대사람 - 길가장자리구역통행중,안전운전불이행,건조,맑음,단일로 - 기타,승용,남,24세,상해없음,보행자,남,24세,사망
2013100200100129,2013년 10월 2일 09시,수요일,강원도 강릉시 포남동,경상사고,0,0,2,0,차대차 - 추돌 - 진행중,안전운전불이행,건조,맑음,교차로 - 교차로부근,승용,남,61세,상해없음,승용,남,41세,경상
2013100200100130,2013년 10월 2일 09시,수요일,강원도 화천군 화천읍,경상사고,0,0,1,0,차대차 - 기타,기타,건조,맑음,교차로 - 교차로안,화물,남,69세,상해없음,이륜,남,79세,경상
2013100200100131,2013년 10월 2일 09시,수요일,강원도 철원군 동송읍,중상사고,0,1,0,0,차대차 - 기타,신호위반,건조,맑음,교차로 - 교차로안,자전거,남,87세,중상,농기계,남,62세,상해없음
2013100200100160,2013년 10월 2일 10시,수요일,강원도 삼척시 원덕읍,경상사고,0,0,1,0,차대차 - 측면직각충돌,안전운전불이행,건조,맑음,교차로 - 교차로안,화물,남,54세,상해없음,자전거,남,38세,경상
2013100200100240,2013년 10월 2일 13시,수요일,강원도 원주시 일산동,중상사고,0,1,0,0,차대차 - 측면직각충돌,교차로운행방법위반,건조,맑음,교차로 - 교차로안,승용,여,43세,기타불명,자전거,남,14세,중상
2013100200100241,2013년 10월 2일 13시,수요일,강원도 원주시 명륜동,경상사고,0,0,1,0,차대사람 - 기타,안전운전불이행,건조,맑음,교차로 - 교차로부근,승합,남,50세,상해없음,보행자,남,17세,경상
2013100200100266,2013년 10월 2일 14시,수요일,강원도 춘천시 중앙로2가,중상사고,0,1,0,0,차대사람 - 기타,안전운전불이행,건조,맑음,단일로 - 기타,승용,여,47세,상해없음,보행자,여,26세,중상
2013100200100303,2013년 10월 2일 15시,수요일,강원도 춘천시 동내면,사망사고,1,0,0,0,차대사람 - 기타,안전운전불이행,건조,맑음,단일로 - 기타,화물,남,30세,상해없음,보행자,남,58세,사망
2013100200100304,2013년 10월 2일 15시,수요일,강원도 춘천시 우두동,경상사고,0,0,1,0,차대차 - 측면직각충돌,안전운전불이행,건조,맑음,단일로 - 기타,원동기,남,48세,상해없음,승용,남,40세,상해없음
2013100200100335,2013년 10월 2일 16시,수요일,강원도 양양군 현북면,중상사고,0,1,1,0,차대차 - 측면직각충돌,안전운전불이행,건조,맑음,교차로 - 교차로부근,승용,남,66세,중상,승용,남,51세,경상
2013100200100378,2013년 10월 2일 17시,수요일,강원도 춘천시 동면,중상사고,0,1,0,0,차대차 - 기타,교차로운행방법위반,건조,맑음,교차로 - 교차로안,승용,남,41세,상해없음,자전거,여,57세,중상
2013100200100379,2013년 10월 2일 17시,수요일,강원도 원주시 무실동,경상사고,0,0,1,0,차대사람 - 횡단중,보행자보호의무위반,건조,맑음,단일로 - 횡단보도상,승용,남,48세,상해없음,보행자,남,9세,경상
2013100200100422,2013년 10월 2일 18시,수요일,강원도 춘천시 효자동,중상사고,0,1,0,0,차대차 - 측면직각충돌,안전운전불이행,건조,맑음,교차로 - 교차로부근,승용,여,34세,상해없음,원동기,남,30세,중상
2013100200100423,2013년 10월 2일 18시,수요일,강원도 강릉시 포남동,경상사고,0,0,1,0,차대사람 - 횡단중,보행자보호의무위반,건조,맑음,교차로 - 교차로부근,승합,남,34세,상해없음,보행자,남,51세,경상
2013100200100424,2013년 10월 2일 18시,수요일,강원도 원주시 태장동,경상사고,0,0,1,0,차대차 - 기타,불법유턴,건조,맑음,단일로 - 기타,승용,남,41세,상해없음,원동기,남,59세,경상
2013100200100425,2013년 10월 2일 18시,수요일,강원도 태백시 장성동,경상사고,0,0,2,0,차대차 - 추돌 - 진행중,교차로운행방법위반,건조,맑음,교차로 - 교차로안,승용,남,79세,상해없음,승용,남,46세,경상
2013100200100475,2013년 10월 2일 19시,수요일,강원도 강릉시 교동,경상사고,0,0,1,0,차대차 - 기타,안전운전불이행,건조,맑음,교차로 - 교차로안,승용,여,48세,상해없음,승용,남,24세,경상
2013100200100476,2013년 10월 2일 19시,수요일,강원도 원주시 우산동,경상사고,0,0,1,0,차대차 - 측면직각충돌,교차로운행방법위반,건조,맑음,교차로 - 교차로안,승용,여,54세,상해없음,원동기,남,18세,경상
2013100200100477,2013년 10월 2일 19시,수요일,강원도 원주시 단구동,경상사고,0,0,1,0,차대차 - 기타,안전운전불이행,건조,맑음,교차로 - 교차로부근,승용,남,35세,상해없음,원동기,남,21세,경상
2013100200100478,2013년 10월 2일 19시,수요일,강원도 삼척시 도계읍,경상사고,0,0,1,0,차대차 - 기타,안전운전불이행,건조,맑음,단일로 - 기타,승용,남,23세,상해없음,승용,여,49세,경상
2013100200100479,2013년 10월 2일 19시,수요일,강원도 삼척시 원덕읍,경상사고,0,0,1,0,차대사람 - 길가장자리구역통행중,안전운전불이행,건조,맑음,기타 - 기타,승용,여,49세,상해없음,보행자,남,53세,경상
2013100200100524,2013년 10월 2일 20시,수요일,강원도 속초시 교동,중상사고,0,2,0,0,차대차 - 측면직각충돌,안전운전불이행,습기,비,단일로 - 기타,승용,남,34세,상해없음,이륜,남,29세,중상
2013100200100556,2013년 10월 2일 21시,수요일,강원도 양양군 양양읍,경상사고,0,0,1,0,차대사람 - 길가장자리구역통행중,안전운전불이행,습기,비,교차로 - 교차로부근,승용,남,71세,상해없음,보행자,남,45세,경상
2013100300100016,2013년 10월 3일 00시,목요일,강원도 원주시 단구동,중상사고,0,1,2,0,차대차 - 추돌 - 주정차중,안전운전불이행,건조,맑음,교차로 - 교차로부근,승용,남,23세,상해없음,승용,남,46세,중상
2013100300100017,2013년 10월 3일 00시,목요일,강원도 속초시 교동,경상사고,0,0,2,0,차대차 - 측면직각충돌,교차로운행방법위반,습기,비,교차로 - 교차로안,승용,여,39세,상해없음,승용,남,40세,상해없음
2013100300100111,2013년 10월 3일 05시,목요일,강원도 삼척시 원덕읍,경상사고,0,0,1,0,차대차 - 기타,중앙선침범,건조,맑음,단일로 - 교량,기타불명,기타불명,기타불명,기타불명,승용,남,54세,경상
2013100300100112,2013년 10월 3일 05시,목요일,강원도 삼척시 근덕면,경상사고,0,0,2,0,차량단독 - 공작물충돌,안전운전불이행,건조,맑음,단일로 - 기타,승합,남,49세,경상,,,,
2013100300100125,2013년 10월 3일 06시,목요일,강원도 원주시 태장동,경상사고,0,0,2,0,차대차 - 추돌 - 주정차중,안전거리미확보,건조,맑음,교차로 - 교차로부근,승용,남,61세,상해없음,승용,남,30세,경상
2013100300100137,2013년 10월 3일 07시,목요일,강원도 춘천시 교동,경상사고,0,0,1,0,차대사람 - 기타,안전운전불이행,건조,맑음,기타 - 기타,승용,남,72세,상해없음,보행자,남,22세,경상
2013100300100162,2013년 10월 3일 08시,목요일,강원도 춘천시 사농동,경상사고,0,0,3,1,차대차 - 측면직각충돌,신호위반,건조,맑음,교차로 - 교차로안,원동기,남,71세,상해없음,승용,여,31세,경상
2013100300100186,2013년 10월 3일 09시,목요일,강원도 삼척시 원당동,경상사고,0,0,2,0,차대차 - 측면직각충돌,신호위반,건조,맑음,교차로 - 교차로안,이륜,남,75세,경상,승용,남,30세,경상
2013100300100202,2013년 10월 3일 10시,목요일,강원도 원주시 단구동,경상사고,0,0,1,0,차대사람 - 보도통행중,보행자보호의무위반,건조,맑음,단일로 - 횡단보도상,승용,남,52세,상해없음,보행자,남,4세,경상
2013100300100225,2013년 10월 3일 11시,목요일,강원도 속초시 조양동,중상사고,0,3,0,0,차대차 - 측면직각충돌,교차로운행방법위반,건조,맑음,교차로 - 교차로안,승합,남,36세,상해없음,승용,남,34세,중상
2013100300100303,2013년 10월 3일 14시,목요일,강원도 원주시 단구동,경상사고,0,0,1,0,차대차 - 추돌 - 진행중,안전운전불이행,건조,맑음,단일로 - 기타,기타불명,기타불명,기타불명,기타불명,승용,남,45세,상해없음
2013100300100333,2013년 10월 3일 15시,목요일,강원도 강릉시 노암동,중상사고,0,1,1,0,차대차 - 기타,안전운전불이행,건조,맑음,단일로 - 기타,화물,남,41세,중상,승용,여,49세,경상
2013100300100334,2013년 10월 3일 15시,목요일,강원도 홍천군 내촌면,부상신고사고,0,0,0,1,차대차 - 기타,안전운전불이행,건조,맑음,단일로 - 기타,기타불명,기타불명,기타불명,기타불명,승용,남,53세,상해없음
2013100300100370,2013년 10월 3일 16시,목요일,강원도 춘천시 사농동,경상사고,0,0,2,1,차대차 - 측면직각충돌,교차로운행방법위반,건조,맑음,교차로 - 교차로안,승용,남,39세,기타불명,승용,남,72세,경상
2013100300100371,2013년 10월 3일 16시,목요일,강원도 정선군 정선읍,중상사고,0,1,0,0,차대차 - 측면직각충돌,안전운전불이행,건조,맑음,단일로 - 기타,승합,남,38세,상해없음,승합,남,61세,중상
2013100300100372,2013년 10월 3일 16시,목요일,강원도 철원군 김화읍,경상사고,0,0,2,0,차대차 - 측면직각충돌,안전운전불이행,건조,맑음,단일로 - 기타,화물,남,64세,경상,승용,남,56세,상해없음
2013100300100373,2013년 10월 3일 16시,목요일,강원도 동해시 묵호진동,경상사고,0,0,1,0,차대차 - 기타,안전운전불이행,건조,맑음,교차로 - 교차로안,승용,남,62세,상해없음,자전거,남,57세,경상
2013100300100421,2013년 10월 3일 17시,목요일,강원도 원주시 흥업면,경상사고,0,0,1,0,차대차 - 추돌 - 주정차중,안전거리미확보,건조,맑음,교차로 - 교차로부근,승용,남,56세,상해없음,승용,여,50세,경상
2013100300100450,2013년 10월 3일 18시,목요일,강원도 화천군 상서면,중상사고,0,2,1,0,차대차 - 정면충돌,직진우회전진행방해,기타,기타,교차로 - 교차로안,승용,남,28세,상해없음,승용,남,40세,중상
2013100300100530,2013년 10월 3일 20시,목요일,강원도 속초시 교동,부상신고사고,0,0,0,1,차대사람 - 횡단중,안전운전불이행,건조,맑음,단일로 - 기타,승용,남,34세,상해없음,보행자,남,7세,부상신고
2013100300100565,2013년 10월 3일 21시,목요일,강원도 춘천시 칠전동,경상사고,0,0,1,2,차대차 - 추돌 - 진행중,안전운전불이행,건조,맑음,단일로 - 기타,화물,남,64세,상해없음,승용,남,35세,경상
2013100300100566,2013년 10월 3일 21시,목요일,강원도 춘천시 운교동,부상신고사고,0,0,0,1,차대차 - 정면충돌,신호위반,건조,맑음,교차로 - 교차로안,화물,남,52세,상해없음,승용,여,52세,부상신고
2013100300100567,2013년 10월 3일 21시,목요일,강원도 원주시 단계동,중상사고,0,1,1,0,차대차 - 기타,신호위반,건조,맑음,교차로 - 교차로안,승용,여,39세,상해없음,승용,남,25세,경상
2013100300100568,2013년 10월 3일 21시,목요일,강원도 원주시 단계동,중상사고,0,1,0,0,차대사람 - 횡단중,안전운전불이행,건조,맑음,교차로 - 교차로부근,승용,남,35세,상해없음,보행자,남,19세,중상
2013100300100569,2013년 10월 3일 21시,목요일,강원도 속초시 교동,경상사고,0,0,1,0,차대사람 - 횡단중,신호위반,건조,맑음,교차로 - 교차로안,승용,남,42세,상해없음,보행자,남,17세,경상
2013100300100612,2013년 10월 3일 23시,목요일,강원도 춘천시 후평동,경상사고,0,0,2,0,차대사람 - 횡단중,안전운전불이행,건조,맑음,단일로 - 기타,이륜,남,42세,기타불명,보행자,여,21세,경상
2013100300100613,2013년 10월 3일 23시,목요일,강원도 속초시 교동,경상사고,0,0,2,0,차대차 - 측면직각충돌,직진우회전진행방해,건조,맑음,교차로 - 교차로안,승용,여,21세,상해없음,승용,여,41세,경상
2013100400100029,2013년 10월 4일 01시,금요일,강원도 홍천군 홍천읍,중상사고,0,1,0,0,차대차 - 기타,교차로운행방법위반,건조,맑음,교차로 - 교차로안,승용,남,23세,상해없음,승용,남,27세,중상
2013100400100076,2013년 10월 4일 06시,금요일,강원도 홍천군 화촌면,중상사고,0,3,1,0,차량단독 - 기타,안전운전불이행,건조,맑음,단일로 - 기타,승용,여,59세,중상,,,,
2013100400100178,2013년 10월 4일 10시,금요일,강원도 원주시 관설동,경상사고,0,0,2,0,차대차 - 기타,안전운전불이행,건조,맑음,교차로 - 교차로부근,기타불명,기타불명,기타불명,기타불명,승용,여,44세,경상
2013100400100179,2013년 10월 4일 10시,금요일,강원도 홍천군 서면,경상사고,0,0,4,0,차대차 - 기타,중앙선침범,건조,맑음,기타 - 기타,승용,남,29세,상해없음,승용,남,56세,경상
2013100400100180,2013년 10월 4일 10시,금요일,강원도 태백시 황지동,경상사고,0,0,1,0,차대차 - 기타,안전거리미확보,건조,맑음,단일로 - 기타,승합,남,59세,상해없음,승용,남,51세,경상
2013100400100265,2013년 10월 4일 13시,금요일,강원도 춘천시 퇴계동,경상사고,0,0,1,0,차대사람 - 기타,안전운전불이행,건조,맑음,단일로 - 기타,승용,여,47세,상해없음,보행자,여,9세,경상
2013100400100266,2013년 10월 4일 13시,금요일,강원도 속초시 영랑동,경상사고,0,0,1,0,차대차 - 측면직각충돌,신호위반,건조,맑음,교차로 - 교차로안,승용,남,39세,상해없음,화물,남,52세,상해없음
2013100400100267,2013년 10월 4일 13시,금요일,강원도 고성군 토성면,경상사고,0,0,2,0,차대차 - 추돌 - 주정차중,안전운전불이행,건조,맑음,단일로 - 기타,화물,남,42세,상해없음,승용,남,45세,경상
2013100400100303,2013년 10월 4일 14시,금요일,강원도 영월군 영월읍,경상사고,0,0,1,0,차대차 - 측면직각충돌,안전운전불이행,건조,맑음,교차로 - 교차로부근,원동기,여,28세,상해없음,승용,남,31세,경상
2013100400100304,2013년 10월 4일 14시,금요일,강원도 인제군 북면,경상사고,0,0,2,0,차대차 - 측면직각충돌,중앙선침범,건조,맑음,단일로 - 기타,승용,남,64세,상해없음,승용,남,29세,경상
2013100400100352,2013년 10월 4일 15시,금요일,강원도 속초시 장사동,중상사고,0,2,0,0,차대차 - 측면직각충돌,교차로운행방법위반,건조,맑음,교차로 - 교차로안,승용,여,65세,상해없음,이륜,남,62세,중상
2013100400100391,2013년 10월 4일 16시,금요일,강원도 양양군 양양읍,경상사고,0,0,1,0,차대사람 - 차도통행중,안전운전불이행,건조,맑음,단일로 - 기타,승용,남,52세,상해없음,보행자,여,59세,경상
2013100400100392,2013년 10월 4일 16시,금요일,강원도 홍천군 남면,중상사고,0,1,1,0,차대차 - 기타,안전운전불이행,건조,맑음,교차로 - 교차로부근,승용,남,30세,상해없음,이륜,남,77세,경상
2013100400100436,2013년 10월 4일 17시,금요일,강원도 원주시 학성동,경상사고,0,0,1,0,차대차 - 기타,안전운전불이행,건조,맑음,교차로 - 교차로부근,화물,남,63세,상해없음,이륜,여,23세,경상
2013100400100437,2013년 10월 4일 17시,금요일,강원도 원주시 신림면,중상사고,0,2,2,0,차대차 - 측면직각충돌,안전운전불이행,건조,맑음,단일로 - 기타,승용,여,52세,경상,승용,남,40세,경상
2013100400100480,2013년 10월 4일 18시,금요일,강원도 강릉시 명주동,중상사고,0,1,0,0,차대사람 - 횡단중,신호위반,건조,맑음,교차로 - 교차로안,승용,남,63세,상해없음,보행자,여,8세,중상
2013100400100481,2013년 10월 4일 18시,금요일,강원도 평창군 평창읍,경상사고,0,0,3,0,차대차 - 추돌 - 주정차중,안전운전불이행,건조,맑음,단일로 - 기타,승용,남,48세,상해없음,승용,여,50세,경상
2013100400100520,2013년 10월 4일 19시,금요일,강원도 춘천시 후평동,중상사고,0,1,0,0,차대사람 - 기타,안전운전불이행,건조,맑음,교차로 - 교차로안,승용,남,25세,상해없음,보행자,여,85세,중상
2013100400100521,2013년 10월 4일 19시,금요일,강원도 춘천시 퇴계동,경상사고,0,0,1,0,차대차 - 측면직각충돌,안전운전불이행,건조,맑음,단일로 - 기타,승합,남,55세,상해없음,승용,여,53세,경상
2013100400100522,2013년 10월 4일 19시,금요일,강원도 원주시 중앙동,경상사고,0,0,1,0,차대차 - 측면직각충돌,차로위반,건조,맑음,교차로 - 교차로부근,승합,남,48세,상해없음,화물,여,55세,경상
2013100400100523,2013년 10월 4일 19시,금요일,강원도 정선군 사북읍,경상사고,0,0,1,0,차대차 - 측면직각충돌,안전운전불이행,건조,맑음,교차로 - 교차로안,승용,남,58세,상해없음,원동기,남,62세,경상
2013100400100524,2013년 10월 4일 19시,금요일,강원도 양구군 양구읍,중상사고,0,1,1,0,차대차 - 측면직각충돌,교차로운행방법위반,건조,맑음,교차로 - 교차로안,이륜,남,71세,경상,이륜,남,17세,중상
2013100400100609,2013년 10월 4일 21시,금요일,강원도 강릉시 성남동,경상사고,0,0,2,0,차대차 - 측면직각충돌,안전운전불이행,건조,맑음,교차로 - 교차로안,승합,남,57세,상해없음,승용,여,36세,경상
2013100400100610,2013년 10월 4일 21시,금요일,강원도 원주시 원동,경상사고,0,0,1,0,차량단독 - 기타,안전운전불이행,건조,맑음,단일로 - 기타,기타불명,기타불명,기타불명,기타불명,,,,
2013100400100683,2013년 10월 4일 23시,금요일,강원도 원주시 무실동,경상사고,0,0,1,0,차대차 - 추돌 - 진행중,안전거리미확보,건조,맑음,교차로 - 교차로부근,승합,남,52세,상해없음,승용,여,58세,경상
2013100500100013,2013년 10월 5일 00시,토요일,강원도 강릉시 포남동,경상사고,0,0,1,0,차대사람 - 횡단중,안전운전불이행,건조,흐림,단일로 - 기타,승합,남,47세,상해없음,보행자,남,47세,경상
2013100500100084,2013년 10월 5일 03시,토요일,강원도 속초시 조양동,경상사고,0,0,1,0,차대차 - 측면직각충돌,안전운전불이행,건조,맑음,단일로 - 기타,승용,남,21세,상해없음,승용,남,33세,상해없음
2013100500100101,2013년 10월 5일 04시,토요일,강원도 원주시 태장동,중상사고,0,1,1,0,차대차 - 정면충돌,신호위반,건조,맑음,교차로 - 교차로안,승용,남,29세,경상,승용,남,43세,중상
2013100500100102,2013년 10월 5일 04시,토요일,강원도 동해시 천곡동,경상사고,0,0,2,0,차대차 - 기타,안전운전불이행,건조,맑음,기타 - 기타,승용,남,20세,상해없음,승용,남,48세,경상
2013100500100109,2013년 10월 5일 05시,토요일,강원도 원주시 개운동,사망사고,1,0,0,0,차대사람 - 횡단중,안전운전불이행,건조,맑음,단일로 - 기타,승용,남,37세,상해없음,보행자,여,93세,사망
2013100500100119,2013년 10월 5일 06시,토요일,강원도 원주시 명륜동,중상사고,0,1,2,0,차대차 - 측면직각충돌,안전운전불이행,건조,맑음,단일로 - 기타,승용,여,52세,상해없음,승용,여,30세,중상
2013100500100136,2013년 10월 5일 07시,토요일,강원도 인제군 남면,중상사고,0,1,0,0,차대차 - 측면직각충돌,중앙선침범,건조,맑음,단일로 - 기타,건설기계,남,44세,상해없음,승용,남,30세,중상
2013100500100200,2013년 10월 5일 09시,토요일,강원도 강릉시 포남동,경상사고,0,0,1,0,차대차 - 기타,안전운전불이행,건조,맑음,교차로 - 교차로안,승용,여,26세,상해없음,승용,남,68세,경상
2013100500100201,2013년 10월 5일 09시,토요일,강원도 철원군 동송읍,중상사고,0,1,0,0,차대차 - 추돌 - 진행중,안전운전불이행,건조,맑음,단일로 - 기타,승합,남,43세,상해없음,자전거,여,48세,중상
2013100500100226,2013년 10월 5일 10시,토요일,강원도 춘천시 서면,중상사고,0,1,7,0,차대차 - 기타,중앙선침범,건조,맑음,단일로 - 기타,승용,남,50세,상해없음,승합,남,44세,경상
2013100500100227,2013년 10월 5일 10시,토요일,강원도 춘천시 운교동,경상사고,0,0,2,0,차대차 - 추돌 - 진행중,안전거리미확보,건조,맑음,단일로 - 기타,승용,남,30세,상해없음,승용,남,60세,경상
2013100500100228,2013년 10월 5일 10시,토요일,강원도 정선군 남면,중상사고,0,1,0,0,차대차 - 측면직각충돌,안전운전불이행,건조,맑음,단일로 - 기타,화물,남,43세,상해없음,화물,여,56세,중상
2013100500100257,2013년 10월 5일 11시,토요일,강원도 원주시 단구동,경상사고,0,0,1,0,차대차 - 측면직각충돌,안전거리미확보,건조,맑음,교차로 - 교차로부근,승용,남,74세,상해없음,승용,남,44세,경상
2013100500100258,2013년 10월 5일 11시,토요일,강원도 속초시 노학동,경상사고,0,0,4,0,차대차 - 추돌 - 주정차중,안전운전불이행,건조,맑음,교차로 - 교차로부근,승용,남,28세,상해없음,승용,남,37세,경상
2013100500100259,2013년 10월 5일 11시,토요일,강원도 홍천군 화촌면,경상사고,0,0,1,0,차대차 - 기타,안전운전불이행,건조,맑음,단일로 - 기타,승용,남,55세,상해없음,자전거,남,35세,경상
2013100500100291,2013년 10월 5일 12시,토요일,강원도 춘천시 석사동,경상사고,0,0,1,0,차대사람 - 횡단중,안전운전불이행,건조,맑음,교차로 - 교차로부근,승용,여,34세,상해없음,보행자,남,8세,경상
2013100500100292,2013년 10월 5일 12시,토요일,강원도 횡성군 횡성읍,중상사고,0,1,0,0,차대차 - 측면직각충돌,직진우회전진행방해,건조,맑음,교차로 - 교차로안,화물,남,57세,상해없음,원동기,남,63세,중상
2013100500100293,2013년 10월 5일 12시,토요일,강원도 양구군 양구읍,경상사고,0,0,1,0,차대차 - 추돌 - 진행중,안전거리미확보,건조,맑음,단일로 - 기타,승용,남,35세,상해없음,승용,여,22세,경상
2013100500100326,2013년 10월 5일 13시,토요일,강원도 춘천시 석사동,경상사고,0,0,2,0,차대차 - 측면직각충돌,안전거리미확보,건조,맑음,단일로 - 기타,화물,남,51세,상해없음,승용,남,41세,경상
2013100500100327,2013년 10월 5일 13시,토요일,강원도 춘천시 우두동,경상사고,0,0,1,0,차대차 - 측면직각충돌,신호위반,건조,맑음,교차로 - 교차로부근,화물,남,52세,상해없음,승용,남,37세,경상
2013100500100328,2013년 10월 5일 13시,토요일,강원도 원주시 태장동,경상사고,0,0,4,0,차대차 - 추돌 - 주정차중,안전거리미확보,건조,맑음,단일로 - 기타,화물,남,49세,상해없음,승용,남,61세,경상
2013100500100329,2013년 10월 5일 13시,토요일,강원도 원주시 태장동,중상사고,0,1,0,0,차대차 - 추돌 - 주정차중,안전거리미확보,건조,맑음,교차로 - 교차로부근,승용,남,33세,상해없음,승용,남,46세,중상
2013100500100330,2013년 10월 5일 13시,토요일,강원도 삼척시 도계읍,중상사고,0,1,0,0,차대사람 - 기타,안전운전불이행,건조,맑음,단일로 - 기타,승용,남,75세,상해없음,보행자,남,48세,중상
2013100500100331,2013년 10월 5일 13시,토요일,강원도 평창군 용평면,중상사고,0,1,0,0,차대사람 - 기타,안전운전불이행,건조,맑음,단일로 - 기타,농기계,남,58세,상해없음,보행자,여,37세,중상
2013100500100332,2013년 10월 5일 13시,토요일,강원도 동해시 신흥동,경상사고,0,0,3,0,차대차 - 측면직각충돌,안전운전불이행,건조,맑음,교차로 - 교차로안,승용,남,30세,상해없음,승용,남,62세,경상
2013100500100363,2013년 10월 5일 14시,토요일,강원도 태백시 황지동,경상사고,0,0,1,0,차대차 - 측면직각충돌,직진우회전진행방해,건조,맑음,교차로 - 교차로안,승용,여,36세,상해없음,승용,여,41세,상해없음
2013100500100400,2013년 10월 5일 15시,토요일,강원도 원주시 신림면,경상사고,0,0,2,0,차대차 - 기타,직진우회전진행방해,건조,맑음,교차로 - 교차로안,승용,여,39세,상해없음,승용,남,55세,경상
2013100500100401,2013년 10월 5일 15시,토요일,강원도 원주시 단구동,경상사고,0,0,1,0,차대차 - 기타,직진우회전진행방해,건조,맑음,교차로 - 교차로안,승용,남,31세,상해없음,이륜,남,50세,경상
2013100500100438,2013년 10월 5일 16시,토요일,강원도 원주시 명륜동,경상사고,0,0,3,0,차대차 - 기타,안전거리미확보,건조,흐림,단일로 - 기타,승용,남,20세,상해없음,승용,여,51세,경상
2013100500100439,2013년 10월 5일 16시,토요일,강원도 평창군 용평면,중상사고,0,1,0,1,차대차 - 측면직각충돌,안전운전불이행,건조,맑음,단일로 - 기타,화물,남,38세,상해없음,원동기,남,39세,부상신고
2013100500100504,2013년 10월 5일 18시,토요일,강원도 홍천군 서면,경상사고,0,0,1,0,차대차 - 기타,안전운전불이행,건조,맑음,단일로 - 기타,승용,남,49세,상해없음,농기계,남,75세,경상
2013100500100548,2013년 10월 5일 19시,토요일,강원도 횡성군 횡성읍,경상사고,0,0,1,0,차대사람 - 기타,안전운전불이행,건조,맑음,단일로 - 기타,승용,남,42세,상해없음,보행자,여,7세,경상
2013100500100549,2013년 10월 5일 19시,토요일,강원도 동해시 나안동,중상사고,0,1,4,0,차대차 - 측면직각충돌,신호위반,건조,맑음,교차로 - 교차로안,승용,남,59세,상해없음,승용,여,44세,경상
2013100500100623,2013년 10월 5일 21시,토요일,강원도 원주시 무실동,경상사고,0,0,1,0,차대차 - 측면직각충돌,신호위반,건조,맑음,교차로 - 교차로안,화물,남,48세,상해없음,이륜,남,17세,경상
2013100500100660,2013년 10월 5일 22시,토요일,강원도 원주시 단계동,중상사고,0,1,1,0,차대차 - 추돌 - 진행중,안전거리미확보,건조,맑음,단일로 - 기타,승용,남,45세,상해없음,승용,여,42세,경상
2013100500100661,2013년 10월 5일 22시,토요일,강원도 원주시 흥업면,중상사고,0,2,0,0,차대차 - 추돌 - 진행중,안전거리미확보,건조,맑음,단일로 - 기타,승용,남,26세,상해없음,승용,남,52세,중상
2013100500100662,2013년 10월 5일 22시,토요일,강원도 속초시 노학동,중상사고,0,2,5,0,차대차 - 측면직각충돌,교차로운행방법위반,건조,맑음,교차로 - 교차로안,승용,남,49세,상해없음,승용,남,40세,경상
2013100500100689,2013년 10월 5일 23시,토요일,강원도 정선군 정선읍,경상사고,0,0,2,0,차대차 - 측면직각충돌,안전운전불이행,건조,맑음,교차로 - 교차로안,승용,남,42세,상해없음,승용,여,19세,경상
2013100600100010,2013년 10월 6일 00시,일요일,강원도 원주시 인동,중상사고,0,1,0,0,차대차 - 기타,직진우회전진행방해,건조,맑음,교차로 - 교차로안,승용,남,26세,상해없음,승용,남,43세,중상
2013100600100025,2013년 10월 6일 01시,일요일,강원도 속초시 교동,경상사고,0,0,1,0,차대차 - 측면직각충돌,불법유턴,건조,맑음,단일로 - 기타,승용,남,66세,상해없음,승용,남,35세,경상
2013100600100109,2013년 10월 6일 08시,일요일,강원도 원주시 단계동,부상신고사고,0,0,0,1,차량단독 - 공작물충돌,안전운전불이행,건조,맑음,단일로 - 기타,원동기,남,22세,부상신고,,,,
2013100600100110,2013년 10월 6일 08시,일요일,강원도 횡성군 횡성읍,경상사고,0,0,1,0,차대차 - 기타,직진우회전진행방해,건조,맑음,교차로 - 교차로안,승용,남,21세,상해없음,원동기,남,35세,경상
2013100600100125,2013년 10월 6일 09시,일요일,강원도 홍천군 서석면,중상사고,0,1,0,0,차량단독 - 기타,안전운전불이행,건조,맑음,단일로 - 기타,승용,남,67세,중상,,,,