사고번호,사고일시,요일,시군구,사고내용,사망자수,중상자수,경상자수,부상신고자수,사고유형,법규위반,노면상태,기상상태,도로형태,가해운전자 차종,가해운전자 성별,가해운전자 연령,가해운전자 상해정도,피해운전자 차종,피해운전자 성별,피해운전자 연령,피해운전자 상해정도
2013100600100150,2013년 10월 6일 10시,일요일,강원도 원주시 호저면,경상사고,0,0,1,0,차대차 - 측면직각충돌,신호위반,건조,맑음,교차로 - 교차로부근,승용,남,67세,상해없음,승용,여,47세,경상
2013100600100189,2013년 10월 6일 12시,일요일,강원도 원주시 단계동,경상사고,0,0,1,0,차대사람 - 횡단중,안전운전불이행,건조,맑음,단일로 - 기타,승용,남,71세,상해없음,보행자,남,4세,경상
2013100600100231,2013년 10월 6일 14시,일요일,강원도 삼척시 원덕읍,중상사고,0,3,0,0,차량단독 - 공작물충돌,안전운전불이행,습기,비,단일로 - 기타,승합,남,40세,중상,,,,
2013100600100232,2013년 10월 6일 14시,일요일,강원도 동해시 단봉동,경상사고,0,0,1,0,차대차 - 추돌 - 주정차중,안전거리미확보,습기,비,교차로 - 교차로부근,승용,남,53세,상해없음,승용,남,49세,경상
2013100600100252,2013년 10월 6일 15시,일요일,강원도 원주시 학성동,중상사고,0,1,0,0,차대차 - 추돌 - 진행중,안전거리미확보,건조,맑음,교차로 - 교차로부근,승용,남,55세,상해없음,승용,여,45세,중상
2013100600100253,2013년 10월 6일 15시,일요일,강원도 원주시 문막읍,경상사고,0,0,7,0,차대차 - 기타,안전거리미확보,건조,맑음,기타 - 기타,승용,남,21세,상해없음,승용,남,35세,경상
2013100600100286,2013년 10월 6일 16시,일요일,강원도 삼척시 미로면,중상사고,0,1,1,0,차대차 - 기타,중앙선침범,습기,비,단일로 - 기타,기타불명,기타불명,기타불명,기타불명,화물,여,50세,경상
2013100600100309,2013년 10월 6일 17시,일요일,강원도 춘천시 석사동,경상사고,0,0,1,0,차대차 - 추돌 - 진행중,안전운전불이행,건조,맑음,단일로 - 기타,화물,남,58세,상해없음,승용,남,36세,경상
2013100600100310,2013년 10월 6일 17시,일요일,강원도 원주시 문막읍,경상사고,0,0,1,0,차대차 - 측면직각충돌,교차로운행방법위반,건조,맑음,교차로 - 교차로안,승용,남,31세,상해없음,이륜,남,61세,경상
2013100600100341,2013년 10월 6일 18시,일요일,강원도 강릉시 교동,사망사고,1,0,0,0,차대사람 - 기타,안전운전불이행,습기,비,단일로 - 기타,승용,남,50세,상해없음,보행자,여,67세,사망
2013100600100342,2013년 10월 6일 18시,일요일,강원도 강릉시 입암동,경상사고,0,0,1,0,차대차 - 기타,안전운전불이행,습기,비,단일로 - 기타,승용,남,50세,상해없음,승용,남,52세,상해없음
2013100600100343,2013년 10월 6일 18시,일요일,강원도 원주시 무실동,경상사고,0,0,1,0,차대차 - 측면직각충돌,차로위반,건조,맑음,교차로 - 교차로안,승합,남,53세,상해없음,승용,남,57세,경상
2013100600100395,2013년 10월 6일 19시,일요일,강원도 춘천시 남산면,중상사고,0,1,0,0,차대차 - 추돌 - 주정차중,안전운전불이행,건조,맑음,단일로 - 기타,화물,남,68세,상해없음,화물,남,55세,기타불명
2013100600100396,2013년 10월 6일 19시,일요일,강원도 강릉시 교동,경상사고,0,0,1,0,차대차 - 기타,안전운전불이행,건조,맑음,교차로 - 교차로부근,승용,여,52세,상해없음,승용,남,66세,경상
2013100600100397,2013년 10월 6일 19시,일요일,강원도 홍천군 남면,경상사고,0,0,4,0,차대차 - 정면충돌,중앙선침범,건조,맑음,단일로 - 기타,승용,남,66세,상해없음,승용,남,36세,경상
2013100600100398,2013년 10월 6일 19시,일요일,강원도 태백시 황지동,경상사고,0,0,2,0,차대차 - 측면직각충돌,직진우회전진행방해,습기,비,교차로 - 교차로안,화물,남,53세,상해없음,승용,여,43세,경상
2013100600100422,2013년 10월 6일 20시,일요일,강원도 원주시 중앙동,경상사고,0,0,1,0,차대차 - 측면직각충돌,교차로운행방법위반,건조,맑음,교차로 - 교차로안,승용,여,36세,상해없음,승용,남,56세,상해없음
2013100600100423,2013년 10월 6일 20시,일요일,강원도 원주시 봉산동,경상사고,0,0,2,0,차대차 - 측면직각충돌,안전운전불이행,건조,맑음,교차로 - 교차로부근,승합,남,54세,상해없음,승용,여,38세,경상
2013100700100073,2013년 10월 7일 07시,월요일,강원도 춘천시 중앙로1가,경상사고,0,0,3,0,차대차 - 측면직각충돌,교차로운행방법위반,건조,맑음,교차로 - 교차로안,승합,남,66세,경상,승용,남,69세,경상
2013100700100074,2013년 10월 7일 07시,월요일,강원도 원주시 우산동,경상사고,0,0,1,0,차대차 - 추돌 - 진행중,안전운전불이행,건조,맑음,교차로 - 교차로부근,승용,남,45세,상해없음,승용,남,44세,경상
2013100700100101,2013년 10월 7일 08시,월요일,강원도 영월군 주천면,중상사고,0,1,0,0,차대차 - 기타,안전운전불이행,건조,맑음,단일로 - 기타,승용,여,38세,상해없음,자전거,남,6세,중상
2013100700100102,2013년 10월 7일 08시,월요일,강원도 고성군 죽왕면,경상사고,0,0,1,0,차대차 - 추돌 - 주정차중,안전운전불이행,습기,비,단일로 - 기타,승용,남,42세,상해없음,승용,여,42세,경상
2013100700100133,2013년 10월 7일 09시,월요일,강원도 평창군 평창읍,경상사고,0,0,1,0,차대차 - 측면직각충돌,신호위반,건조,맑음,교차로 - 교차로안,화물,남,53세,상해없음,승용,여,30세,경상
2013100700100159,2013년 10월 7일 10시,월요일,강원도 원주시 단계동,중상사고,0,2,0,0,차대차 - 추돌 - 진행중,안전운전불이행,건조,맑음,단일로 - 기타,승용,남,80세,상해없음,승용,남,53세,중상
2013100700100160,2013년 10월 7일 10시,월요일,강원도 속초시 대포동,경상사고,0,0,8,0,차대차 - 측면직각충돌,신호위반,건조,맑음,교차로 - 교차로안,승용,여,37세,상해없음,승합,남,41세,경상
2013100700100192,2013년 10월 7일 11시,월요일,강원도 횡성군 횡성읍,중상사고,0,1,0,0,차대사람 - 보도통행중,안전운전불이행,건조,맑음,기타 - 기타,승용,남,21세,상해없음,보행자,여,63세,중상
2013100700100227,2013년 10월 7일 12시,월요일,강원도 춘천시 동내면,경상사고,0,0,1,0,차대차 - 측면직각충돌,교차로운행방법위반,건조,맑음,교차로 - 교차로안,승용,남,30세,상해없음,승용,남,47세,경상
2013100700100252,2013년 10월 7일 13시,월요일,강원도 원주시 단계동,경상사고,0,0,1,0,차대차 - 기타,안전운전불이행,건조,맑음,교차로 - 교차로부근,건설기계,남,53세,상해없음,승용,여,31세,경상
2013100700100304,2013년 10월 7일 15시,월요일,강원도 강릉시 포남동,중상사고,0,1,0,0,차대차 - 측면직각충돌,중앙선침범,건조,맑음,단일로 - 기타,이륜,남,39세,중상,승용,남,44세,상해없음
2013100700100361,2013년 10월 7일 17시,월요일,강원도 원주시 태장동,경상사고,0,0,1,0,차대차 - 기타,안전거리미확보,건조,맑음,단일로 - 기타,승용,남,33세,상해없음,원동기,남,35세,경상
2013100700100409,2013년 10월 7일 18시,월요일,강원도 원주시 단구동,중상사고,0,1,0,0,차대차 - 기타,교차로운행방법위반,건조,맑음,교차로 - 교차로안,승용,여,47세,상해없음,승용,남,40세,중상
2013100700100450,2013년 10월 7일 19시,월요일,강원도 춘천시 근화동,부상신고사고,0,0,0,1,차량단독 - 전도전복,안전운전불이행,건조,맑음,단일로 - 기타,원동기,남,73세,부상신고,,,,
2013100700100451,2013년 10월 7일 19시,월요일,강원도 원주시 개운동,경상사고,0,0,1,0,차대차 - 기타,안전거리미확보,건조,맑음,교차로 - 교차로부근,승용,남,58세,상해없음,승용,여,41세,경상
2013100700100491,2013년 10월 7일 20시,월요일,강원도 원주시 단계동,중상사고,0,2,0,0,차대사람 - 보도통행중,보행자보호의무위반,건조,맑음,단일로 - 기타,원동기,남,16세,상해없음,보행자,여,27세,중상
2013100700100524,2013년 10월 7일 21시,월요일,강원도 원주시 판부면,경상사고,0,0,2,0,차대차 - 기타,안전운전불이행,건조,맑음,단일로 - 기타,화물,남,54세,상해없음,승용,남,50세,경상
2013100700100603,2013년 10월 7일 23시,월요일,강원도 원주시 문막읍,사망사고,1,1,0,0,차대차 - 추돌 - 진행중,안전운전불이행,건조,맑음,단일로 - 기타,승용,남,55세,사망,화물,남,39세,중상
2013100800100031,2013년 10월 8일 01시,화요일,강원도 원주시 학성동,중상사고,0,1,0,0,차대차 - 측면직각충돌,교차로운행방법위반,건조,맑음,교차로 - 교차로안,승용,남,27세,상해없음,승용,남,50세,중상
2013100800100075,2013년 10월 8일 04시,화요일,강원도 원주시 단구동,경상사고,0,0,3,0,차대차 - 측면직각충돌,교차로운행방법위반,습기,비,교차로 - 교차로안,승용,남,25세,경상,승용,남,51세,경상
2013100800100158,2013년 10월 8일 08시,화요일,강원도 평창군 대화면,경상사고,0,0,1,0,차대사람 - 보도통행중,보행자보호의무위반,건조,맑음,단일로 - 횡단보도상,승용,여,29세,상해없음,보행자,여,73세,경상
2013100800100189,2013년 10월 8일 09시,화요일,강원도 춘천시 우두동,경상사고,0,0,1,0,차대차 - 기타,안전운전불이행,습기,비,교차로 - 교차로안,승용,여,44세,상해없음,자전거,여,54세,경상
2013100800100190,2013년 10월 8일 09시,화요일,강원도 원주시 판부면,중상사고,0,1,0,0,차대차 - 추돌 - 진행중,교차로운행방법위반,습기,비,교차로 - 교차로안,승용,여,56세,상해없음,자전거,남,40세,중상
2013100800100191,2013년 10월 8일 09시,화요일,강원도 원주시 단계동,중상사고,0,1,1,0,차대차 - 측면직각충돌,신호위반,습기,비,교차로 - 교차로안,승합,남,38세,상해없음,승용,여,52세,중상
2013100800100218,2013년 10월 8일 10시,화요일,강원도 삼척시 정상동,경상사고,0,0,3,0,차대차 - 측면직각충돌,안전운전불이행,습기,비,교차로 - 교차로안,승용,여,56세,경상,승용,여,36세,경상
2013100800100219,2013년 10월 8일 10시,화요일,강원도 동해시 이도동,경상사고,0,0,1,0,차대차 - 추돌 - 주정차중,안전운전불이행,습기,비,교차로 - 교차로부근,화물,남,61세,상해없음,승용,여,29세,경상
2013100800100253,2013년 10월 8일 11시,화요일,강원도 춘천시 석사동,경상사고,0,0,1,0,차대차 - 측면직각충돌,안전운전불이행,건조,맑음,단일로 - 기타,승용,여,30세,상해없음,승용,남,28세,경상
2013100800100254,2013년 10월 8일 11시,화요일,강원도 동해시 천곡동,경상사고,0,0,5,0,차대차 - 측면직각충돌,중앙선침범,습기,비,교차로 - 교차로부근,승용,남,55세,상해없음,승용,남,46세,경상
2013100800100292,2013년 10월 8일 12시,화요일,강원도 원주시 관설동,경상사고,0,0,1,0,차대사람 - 횡단중,안전운전불이행,건조,맑음,교차로 - 교차로안,승용,남,46세,상해없음,보행자,남,44세,경상
2013100800100325,2013년 10월 8일 13시,화요일,강원도 횡성군 횡성읍,경상사고,0,0,1,0,차대차 - 기타,교차로운행방법위반,건조,맑음,교차로 - 교차로안,승용,여,39세,상해없음,화물,남,35세,경상
2013100800100357,2013년 10월 8일 14시,화요일,강원도 원주시 무실동,중상사고,0,1,0,0,차대사람 - 횡단중,보행자보호의무위반,습기,비,단일로 - 횡단보도상,승용,여,38세,상해없음,보행자,남,6세,중상
2013100800100384,2013년 10월 8일 15시,화요일,강원도 춘천시 온의동,중상사고,0,1,1,0,차대차 - 추돌 - 진행중,안전운전불이행,습기,비,단일로 - 기타,화물,남,40세,상해없음,화물,남,32세,경상
2013100800100385,2013년 10월 8일 15시,화요일,강원도 춘천시 후평동,경상사고,0,0,1,0,차대사람 - 기타,중앙선침범,습기,비,단일로 - 기타,승용,남,63세,상해없음,보행자,남,43세,경상
2013100800100416,2013년 10월 8일 16시,화요일,강원도 춘천시 사농동,중상사고,0,1,0,0,차대사람 - 횡단중,보행자보호의무위반,습기,비,단일로 - 횡단보도상,승용,남,50세,상해없음,보행자,남,73세,중상
2013100800100417,2013년 10월 8일 16시,화요일,강원도 춘천시 석사동,중상사고,0,1,8,6,차대차 - 정면충돌,안전운전불이행,습기,비,단일로 - 기타,승합,남,44세,상해없음,승용,여,48세,중상
2013100800100418,2013년 10월 8일 16시,화요일,강원도 원주시 관설동,경상사고,0,0,1,0,차대사람 - 기타,중앙선침범,건조,맑음,단일로 - 기타,화물,남,54세,상해없음,보행자,여,56세,경상
2013100800100458,2013년 10월 8일 17시,화요일,강원도 원주시 호저면,경상사고,0,0,1,0,차대차 - 추돌 - 진행중,안전운전불이행,습기,비,기타 - 기타,승용,남,30세,상해없음,화물,남,38세,경상
2013100800100513,2013년 10월 8일 18시,화요일,강원도 강릉시 포남동,경상사고,0,0,1,0,차대차 - 측면직각충돌,신호위반,습기,비,교차로 - 교차로안,승용,여,42세,상해없음,승용,남,43세,경상
2013100800100514,2013년 10월 8일 18시,화요일,강원도 정선군 고한읍,경상사고,0,0,1,0,차대차 - 측면직각충돌,안전운전불이행,습기,비,단일로 - 기타,승용,남,42세,상해없음,승용,남,39세,경상
2013100800100515,2013년 10월 8일 18시,화요일,강원도 횡성군 횡성읍,중상사고,0,2,0,0,차대차 - 추돌 - 진행중,안전운전불이행,건조,맑음,교차로 - 교차로부근,승용,남,37세,상해없음,승용,여,51세,중상
2013100800100516,2013년 10월 8일 18시,화요일,강원도 동해시 천곡동,경상사고,0,0,3,0,차대차 - 기타,중앙선침범,습기,비,단일로 - 기타,승용,여,47세,상해없음,승용,남,34세,경상
2013100800100571,2013년 10월 8일 19시,화요일,강원도 춘천시 효자동,경상사고,0,0,1,0,차대차 - 측면직각충돌,안전운전불이행,건조,맑음,단일로 - 기타,승용,남,58세,상해없음,이륜,남,17세,경상
2013100800100613,2013년 10월 8일 20시,화요일,강원도 원주시 문막읍,경상사고,0,0,2,0,차대차 - 측면직각충돌,직진우회전진행방해,건조,맑음,교차로 - 교차로안,승용,남,44세,상해없음,승용,여,26세,경상
2013100800100655,2013년 10월 8일 21시,화요일,강원도 강릉시 노암동,경상사고,0,0,1,0,차대차 - 측면직각충돌,중앙선침범,습기,비,교차로 - 교차로부근,승용,남,47세,상해없음,승용,남,44세,경상
2013100800100656,2013년 10월 8일 21시,화요일,강원도 속초시 노학동,중상사고,0,1,0,0,차대사람 - 차도통행중,안전운전불이행,습기,비,교차로 - 교차로부근,승용,남,56세,상해없음,보행자,여,53세,중상
2013100800100693,2013년 10월 8일 22시,화요일,강원도 강릉시 초당동,경상사고,0,0,2,0,차대차 - 추돌 - 진행중,안전운전불이행,습기,비,단일로 - 기타,승용,남,51세,상해없음,승용,여,34세,경상
2013100800100694,2013년 10월 8일 22시,화요일,강원도 강릉시 노암동,경상사고,0,0,2,0,차대사람 - 기타,안전운전불이행,습기,비,단일로 - 기타,이륜,남,17세,기타불명,보행자,남,65세,경상
2013100800100695,2013년 10월 8일 22시,화요일,강원도 원주시 단계동,경상사고,0,0,1,0,차대차 - 기타,교차로운행방법위반,습기,흐림,교차로 - 교차로부근,승용,남,33세,상해없음,이륜,남,17세,경상
2013100800100696,2013년 10월 8일 22시,화요일,강원도 원주시 소초면,경상사고,0,0,1,0,차량단독 - 기타,기타,건조,맑음,단일로 - 기타,승합,남,43세,상해없음,,,,
2013100800100731,2013년 10월 8일 23시,화요일,강원도 강릉시 교동,중상사고,0,1,0,0,차대차 - 측면직각충돌,중앙선침범,습기,비,교차로 - 교차로부근,승용,남,43세,상해없음,이륜,남,22세,중상
2013100800100732,2013년 10월 8일 23시,화요일,강원도 원주시 행구동,경상사고,0,0,1,0,차대차 - 측면직각충돌,안전거리미확보,건조,맑음,단일로 - 기타,승용,남,49세,상해없음,승용,여,32세,경상
2013100800100733,2013년 10월 8일 23시,화요일,강원도 원주시 단구동,중상사고,0,1,0,0,차대사람 - 횡단중,보행자보호의무위반,건조,맑음,교차로 - 교차로안,화물,남,47세,상해없음,보행자,남,33세,중상
2013100900100051,2013년 10월 9일 02시,수요일,강원도 태백시 황지동,중상사고,0,1,1,0,차대사람 - 횡단중,보행자보호의무위반,건조,맑음,단일로 - 기타,승용,남,43세,상해없음,보행자,남,22세,경상
2013100900100080,2013년 10월 9일 04시,수요일,강원도 춘천시 효자동,경상사고,0,0,2,0,차대차 - 측면직각충돌,안전운전불이행,건조,맑음,교차로 - 교차로부근,승용,남,62세,상해없음,승용,남,31세,경상
2013100900100081,2013년 10월 9일 04시,수요일,강원도 원주시 단계동,경상사고,0,0,1,0,차량단독 - 공작물충돌,안전운전불이행,건조,맑음,교차로 - 교차로안,승용,남,17세,상해없음,,,,
2013100900100098,2013년 10월 9일 06시,수요일,강원도 강릉시 교동,중상사고,0,1,3,0,차대차 - 측면직각충돌,신호위반,습기,비,교차로 - 교차로안,화물,남,45세,상해없음,화물,남,44세,경상
2013100900100131,2013년 10월 9일 08시,수요일,강원도 원주시 명륜동,경상사고,0,0,1,0,차대차 - 측면직각충돌,교차로운행방법위반,건조,맑음,교차로 - 교차로안,승용,남,30세,상해없음,승용,남,46세,경상
2013100900100153,2013년 10월 9일 09시,수요일,강원도 태백시 소도동,중상사고,0,1,0,0,차대차 - 측면직각충돌,교차로운행방법위반,건조,맑음,교차로 - 교차로안,승용,남,53세,상해없음,승용,남,65세,중상
2013100900100174,2013년 10월 9일 10시,수요일,강원도 원주시 관설동,경상사고,0,0,1,0,차대사람 - 횡단중,안전운전불이행,건조,맑음,단일로 - 기타,승용,여,36세,상해없음,보행자,여,84세,경상
2013100900100207,2013년 10월 9일 11시,수요일,강원도 횡성군 공근면,경상사고,0,0,1,0,차대차 - 측면직각충돌,중앙선침범,건조,맑음,교차로 - 교차로안,승용,남,54세,상해없음,승용,남,66세,경상
2013100900100235,2013년 10월 9일 12시,수요일,강원도 횡성군 청일면,경상사고,0,0,1,0,차대차 - 추돌 - 진행중,안전운전불이행,건조,맑음,교차로 - 교차로안,화물,남,45세,상해없음,화물,남,50세,경상
2013100900100256,2013년 10월 9일 13시,수요일,강원도 원주시 단계동,경상사고,0,0,1,0,차대차 - 추돌 - 진행중,차로위반,건조,맑음,단일로 - 기타,화물,남,56세,상해없음,승용,여,45세,경상
2013100900100257,2013년 10월 9일 13시,수요일,강원도 삼척시 교동,경상사고,0,0,3,0,차대차 - 측면직각충돌,신호위반,건조,맑음,교차로 - 교차로부근,승용,남,64세,경상,승용,남,54세,경상
2013100900100258,2013년 10월 9일 13시,수요일,강원도 삼척시 정상동,중상사고,0,1,0,0,차대사람 - 보도통행중,보행자보호의무위반,건조,맑음,교차로 - 교차로안,승용,여,38세,상해없음,보행자,남,63세,중상
2013100900100284,2013년 10월 9일 14시,수요일,강원도 원주시 지정면,중상사고,0,2,0,1,차량단독 - 공작물충돌,안전운전불이행,건조,맑음,단일로 - 기타,승용,남,27세,부상신고,,,,
2013100900100285,2013년 10월 9일 14시,수요일,강원도 양양군 현남면,경상사고,0,0,1,0,차량단독 - 전도전복,안전운전불이행,건조,맑음,단일로 - 기타,승용,여,28세,상해없음,,,,
2013100900100286,2013년 10월 9일 14시,수요일,강원도 춘천시 동산면,중상사고,0,2,0,0,차대차 - 추돌 - 진행중,안전운전불이행,건조,맑음,단일로 - 기타,승용,남,65세,상해없음,승용,남,37세,중상
2013100900100403,2013년 10월 9일 18시,수요일,강원도 춘천시 퇴계동,경상사고,0,0,1,0,차대차 - 기타,안전운전불이행,건조,맑음,교차로 - 교차로안,기타불명,기타불명,기타불명,기타불명,이륜,남,29세,경상
2013100900100404,2013년 10월 9일 18시,수요일,강원도 춘천시 조양동,경상사고,0,0,1,0,차대차 - 기타,교차로운행방법위반,건조,맑음,교차로 - 교차로안,승용,남,65세,상해없음,이륜,남,42세,경상
2013100900100405,2013년 10월 9일 18시,수요일,강원도 원주시 소초면,경상사고,0,0,2,0,차대차 - 추돌 - 주정차중,안전거리미확보,건조,맑음,단일로 - 기타,승용,여,37세,상해없음,승용,여,32세,경상
2013100900100473,2013년 10월 9일 20시,수요일,강원도 원주시 단계동,경상사고,0,0,1,0,차대차 - 기타,안전거리미확보,건조,맑음,교차로 - 교차로부근,승용,남,29세,상해없음,승용,여,23세,상해없음
2013100900100525,2013년 10월 9일 22시,수요일,강원도 철원군 동송읍,경상사고,0,0,2,0,차대차 - 측면직각충돌,중앙선침범,건조,맑음,단일로 - 기타,승용,여,68세,경상,화물,남,20세,상해없음
2013101000100017,2013년 10월 10일 01시,목요일,강원도 춘천시 근화동,경상사고,0,0,1,0,차량단독 - 공작물충돌,안전운전불이행,건조,맑음,단일로 - 기타,승용,남,28세,상해없음,,,,
2013101000100029,2013년 10월 10일 02시,목요일,강원도 속초시 조양동,경상사고,0,0,1,0,차대사람 - 기타,안전운전불이행,건조,맑음,단일로 - 기타,승용,여,47세,상해없음,보행자,여,27세,상해없음
2013101000100056,2013년 10월 10일 05시,목요일,강원도 철원군 동송읍,경상사고,0,0,1,0,차대차 - 측면직각충돌,안전운전불이행,건조,맑음,단일로 - 기타,승용,남,50세,경상,특수,남,23세,상해없음
2013101000100081,2013년 10월 10일 07시,목요일,강원도 원주시 단구동,경상사고,0,0,1,0,차대차 - 측면직각충돌,교차로운행방법위반,건조,맑음,교차로 - 교차로안,승합,남,44세,상해없음,승용,남,57세,상해없음
2013101000100082,2013년 10월 10일 07시,목요일,강원도 동해시 효가동,경상사고,0,0,1,0,차대차 - 측면직각충돌,안전거리미확보,건조,맑음,단일로 - 기타,화물,남,34세,상해없음,승용,남,50세,경상
2013101000100178,2013년 10월 10일 10시,목요일,강원도 원주시 무실동,경상사고,0,0,2,0,차대차 - 측면직각충돌,기타,건조,맑음,단일로 - 기타,승용,여,58세,상해없음,승용,여,54세,경상
2013101000100265,2013년 10월 10일 13시,목요일,강원도 철원군 갈말읍,경상사고,0,0,1,0,차대차 - 추돌 - 진행중,중앙선침범,건조,맑음,단일로 - 기타,승용,남,55세,상해없음,승용,여,59세,경상
2013101000100289,2013년 10월 10일 14시,목요일,강원도 춘천시 퇴계동,부상신고사고,0,0,0,1,차대사람 - 기타,보행자보호의무위반,건조,맑음,단일로 - 기타,이륜,남,55세,상해없음,보행자,남,9세,부상신고
2013101000100290,2013년 10월 10일 14시,목요일,강원도 횡성군 갑천면,중상사고,0,1,0,0,차대차 - 기타,중앙선침범,건조,맑음,단일로 - 기타,승용,남,54세,상해없음,화물,남,52세,중상
2013101000100311,2013년 10월 10일 15시,목요일,강원도 춘천시 후평동,경상사고,0,0,1,0,차대차 - 측면직각충돌,교차로운행방법위반,건조,맑음,교차로 - 교차로안,승용,여,47세,상해없음,자전거,남,46세,경상
2013101000100336,2013년 10월 10일 16시,목요일,강원도 원주시 단구동,중상사고,0,1,0,0,차대차 - 기타,안전운전불이행,건조,맑음,교차로 - 교차로안,승용,남,47세,상해없음,자전거,여,66세,중상
2013101000100337,2013년 10월 10일 16시,목요일,강원도 태백시 황지동,경상사고,0,0,1,0,차대사람 - 횡단중,안전운전불이행,건조,맑음,단일로 - 기타,승용,남,41세,상해없음,보행자,남,6세,경상
2013101000100338,2013년 10월 10일 16시,목요일,강원도 동해시 효가동,경상사고,0,0,5,0,차대차 - 추돌 - 주정차중,안전운전불이행,건조,맑음,교차로 - 교차로부근,화물,남,32세,상해없음,화물,여,56세,경상
2013101000100370,2013년 10월 10일 17시,목요일,강원도 강릉시 교동,중상사고,0,1,0,0,차대차 - 기타,중앙선침범,건조,맑음,교차로 - 교차로부근,승용,남,59세,상해없음,승용,여,42세,중상
2013101000100371,2013년 10월 10일 17시,목요일,강원도 철원군 동송읍,중상사고,0,4,1,0,차대차 - 측면직각충돌,신호위반,건조,맑음,교차로 - 교차로안,화물,남,64세,중상,화물,남,66세,중상
2013101000100406,2013년 10월 10일 18시,목요일,강원도 원주시 명륜동,경상사고,0,0,1,0,차대차 - 측면직각충돌,안전운전불이행,건조,맑음,단일로 - 기타,승용,남,57세,상해없음,원동기,남,17세,경상
2013101000100407,2013년 10월 10일 18시,목요일,강원도 평창군 평창읍,중상사고,0,1,0,0,차대사람 - 차도통행중,보행자보호의무위반,건조,맑음,단일로 - 기타,승용,여,53세,상해없음,보행자,여,81세,중상
2013101000100474,2013년 10월 10일 19시,목요일,강원도 평창군 대관령면,중상사고,0,3,0,0,차대차 - 측면직각충돌,중앙선침범,건조,맑음,단일로 - 기타,원동기,남,25세,중상,승용,남,37세,중상
2013101000100514,2013년 10월 10일 20시,목요일,강원도 원주시 문막읍,경상사고,0,0,1,0,차대차 - 기타,안전운전불이행,건조,맑음,단일로 - 기타,자전거,남,25세,경상,승용,남,41세,상해없음
2013101000100550,2013년 10월 10일 21시,목요일,강원도 춘천시 신동면,경상사고,0,0,2,0,차대차 - 측면직각충돌,교차로운행방법위반,건조,맑음,교차로 - 교차로안,승용,여,63세,상해없음,승용,남,34세,경상
2013101100100009,2013년 10월 11일 00시,금요일,강원도 춘천시 후평동,경상사고,0,0,1,0,차대사람 - 기타,보행자보호의무위반,건조,맑음,단일로 - 기타,승용,남,57세,상해없음,보행자,남,34세,경상
2013101100100111,2013년 10월 11일 06시,금요일,강원도 춘천시 후평동,중상사고,0,1,2,0,차대차 - 측면직각충돌,직진우회전진행방해,건조,맑음,교차로 - 교차로안,승용,남,22세,상해없음,화물,남,56세,경상
2013101100100112,2013년 10월 11일 06시,금요일,강원도 양구군 양구읍,경상사고,0,0,1,0,차대차 - 측면직각충돌,신호위반,건조,맑음,교차로 - 교차로안,화물,남,61세,상해없음,승용,남,32세,경상
2013101100100169,2013년 10월 11일 08시,금요일,강원도 강릉시 남문동,경상사고,0,0,3,0,차대차 - 측면직각충돌,신호위반,습기,비,교차로 - 교차로안,승용,남,32세,상해없음,승용,남,44세,경상
2013101100100170,2013년 10월 11일 08시,금요일,강원도 원주시 태장동,경상사고,0,0,1,0,차대사람 - 기타,안전운전불이행,건조,맑음,단일로 - 기타,승합,남,54세,기타불명,보행자,여,15세,경상
2013101100100171,2013년 10월 11일 08시,금요일,강원도 삼척시 원덕읍,중상사고,0,1,0,0,차대차 - 측면직각충돌,안전운전불이행,건조,맑음,기타 - 기타,건설기계,남,45세,중상,화물,남,52세,기타불명
2013101100100172,2013년 10월 11일 08시,금요일,강원도 홍천군 서석면,경상사고,0,0,1,0,차대차 - 추돌 - 진행중,안전거리미확보,건조,맑음,단일로 - 기타,승용,여,37세,상해없음,화물,남,53세,경상
2013101100100219,2013년 10월 11일 09시,금요일,강원도 강릉시 죽헌동,경상사고,0,0,1,0,차대차 - 측면직각충돌,안전운전불이행,건조,맑음,단일로 - 기타,승용,여,54세,기타불명,승용,여,33세,경상
2013101100100220,2013년 10월 11일 09시,금요일,강원도 원주시 학성동,경상사고,0,0,2,0,차대차 - 기타,교차로운행방법위반,건조,맑음,교차로 - 교차로부근,승합,여,46세,상해없음,승용,남,33세,경상
2013101100100221,2013년 10월 11일 09시,금요일,강원도 평창군 진부면,중상사고,0,1,0,0,차대사람 - 길가장자리구역통행중,안전운전불이행,건조,맑음,단일로 - 기타,승용,남,77세,상해없음,보행자,여,71세,중상
2013101100100302,2013년 10월 11일 12시,금요일,강원도 속초시 조양동,경상사고,0,0,1,0,차대차 - 측면직각충돌,안전운전불이행,건조,맑음,단일로 - 기타,승용,남,63세,상해없음,승용,남,38세,경상
2013101100100303,2013년 10월 11일 12시,금요일,강원도 고성군 죽왕면,경상사고,0,0,1,0,차대차 - 추돌 - 진행중,안전운전불이행,건조,맑음,단일로 - 기타,승합,남,19세,상해없음,승합,남,48세,경상
2013101100100343,2013년 10월 11일 13시,금요일,강원도 춘천시 삼천동,경상사고,0,0,2,0,차대차 - 정면충돌,중앙선침범,건조,맑음,단일로 - 기타,승용,여,50세,상해없음,화물,남,42세,경상
2013101100100369,2013년 10월 11일 14시,금요일,강원도 춘천시 남산면,경상사고,0,0,1,0,차대차 - 측면직각충돌,중앙선침범,건조,맑음,단일로 - 기타,승용,남,71세,상해없음,승용,여,26세,경상