사고번호,사고일시,요일,시군구,사고내용,사망자수,중상자수,경상자수,부상신고자수,사고유형,법규위반,노면상태,기상상태,도로형태,가해운전자 차종,가해운전자 성별,가해운전자 연령,가해운전자 상해정도,피해운전자 차종,피해운전자 성별,피해운전자 연령,피해운전자 상해정도
2013101100100370,2013년 10월 11일 14시,금요일,강원도 홍천군 홍천읍,경상사고,0,0,1,0,차대사람 - 기타,안전운전불이행,건조,맑음,기타 - 기타,화물,남,38세,상해없음,보행자,남,66세,경상
2013101100100403,2013년 10월 11일 15시,금요일,강원도 양양군 서면,중상사고,0,5,14,0,차대차 - 정면충돌,중앙선침범,건조,맑음,교차로 - 교차로안,화물,남,57세,중상,승합,남,22세,중상
2013101100100404,2013년 10월 11일 15시,금요일,강원도 횡성군 횡성읍,경상사고,0,0,2,0,차대차 - 측면직각충돌,안전운전불이행,건조,맑음,교차로 - 교차로안,승용,남,57세,상해없음,승합,남,32세,경상
2013101100100442,2013년 10월 11일 16시,금요일,강원도 원주시 관설동,중상사고,0,1,8,0,차대차 - 기타,안전거리미확보,건조,맑음,교차로 - 교차로안,화물,남,46세,상해없음,승용,남,21세,경상
2013101100100443,2013년 10월 11일 16시,금요일,강원도 원주시 귀래면,중상사고,0,1,0,0,차대사람 - 차도통행중,보행자보호의무위반,건조,맑음,단일로 - 기타,승용,여,30세,상해없음,보행자,남,2세,중상
2013101100100476,2013년 10월 11일 17시,금요일,강원도 원주시 단계동,중상사고,0,1,4,0,차대차 - 측면직각충돌,차로위반,건조,맑음,교차로 - 교차로부근,승용,남,50세,상해없음,승용,남,33세,경상
2013101100100515,2013년 10월 11일 18시,금요일,강원도 춘천시 동면,중상사고,0,1,0,0,차대차 - 측면직각충돌,안전운전불이행,건조,맑음,교차로 - 교차로안,승용,남,52세,상해없음,승용,남,60세,중상
2013101100100516,2013년 10월 11일 18시,금요일,강원도 속초시 영랑동,경상사고,0,0,1,0,차대차 - 측면직각충돌,중앙선침범,건조,맑음,단일로 - 기타,승합,남,23세,상해없음,승용,남,49세,경상
2013101100100517,2013년 10월 11일 18시,금요일,강원도 횡성군 횡성읍,경상사고,0,0,2,0,차대사람 - 횡단중,보행자보호의무위반,건조,맑음,단일로 - 횡단보도상,승용,여,26세,상해없음,보행자,남,22세,경상
2013101100100571,2013년 10월 11일 19시,금요일,강원도 원주시 무실동,부상신고사고,0,0,0,1,차대차 - 기타,교차로운행방법위반,건조,맑음,교차로 - 교차로부근,자전거,남,39세,부상신고,승용,남,72세,상해없음
2013101100100572,2013년 10월 11일 19시,금요일,강원도 동해시 천곡동,경상사고,0,0,4,0,차대차 - 추돌 - 주정차중,안전거리미확보,건조,맑음,교차로 - 교차로부근,승용,여,50세,상해없음,승용,남,47세,경상
2013101100100638,2013년 10월 11일 21시,금요일,강원도 속초시 노학동,중상사고,0,1,0,1,차대차 - 측면직각충돌,직진우회전진행방해,건조,맑음,교차로 - 교차로안,승용,남,27세,상해없음,승용,남,58세,중상
2013101100100697,2013년 10월 11일 23시,금요일,강원도 강릉시 포남동,경상사고,0,0,1,0,차대차 - 측면직각충돌,중앙선침범,건조,맑음,교차로 - 교차로안,승용,남,28세,상해없음,원동기,남,27세,경상
2013101100100698,2013년 10월 11일 23시,금요일,강원도 강릉시 포남동,경상사고,0,0,1,0,차대차 - 추돌 - 진행중,안전운전불이행,건조,맑음,단일로 - 기타,승용,남,19세,상해없음,승용,남,41세,경상
2013101200100092,2013년 10월 12일 05시,토요일,강원도 삼척시 남양동,경상사고,0,0,2,0,차대차 - 측면직각충돌,안전운전불이행,건조,맑음,교차로 - 교차로안,승용,남,26세,경상,승용,남,51세,경상
2013101200100111,2013년 10월 12일 06시,토요일,강원도 강릉시 회산동,경상사고,0,0,1,0,차대차 - 기타,안전운전불이행,건조,맑음,단일로 - 기타,기타불명,기타불명,기타불명,기타불명,승용,남,19세,경상
2013101200100134,2013년 10월 12일 07시,토요일,강원도 홍천군 내촌면,중상사고,0,1,0,0,차대차 - 기타,안전운전불이행,기타,안개,단일로 - 기타,화물,남,44세,상해없음,농기계,남,76세,중상
2013101200100135,2013년 10월 12일 07시,토요일,강원도 동해시 망상동,경상사고,0,0,2,0,차대차 - 기타,중앙선침범,건조,맑음,단일로 - 기타,승용,남,32세,상해없음,승용,여,33세,경상
2013101200100190,2013년 10월 12일 09시,토요일,강원도 평창군 대관령면,경상사고,0,0,4,0,차대차 - 측면직각충돌,안전운전불이행,건조,맑음,교차로 - 교차로안,승용,남,65세,상해없음,승용,남,52세,상해없음
2013101200100249,2013년 10월 12일 11시,토요일,강원도 동해시 천곡동,중상사고,0,1,0,0,차대사람 - 보도통행중,보행자보호의무위반,건조,맑음,단일로 - 횡단보도상,승용,남,24세,상해없음,보행자,여,13세,중상
2013101200100283,2013년 10월 12일 12시,토요일,강원도 화천군 화천읍,경상사고,0,0,3,0,차대차 - 기타,안전운전불이행,건조,맑음,단일로 - 기타,이륜,남,78세,경상,승용,남,58세,경상
2013101200100284,2013년 10월 12일 12시,토요일,강원도 인제군 인제읍,중상사고,0,1,0,0,차대차 - 측면직각충돌,신호위반,건조,맑음,교차로 - 교차로안,화물,남,52세,상해없음,승용,남,40세,중상
2013101200100350,2013년 10월 12일 14시,토요일,강원도 삼척시 미로면,사망사고,1,1,2,0,차대차 - 정면충돌,중앙선침범,건조,맑음,단일로 - 기타,이륜,남,41세,사망,승용,남,36세,중상
2013101200100398,2013년 10월 12일 15시,토요일,강원도 춘천시 석사동,중상사고,0,1,0,0,차량단독 - 기타,기타,건조,맑음,단일로 - 기타,승합,남,52세,상해없음,,,,
2013101200100399,2013년 10월 12일 15시,토요일,강원도 속초시 조양동,경상사고,0,0,1,0,차대차 - 측면직각충돌,교차로운행방법위반,건조,맑음,교차로 - 교차로안,승용,남,31세,상해없음,이륜,남,25세,경상
2013101200100439,2013년 10월 12일 16시,토요일,강원도 속초시 설악동,경상사고,0,0,1,0,차대사람 - 횡단중,안전운전불이행,건조,맑음,단일로 - 기타,승합,남,58세,상해없음,보행자,남,15세,경상
2013101200100440,2013년 10월 12일 16시,토요일,강원도 속초시 설악동,중상사고,0,1,0,0,차대사람 - 횡단중,안전운전불이행,건조,맑음,단일로 - 기타,승용,남,51세,상해없음,보행자,남,51세,중상
2013101200100506,2013년 10월 12일 18시,토요일,강원도 춘천시 온의동,경상사고,0,0,1,0,차대차 - 측면직각충돌,안전운전불이행,건조,맑음,단일로 - 기타,승용,남,25세,상해없음,원동기,남,29세,경상
2013101200100507,2013년 10월 12일 18시,토요일,강원도 원주시 무실동,경상사고,0,0,1,0,차대차 - 측면직각충돌,신호위반,건조,맑음,교차로 - 교차로안,화물,남,33세,상해없음,승용,남,44세,경상
2013101200100559,2013년 10월 12일 19시,토요일,강원도 강릉시 옥천동,경상사고,0,0,1,0,차대차 - 기타,안전운전불이행,건조,흐림,단일로 - 기타,화물,여,50세,상해없음,승용,남,34세,경상
2013101200100560,2013년 10월 12일 19시,토요일,강원도 횡성군 우천면,중상사고,0,1,0,0,차대차 - 기타,신호위반,건조,맑음,교차로 - 교차로안,화물,남,47세,상해없음,승용,여,32세,중상
2013101200100599,2013년 10월 12일 20시,토요일,강원도 춘천시 남산면,경상사고,0,0,1,0,차대차 - 추돌 - 주정차중,안전운전불이행,건조,맑음,교차로 - 교차로부근,화물,여,50세,기타불명,승용,남,36세,경상
2013101200100639,2013년 10월 12일 21시,토요일,강원도 원주시 단계동,중상사고,0,1,0,0,차대차 - 측면직각충돌,신호위반,건조,맑음,교차로 - 교차로안,화물,남,30세,상해없음,승용,여,51세,중상
2013101200100640,2013년 10월 12일 21시,토요일,강원도 횡성군 횡성읍,중상사고,0,1,3,0,차대차 - 측면직각충돌,안전운전불이행,건조,맑음,단일로 - 기타,승용,남,43세,상해없음,화물,남,53세,경상
2013101200100641,2013년 10월 12일 21시,토요일,강원도 철원군 동송읍,중상사고,0,1,0,0,차대사람 - 횡단중,보행자보호의무위반,건조,맑음,단일로 - 기타,승용,남,27세,상해없음,보행자,남,36세,중상
2013101300100015,2013년 10월 13일 00시,일요일,강원도 원주시 무실동,경상사고,0,0,1,0,차대차 - 추돌 - 진행중,안전운전불이행,건조,맑음,교차로 - 교차로부근,승용,남,29세,상해없음,승용,남,60세,경상
2013101300100052,2013년 10월 13일 02시,일요일,강원도 춘천시 후평동,경상사고,0,0,3,0,차대차 - 측면직각충돌,신호위반,건조,맑음,교차로 - 교차로안,승용,남,24세,상해없음,승용,남,50세,경상
2013101300100053,2013년 10월 13일 02시,일요일,강원도 원주시 단계동,경상사고,0,0,2,0,차대차 - 측면직각충돌,안전운전불이행,건조,맑음,교차로 - 교차로부근,승용,남,53세,상해없음,승합,남,37세,경상
2013101300100071,2013년 10월 13일 03시,일요일,강원도 강릉시 교동,경상사고,0,0,1,0,차대차 - 추돌 - 주정차중,안전운전불이행,건조,맑음,교차로 - 교차로부근,승용,남,33세,상해없음,화물,남,36세,경상
2013101300100072,2013년 10월 13일 03시,일요일,강원도 동해시 송정동,경상사고,0,0,2,0,차대차 - 기타,안전거리미확보,건조,맑음,교차로 - 교차로안,승용,남,47세,상해없음,승용,여,37세,경상
2013101300100119,2013년 10월 13일 07시,일요일,강원도 강릉시 강동면,중상사고,0,4,1,0,차대차 - 정면충돌,중앙선침범,건조,맑음,단일로 - 기타,승용,여,27세,중상,승용,남,42세,경상
2013101300100137,2013년 10월 13일 08시,일요일,강원도 영월군 수주면,중상사고,0,2,2,0,차대차 - 기타,중앙선침범,기타,안개,교차로 - 교차로부근,승용,여,49세,경상,승용,남,55세,중상
2013101300100155,2013년 10월 13일 09시,일요일,강원도 춘천시 동면,경상사고,0,0,6,0,차대차 - 기타,안전운전불이행,건조,맑음,교차로 - 교차로안,승용,남,43세,상해없음,승합,남,61세,경상
2013101300100172,2013년 10월 13일 10시,일요일,강원도 양구군 양구읍,경상사고,0,0,1,0,차대차 - 측면직각충돌,신호위반,건조,맑음,교차로 - 교차로안,승용,남,34세,상해없음,화물,남,66세,경상
2013101300100262,2013년 10월 13일 14시,일요일,강원도 춘천시 소양로1가,경상사고,0,0,2,0,차대차 - 추돌 - 진행중,안전운전불이행,건조,맑음,단일로 - 기타,승용,여,74세,상해없음,승용,남,66세,경상
2013101300100263,2013년 10월 13일 14시,일요일,강원도 홍천군 남면,경상사고,0,0,4,0,차대차 - 추돌 - 진행중,안전거리미확보,건조,맑음,교차로 - 교차로부근,건설기계,남,57세,상해없음,승용,남,21세,경상
2013101300100295,2013년 10월 13일 15시,일요일,강원도 횡성군 둔내면,중상사고,0,3,7,0,차대차 - 추돌 - 진행중,안전운전불이행,건조,맑음,단일로 - 기타,승용,남,45세,상해없음,승용,남,32세,중상
2013101300100320,2013년 10월 13일 16시,일요일,강원도 춘천시 온의동,경상사고,0,0,2,0,차대차 - 측면직각충돌,안전운전불이행,건조,맑음,단일로 - 기타,승용,여,40세,상해없음,승용,남,69세,경상
2013101300100343,2013년 10월 13일 17시,일요일,강원도 강릉시 교동,경상사고,0,0,1,0,차대차 - 기타,안전운전불이행,건조,맑음,교차로 - 교차로안,승합,남,47세,상해없음,자전거,남,70세,경상
2013101300100344,2013년 10월 13일 17시,일요일,강원도 속초시 조양동,중상사고,0,1,4,0,차대차 - 측면직각충돌,신호위반,건조,맑음,교차로 - 교차로안,화물,남,42세,상해없음,승용,남,36세,중상
2013101300100374,2013년 10월 13일 18시,일요일,강원도 춘천시 퇴계동,경상사고,0,0,1,0,차대차 - 측면직각충돌,안전운전불이행,건조,맑음,교차로 - 교차로부근,승용,남,27세,상해없음,이륜,남,44세,경상
2013101300100375,2013년 10월 13일 18시,일요일,강원도 태백시 문곡동,경상사고,0,0,2,0,차대차 - 측면직각충돌,안전거리미확보,건조,맑음,단일로 - 기타,화물,남,61세,상해없음,승용,남,44세,경상
2013101300100376,2013년 10월 13일 18시,일요일,강원도 양구군 양구읍,중상사고,0,1,0,0,차대차 - 측면직각충돌,안전거리미확보,건조,흐림,단일로 - 교량,승용,남,54세,상해없음,원동기,남,38세,중상
2013101300100377,2013년 10월 13일 18시,일요일,강원도 동해시 북평동,중상사고,0,1,0,0,차대사람 - 횡단중,보행자보호의무위반,건조,맑음,단일로 - 횡단보도상,승용,여,31세,상해없음,보행자,여,74세,중상
2013101300100411,2013년 10월 13일 19시,일요일,강원도 춘천시 사농동,경상사고,0,0,1,1,차대차 - 측면직각충돌,교차로운행방법위반,건조,맑음,교차로 - 교차로안,승용,남,41세,상해없음,이륜,남,53세,부상신고
2013101300100412,2013년 10월 13일 19시,일요일,강원도 홍천군 서면,중상사고,0,1,3,0,차대차 - 기타,중앙선침범,건조,흐림,기타 - 기타,승용,남,42세,상해없음,승용,남,58세,상해없음
2013101300100413,2013년 10월 13일 19시,일요일,강원도 철원군 갈말읍,중상사고,0,1,0,0,차대사람 - 횡단중,안전운전불이행,건조,맑음,단일로 - 기타,승용,남,36세,상해없음,보행자,여,75세,중상
2013101300100432,2013년 10월 13일 20시,일요일,강원도 삼척시 도계읍,경상사고,0,0,3,0,차대차 - 측면직각충돌,안전운전불이행,건조,맑음,교차로 - 교차로안,승용,여,65세,상해없음,화물,남,41세,경상
2013101300100455,2013년 10월 13일 21시,일요일,강원도 원주시 문막읍,중상사고,0,1,1,0,차대차 - 측면직각충돌,안전거리미확보,건조,맑음,교차로 - 교차로부근,이륜,남,17세,경상,이륜,남,17세,중상
2013101400100039,2013년 10월 14일 05시,월요일,강원도 춘천시 효자동,사망사고,1,0,0,0,차량단독 - 공작물충돌,안전운전불이행,건조,맑음,단일로 - 기타,이륜,남,30세,사망,,,,
2013101400100040,2013년 10월 14일 05시,월요일,강원도 춘천시 동면,중상사고,0,1,7,0,차대차 - 기타,교차로운행방법위반,건조,맑음,교차로 - 교차로안,승합,남,73세,경상,승용,남,64세,경상
2013101400100058,2013년 10월 14일 06시,월요일,강원도 삼척시 원덕읍,중상사고,0,2,0,0,차대차 - 측면직각충돌,중앙선침범,건조,맑음,교차로 - 교차로부근,화물,남,59세,중상,승용,남,45세,중상
2013101400100116,2013년 10월 14일 08시,월요일,강원도 원주시 개운동,사망사고,1,0,0,0,차대사람 - 횡단중,안전운전불이행,건조,맑음,단일로 - 기타,승용,남,35세,상해없음,보행자,여,68세,사망
2013101400100163,2013년 10월 14일 09시,월요일,강원도 원주시 태장동,경상사고,0,0,1,0,차대사람 - 기타,안전운전불이행,건조,맑음,기타 - 기타,기타불명,기타불명,기타불명,기타불명,보행자,남,36세,경상
2013101400100227,2013년 10월 14일 11시,월요일,강원도 속초시 조양동,중상사고,0,2,0,0,차대차 - 추돌 - 진행중,안전운전불이행,건조,맑음,단일로 - 기타,승용,남,51세,상해없음,승용,남,66세,중상
2013101400100228,2013년 10월 14일 11시,월요일,강원도 고성군 토성면,경상사고,0,0,1,0,차량단독 - 기타,안전운전불이행,건조,맑음,단일로 - 기타,기타불명,남,17세,기타불명,,,,
2013101400100229,2013년 10월 14일 11시,월요일,강원도 양구군 양구읍,중상사고,0,2,0,2,차대차 - 측면직각충돌,안전운전불이행,건조,맑음,교차로 - 교차로안,승용,여,31세,부상신고,화물,남,58세,중상
2013101400100281,2013년 10월 14일 13시,월요일,강원도 양양군 서면,경상사고,0,0,3,0,차대차 - 정면충돌,안전운전불이행,건조,맑음,단일로 - 기타,승용,남,47세,상해없음,승용,남,35세,경상
2013101400100314,2013년 10월 14일 14시,월요일,강원도 평창군 평창읍,중상사고,0,1,0,0,차대차 - 기타,안전운전불이행,건조,맑음,단일로 - 기타,승용,남,59세,상해없음,자전거,남,81세,중상
2013101400100362,2013년 10월 14일 15시,월요일,강원도 원주시 단계동,경상사고,0,0,1,0,차대차 - 측면직각충돌,교차로운행방법위반,건조,맑음,교차로 - 교차로안,승용,남,67세,상해없음,원동기,남,52세,경상
2013101400100396,2013년 10월 14일 16시,월요일,강원도 춘천시 효자동,경상사고,0,0,1,0,차대차 - 측면직각충돌,기타,건조,맑음,교차로 - 교차로안,승용,여,36세,상해없음,승용,남,52세,경상
2013101400100397,2013년 10월 14일 16시,월요일,강원도 춘천시 효자동,경상사고,0,0,1,0,차대사람 - 기타,안전운전불이행,건조,맑음,단일로 - 기타,승용,남,57세,상해없음,보행자,남,19세,경상
2013101400100398,2013년 10월 14일 16시,월요일,강원도 원주시 일산동,중상사고,0,1,0,0,차대차 - 측면직각충돌,교차로운행방법위반,건조,맑음,교차로 - 교차로안,승용,남,48세,상해없음,자전거,여,58세,중상
2013101400100399,2013년 10월 14일 16시,월요일,강원도 원주시 관설동,중상사고,0,1,1,1,차대차 - 추돌 - 주정차중,안전거리미확보,건조,맑음,단일로 - 기타,승합,여,53세,상해없음,승용,여,38세,중상
2013101400100400,2013년 10월 14일 16시,월요일,강원도 속초시 청호동,경상사고,0,0,3,0,차대차 - 추돌 - 진행중,교차로운행방법위반,건조,맑음,교차로 - 교차로안,승용,남,32세,상해없음,승용,여,24세,경상
2013101400100401,2013년 10월 14일 16시,월요일,강원도 원주시 호저면,중상사고,0,1,1,0,차대차 - 측면직각충돌,안전운전불이행,건조,맑음,단일로 - 기타,승용,여,51세,중상,건설기계,남,44세,상해없음
2013101400100438,2013년 10월 14일 17시,월요일,강원도 정선군 남면,중상사고,0,1,0,0,차대차 - 측면직각충돌,교차로운행방법위반,건조,맑음,교차로 - 교차로안,승용,여,41세,상해없음,승용,남,85세,중상
2013101400100439,2013년 10월 14일 17시,월요일,강원도 동해시 천곡동,경상사고,0,0,1,0,차대차 - 추돌 - 진행중,안전운전불이행,건조,맑음,교차로 - 교차로안,승용,남,22세,상해없음,승용,여,60세,경상
2013101400100487,2013년 10월 14일 18시,월요일,강원도 홍천군 화촌면,경상사고,0,0,1,0,차대사람 - 기타,안전운전불이행,건조,맑음,단일로 - 기타,승용,기타불명,기타불명,기타불명,보행자,남,50세,경상
2013101400100488,2013년 10월 14일 18시,월요일,강원도 철원군 근남면,중상사고,0,1,0,0,차대차 - 추돌 - 주정차중,안전운전불이행,건조,맑음,단일로 - 기타,승용,남,53세,상해없음,농기계,남,35세,상해없음
2013101400100545,2013년 10월 14일 19시,월요일,강원도 춘천시 효자동,경상사고,0,0,1,0,차대차 - 기타,교차로운행방법위반,건조,맑음,교차로 - 교차로안,승용,여,25세,상해없음,이륜,남,27세,경상
2013101400100546,2013년 10월 14일 19시,월요일,강원도 원주시 단구동,경상사고,0,0,2,0,차대차 - 측면직각충돌,신호위반,건조,맑음,교차로 - 교차로안,승용,남,40세,상해없음,승용,남,56세,경상
2013101400100547,2013년 10월 14일 19시,월요일,강원도 원주시 단계동,중상사고,0,1,0,0,차대차 - 측면직각충돌,신호위반,건조,맑음,교차로 - 교차로안,승용,남,54세,상해없음,원동기,남,19세,중상
2013101400100646,2013년 10월 14일 22시,월요일,강원도 원주시 무실동,중상사고,0,1,2,0,차대차 - 측면직각충돌,신호위반,건조,맑음,교차로 - 교차로안,승용,남,60세,상해없음,승용,남,43세,경상
2013101400100647,2013년 10월 14일 22시,월요일,강원도 원주시 단계동,중상사고,0,1,0,0,차대차 - 기타,신호위반,건조,맑음,교차로 - 교차로안,승용,남,70세,상해없음,이륜,남,16세,중상
2013101400100648,2013년 10월 14일 22시,월요일,강원도 원주시 단구동,경상사고,0,0,1,0,차대차 - 측면직각충돌,안전운전불이행,건조,맑음,교차로 - 교차로안,승용,남,42세,상해없음,승용,여,30세,경상
2013101400100678,2013년 10월 14일 23시,월요일,강원도 원주시 문막읍,경상사고,0,0,1,0,차량단독 - 공작물충돌,안전운전불이행,건조,맑음,교차로 - 교차로부근,승용,여,32세,상해없음,,,,
2013101500100050,2013년 10월 15일 05시,화요일,강원도 원주시 흥업면,경상사고,0,0,1,0,차대차 - 측면직각충돌,신호위반,건조,맑음,교차로 - 교차로안,화물,남,54세,상해없음,승용,남,55세,경상
2013101500100051,2013년 10월 15일 05시,화요일,강원도 동해시 나안동,경상사고,0,0,2,0,차대차 - 측면직각충돌,차로위반,습기,비,단일로 - 기타,승용,남,55세,상해없음,화물,남,24세,경상
2013101500100076,2013년 10월 15일 07시,화요일,강원도 원주시 호저면,경상사고,0,0,1,0,차대차 - 기타,신호위반,건조,맑음,교차로 - 교차로부근,승용,남,46세,상해없음,자전거,남,46세,경상
2013101500100129,2013년 10월 15일 09시,화요일,강원도 원주시 문막읍,경상사고,0,0,1,0,차대차 - 추돌 - 주정차중,안전거리미확보,건조,맑음,단일로 - 기타,승합,남,55세,상해없음,원동기,남,76세,경상
2013101500100149,2013년 10월 15일 10시,화요일,강원도 춘천시 중앙로1가,경상사고,0,0,1,0,차대차 - 측면직각충돌,교차로운행방법위반,건조,맑음,교차로 - 교차로부근,승용,여,41세,상해없음,자전거,남,80세,경상
2013101500100150,2013년 10월 15일 10시,화요일,강원도 철원군 갈말읍,경상사고,0,0,2,0,차대차 - 측면직각충돌,중앙선침범,습기,비,단일로 - 기타,건설기계,남,42세,상해없음,승용,여,49세,경상
2013101500100180,2013년 10월 15일 11시,화요일,강원도 양양군 강현면,경상사고,0,0,2,0,차대차 - 측면직각충돌,안전운전불이행,건조,맑음,단일로 - 기타,화물,남,41세,상해없음,승용,남,47세,경상
2013101500100231,2013년 10월 15일 13시,화요일,강원도 춘천시 옥천동,경상사고,0,0,2,0,차대차 - 측면직각충돌,안전운전불이행,건조,맑음,단일로 - 기타,승용,여,55세,상해없음,승용,남,49세,경상
2013101500100232,2013년 10월 15일 13시,화요일,강원도 속초시 노학동,경상사고,0,0,1,0,차대차 - 측면직각충돌,안전운전불이행,건조,맑음,단일로 - 기타,승용,남,65세,상해없음,승용,남,32세,경상
2013101500100264,2013년 10월 15일 14시,화요일,강원도 원주시 명륜동,중상사고,0,1,1,0,차대차 - 기타,안전거리미확보,건조,맑음,교차로 - 교차로부근,승용,남,46세,상해없음,승용,여,44세,중상
2013101500100265,2013년 10월 15일 14시,화요일,강원도 태백시 황지동,경상사고,0,0,1,0,차대사람 - 보도통행중,기타,습기,비,기타 - 기타,승용,남,40세,상해없음,보행자,여,51세,경상
2013101500100296,2013년 10월 15일 15시,화요일,강원도 강릉시 용강동,중상사고,0,1,0,0,차대사람 - 기타,안전운전불이행,습기,비,단일로 - 기타,승용,남,69세,상해없음,보행자,여,60세,중상
2013101500100297,2013년 10월 15일 15시,화요일,강원도 원주시 일산동,부상신고사고,0,0,0,1,차대차 - 측면직각충돌,교차로운행방법위반,건조,맑음,교차로 - 교차로안,승용,남,28세,부상신고,승용,남,68세,상해없음
2013101500100343,2013년 10월 15일 17시,화요일,강원도 춘천시 퇴계동,경상사고,0,0,1,0,차대차 - 측면직각충돌,교차로운행방법위반,습기,비,교차로 - 교차로안,승용,여,73세,상해없음,승용,남,40세,경상
2013101500100344,2013년 10월 15일 17시,화요일,강원도 강릉시 입암동,경상사고,0,0,1,0,차대사람 - 기타,안전운전불이행,습기,비,단일로 - 횡단보도상,승용,여,51세,상해없음,보행자,남,10세,경상
2013101500100384,2013년 10월 15일 18시,화요일,강원도 춘천시 효자동,부상신고사고,0,0,0,1,차대차 - 기타,안전운전불이행,습기,흐림,교차로 - 교차로부근,승용,남,51세,상해없음,이륜,남,24세,부상신고
2013101500100385,2013년 10월 15일 18시,화요일,강원도 홍천군 서석면,중상사고,0,1,0,0,차대차 - 기타,안전운전불이행,습기,비,교차로 - 교차로안,화물,남,49세,상해없음,화물,남,58세,중상
2013101500100386,2013년 10월 15일 18시,화요일,강원도 동해시 천곡동,경상사고,0,0,1,0,차대사람 - 횡단중,안전운전불이행,습기,비,단일로 - 횡단보도상,기타불명,기타불명,기타불명,기타불명,보행자,남,17세,경상
2013101500100448,2013년 10월 15일 19시,화요일,강원도 춘천시 서면,경상사고,0,0,1,0,차대차 - 측면직각충돌,직진우회전진행방해,습기,흐림,교차로 - 교차로안,화물,남,59세,상해없음,화물,남,45세,경상
2013101500100449,2013년 10월 15일 19시,화요일,강원도 강릉시 교동,경상사고,0,0,1,0,차대차 - 측면직각충돌,안전운전불이행,습기,비,단일로 - 기타,승용,여,45세,상해없음,원동기,남,21세,경상
2013101500100450,2013년 10월 15일 19시,화요일,강원도 강릉시 노암동,경상사고,0,0,1,0,차대차 - 측면직각충돌,안전운전불이행,습기,비,교차로 - 교차로부근,승용,남,61세,상해없음,승용,남,46세,상해없음
2013101500100451,2013년 10월 15일 19시,화요일,강원도 원주시 단계동,경상사고,0,0,1,0,차대차 - 기타,안전거리미확보,건조,맑음,단일로 - 기타,승용,남,28세,상해없음,승용,여,32세,상해없음
2013101500100452,2013년 10월 15일 19시,화요일,강원도 원주시 단계동,경상사고,0,0,1,0,차대차 - 기타,안전거리미확보,건조,맑음,교차로 - 교차로부근,승용,남,28세,상해없음,승용,여,45세,경상
2013101500100453,2013년 10월 15일 19시,화요일,강원도 횡성군 공근면,중상사고,0,1,0,0,차대차 - 추돌 - 주정차중,안전운전불이행,건조,흐림,단일로 - 기타,승용,여,48세,상해없음,승용,여,53세,상해없음
2013101500100492,2013년 10월 15일 20시,화요일,강원도 강릉시 포남동,경상사고,0,0,1,0,차대차 - 측면직각충돌,중앙선침범,건조,맑음,교차로 - 교차로안,승용,남,39세,상해없음,원동기,남,47세,경상
2013101500100493,2013년 10월 15일 20시,화요일,강원도 원주시 관설동,경상사고,0,0,3,0,차대차 - 기타,신호위반,건조,맑음,교차로 - 교차로안,원동기,남,16세,경상,승용,남,41세,경상
2013101500100524,2013년 10월 15일 21시,화요일,강원도 춘천시 효자동,중상사고,0,1,1,0,차대차 - 측면직각충돌,중앙선침범,건조,맑음,단일로 - 기타,이륜,남,63세,중상,승용,여,25세,경상
2013101500100553,2013년 10월 15일 22시,화요일,강원도 홍천군 홍천읍,중상사고,0,2,1,0,차대차 - 기타,중앙선침범,습기,비,단일로 - 기타,승용,남,27세,상해없음,승용,남,47세,경상
2013101500100554,2013년 10월 15일 22시,화요일,강원도 홍천군 홍천읍,중상사고,0,1,0,0,차대차 - 기타,교차로운행방법위반,건조,맑음,교차로 - 교차로안,화물,남,32세,상해없음,승용,여,28세,중상
2013101600100105,2013년 10월 16일 07시,수요일,강원도 원주시 개운동,경상사고,0,0,1,0,차대사람 - 차도통행중,안전운전불이행,건조,맑음,교차로 - 교차로부근,승용,여,44세,상해없음,보행자,여,15세,경상
2013101600100151,2013년 10월 16일 08시,수요일,강원도 원주시 문막읍,중상사고,0,1,0,0,차대차 - 측면직각충돌,교차로운행방법위반,건조,맑음,교차로 - 교차로부근,승용,남,65세,상해없음,승용,여,39세,중상
2013101600100152,2013년 10월 16일 08시,수요일,강원도 원주시 봉산동,중상사고,0,1,0,0,차대차 - 측면직각충돌,교차로운행방법위반,건조,맑음,교차로 - 교차로안,승합,여,49세,상해없음,자전거,남,72세,중상
2013101600100153,2013년 10월 16일 08시,수요일,강원도 정선군 남면,중상사고,0,1,0,0,차대차 - 측면직각충돌,안전운전불이행,건조,맑음,교차로 - 교차로안,화물,남,53세,상해없음,원동기,남,60세,중상
2013101600100208,2013년 10월 16일 09시,수요일,강원도 정선군 북평면,중상사고,0,1,1,0,차대차 - 측면직각충돌,중앙선침범,건조,맑음,단일로 - 기타,승용,남,30세,상해없음,승용,남,34세,경상
2013101600100269,2013년 10월 16일 11시,수요일,강원도 원주시 관설동,경상사고,0,0,1,0,차대차 - 기타,직진우회전진행방해,건조,맑음,교차로 - 교차로안,승용,남,57세,상해없음,승용,남,49세,경상
2013101600100320,2013년 10월 16일 13시,수요일,강원도 춘천시 근화동,중상사고,0,1,0,0,차대차 - 측면직각충돌,안전운전불이행,건조,맑음,단일로 - 기타,원동기,남,80세,중상,승용,여,47세,상해없음