사고번호,사고일시,요일,시군구,사고내용,사망자수,중상자수,경상자수,부상신고자수,사고유형,법규위반,노면상태,기상상태,도로형태,가해운전자 차종,가해운전자 성별,가해운전자 연령,가해운전자 상해정도,피해운전자 차종,피해운전자 성별,피해운전자 연령,피해운전자 상해정도
2013101600100321,2013년 10월 16일 13시,수요일,강원도 평창군 평창읍,중상사고,0,1,0,0,차대차 - 측면직각충돌,안전운전불이행,건조,맑음,단일로 - 기타,화물,남,45세,상해없음,원동기,여,59세,중상
2013101600100356,2013년 10월 16일 14시,수요일,강원도 원주시 중앙동,중상사고,0,1,0,0,차대차 - 추돌 - 진행중,교차로운행방법위반,건조,맑음,교차로 - 교차로안,승용,남,26세,상해없음,이륜,남,26세,중상
2013101600100380,2013년 10월 16일 15시,수요일,강원도 원주시 단계동,중상사고,0,1,0,0,차대차 - 추돌 - 진행중,안전운전불이행,건조,맑음,교차로 - 교차로부근,화물,남,67세,상해없음,화물,남,61세,중상
2013101600100381,2013년 10월 16일 15시,수요일,강원도 원주시 단구동,중상사고,0,1,0,0,차대차 - 추돌 - 진행중,차로위반,건조,맑음,교차로 - 교차로부근,승용,여,40세,상해없음,이륜,남,21세,중상
2013101600100456,2013년 10월 16일 17시,수요일,강원도 삼척시 원덕읍,중상사고,0,3,1,0,차대차 - 측면직각충돌,안전운전불이행,건조,맑음,단일로 - 기타,승용,남,69세,중상,승용,남,58세,중상
2013101600100493,2013년 10월 16일 18시,수요일,강원도 원주시 문막읍,경상사고,0,0,1,0,차대차 - 추돌 - 진행중,안전거리미확보,건조,맑음,단일로 - 기타,승용,남,58세,상해없음,승용,남,59세,경상
2013101600100494,2013년 10월 16일 18시,수요일,강원도 속초시 조양동,중상사고,0,2,1,0,차대차 - 측면직각충돌,안전운전불이행,건조,맑음,교차로 - 교차로안,승용,여,55세,상해없음,화물,남,21세,중상
2013101600100546,2013년 10월 16일 19시,수요일,강원도 양양군 강현면,경상사고,0,0,1,0,차대차 - 측면직각충돌,안전운전불이행,건조,맑음,단일로 - 기타,승용,남,73세,상해없음,건설기계,남,39세,상해없음
2013101600100547,2013년 10월 16일 19시,수요일,강원도 철원군 김화읍,중상사고,0,1,1,0,차량단독 - 공작물충돌,안전운전불이행,건조,맑음,단일로 - 기타,승용,남,50세,경상,,,,
2013101600100589,2013년 10월 16일 20시,수요일,강원도 동해시 송정동,경상사고,0,0,1,0,차대차 - 측면직각충돌,신호위반,건조,맑음,교차로 - 교차로안,승용,남,53세,상해없음,승합,남,56세,경상
2013101600100650,2013년 10월 16일 22시,수요일,강원도 원주시 개운동,경상사고,0,0,2,0,차대차 - 측면직각충돌,중앙선침범,건조,맑음,단일로 - 기타,승용,남,51세,상해없음,승용,남,29세,경상
2013101700100042,2013년 10월 17일 03시,목요일,강원도 원주시 무실동,사망사고,1,0,0,0,차량단독 - 전도전복,안전운전불이행,건조,맑음,단일로 - 기타,승용,남,32세,사망,,,,
2013101700100096,2013년 10월 17일 07시,목요일,강원도 평창군 용평면,중상사고,0,1,1,0,차대차 - 측면직각충돌,안전운전불이행,건조,맑음,교차로 - 교차로안,화물,남,51세,상해없음,농기계,남,74세,중상
2013101700100129,2013년 10월 17일 08시,목요일,강원도 춘천시 퇴계동,중상사고,0,1,0,0,차대사람 - 기타,안전운전불이행,건조,맑음,단일로 - 기타,승용,여,52세,상해없음,보행자,여,13세,중상
2013101700100130,2013년 10월 17일 08시,목요일,강원도 강릉시 포남동,경상사고,0,0,1,0,차대사람 - 횡단중,안전운전불이행,건조,맑음,교차로 - 교차로부근,승용,남,58세,상해없음,보행자,남,13세,경상
2013101700100131,2013년 10월 17일 08시,목요일,강원도 강릉시 임당동,경상사고,0,0,1,0,차량단독 - 기타,안전운전불이행,건조,맑음,단일로 - 기타,승합,남,51세,상해없음,,,,
2013101700100132,2013년 10월 17일 08시,목요일,강원도 원주시 우산동,경상사고,0,0,1,0,차대차 - 측면직각충돌,직진우회전진행방해,건조,맑음,교차로 - 교차로안,화물,남,57세,상해없음,승용,여,52세,경상
2013101700100161,2013년 10월 17일 09시,목요일,강원도 삼척시 도계읍,경상사고,0,0,1,0,차대차 - 추돌 - 진행중,안전운전불이행,건조,맑음,단일로 - 기타,화물,남,44세,상해없음,승용,여,38세,경상
2013101700100162,2013년 10월 17일 09시,목요일,강원도 영월군 영월읍,중상사고,0,1,1,0,차대차 - 측면직각충돌,교차로운행방법위반,건조,맑음,교차로 - 교차로안,화물,남,64세,상해없음,승용,남,32세,중상
2013101700100215,2013년 10월 17일 11시,목요일,강원도 원주시 문막읍,중상사고,0,2,0,0,차대차 - 측면직각충돌,기타,건조,맑음,단일로 - 기타,승용,여,65세,상해없음,이륜,남,79세,중상
2013101700100216,2013년 10월 17일 11시,목요일,강원도 삼척시 도계읍,경상사고,0,0,2,0,차대차 - 정면충돌,중앙선침범,건조,맑음,단일로 - 기타,화물,남,62세,상해없음,승용,남,57세,경상
2013101700100234,2013년 10월 17일 12시,목요일,강원도 강릉시 두산동,경상사고,0,0,1,0,차대차 - 측면직각충돌,신호위반,건조,맑음,교차로 - 교차로안,승용,남,64세,기타불명,승용,여,34세,경상
2013101700100252,2013년 10월 17일 13시,목요일,강원도 원주시 명륜동,경상사고,0,0,1,0,차대차 - 추돌 - 주정차중,안전운전불이행,건조,맑음,교차로 - 교차로부근,승합,남,40세,상해없음,승합,남,23세,경상
2013101700100253,2013년 10월 17일 13시,목요일,강원도 태백시 소도동,중상사고,0,1,0,0,차대차 - 측면직각충돌,안전거리미확보,건조,맑음,단일로 - 기타,승용,남,69세,상해없음,승용,여,35세,중상
2013101700100275,2013년 10월 17일 14시,목요일,강원도 삼척시 정상동,경상사고,0,0,1,0,차대차 - 정면충돌,안전운전불이행,건조,맑음,단일로 - 기타,화물,남,37세,상해없음,승용,남,61세,상해없음
2013101700100306,2013년 10월 17일 15시,목요일,강원도 영월군 김삿갓면,중상사고,0,1,0,0,차량단독 - 도로외이탈 - 추락,안전운전불이행,기타,맑음,단일로 - 기타,건설기계,남,24세,중상,,,,
2013101700100330,2013년 10월 17일 16시,목요일,강원도 원주시 관설동,경상사고,0,0,1,0,차대차 - 기타,안전운전불이행,건조,맑음,단일로 - 기타,기타불명,기타불명,기타불명,기타불명,자전거,여,19세,경상
2013101700100368,2013년 10월 17일 17시,목요일,강원도 양양군 서면,사망사고,1,0,0,0,차량단독 - 도로외이탈 - 추락,안전운전불이행,건조,맑음,단일로 - 기타,건설기계,남,51세,사망,,,,
2013101700100438,2013년 10월 17일 19시,목요일,강원도 원주시 문막읍,경상사고,0,0,2,0,차대차 - 측면직각충돌,직진우회전진행방해,건조,맑음,교차로 - 교차로안,승용,남,27세,상해없음,화물,남,46세,경상
2013101700100468,2013년 10월 17일 20시,목요일,강원도 원주시 단구동,중상사고,0,1,0,0,차대차 - 추돌 - 주정차중,안전거리미확보,건조,맑음,교차로 - 교차로부근,화물,남,61세,상해없음,승용,여,50세,중상
2013101700100469,2013년 10월 17일 20시,목요일,강원도 동해시 천곡동,중상사고,0,1,0,0,차대차 - 기타,교차로운행방법위반,건조,맑음,교차로 - 교차로부근,승용,남,58세,상해없음,이륜,남,76세,중상
2013101700100499,2013년 10월 17일 21시,목요일,강원도 춘천시 석사동,경상사고,0,0,1,0,차대차 - 측면직각충돌,교차로운행방법위반,건조,맑음,교차로 - 교차로안,승용,남,43세,상해없음,원동기,남,19세,경상
2013101800100073,2013년 10월 18일 06시,금요일,강원도 원주시 단계동,경상사고,0,0,1,0,차대차 - 측면직각충돌,안전거리미확보,건조,맑음,단일로 - 기타,화물,남,24세,상해없음,화물,남,46세,경상
2013101800100074,2013년 10월 18일 06시,금요일,강원도 평창군 평창읍,중상사고,0,1,0,0,차량단독 - 도로외이탈 - 추락,안전운전불이행,건조,맑음,단일로 - 기타,승용,남,67세,상해없음,,,,
2013101800100075,2013년 10월 18일 06시,금요일,강원도 고성군 토성면,사망사고,1,0,0,0,차량단독 - 도로외이탈 - 추락,안전운전불이행,건조,흐림,단일로 - 기타,승용,남,46세,사망,,,,
2013101800100099,2013년 10월 18일 07시,금요일,강원도 춘천시 후평동,중상사고,0,1,0,0,차대사람 - 기타,안전운전불이행,건조,맑음,단일로 - 기타,화물,남,57세,상해없음,보행자,여,81세,중상
2013101800100100,2013년 10월 18일 07시,금요일,강원도 원주시 개운동,중상사고,0,2,0,0,차대차 - 측면직각충돌,중앙선침범,건조,맑음,단일로 - 기타,승용,여,45세,상해없음,이륜,남,18세,중상
2013101800100138,2013년 10월 18일 08시,금요일,강원도 춘천시 온의동,경상사고,0,0,3,0,차대차 - 측면직각충돌,교차로운행방법위반,건조,흐림,교차로 - 교차로안,승용,여,67세,기타불명,승용,남,44세,경상
2013101800100139,2013년 10월 18일 08시,금요일,강원도 원주시 신림면,경상사고,0,0,1,0,차대차 - 기타,안전운전불이행,건조,맑음,단일로 - 기타,기타불명,기타불명,기타불명,기타불명,자전거,남,33세,경상
2013101800100140,2013년 10월 18일 08시,금요일,강원도 원주시 무실동,경상사고,0,0,1,0,차대차 - 추돌 - 진행중,차로위반,건조,맑음,단일로 - 기타,승용,남,58세,상해없음,승용,여,66세,상해없음
2013101800100141,2013년 10월 18일 08시,금요일,강원도 원주시 문막읍,중상사고,0,1,0,0,차대차 - 추돌 - 진행중,안전운전불이행,건조,맑음,단일로 - 기타,승용,남,20세,상해없음,승용,여,29세,중상
2013101800100142,2013년 10월 18일 08시,금요일,강원도 원주시 단계동,경상사고,0,0,1,0,차대차 - 측면직각충돌,중앙선침범,건조,맑음,단일로 - 기타,승용,남,45세,상해없음,승용,남,33세,경상
2013101800100143,2013년 10월 18일 08시,금요일,강원도 횡성군 우천면,경상사고,0,0,3,0,차대차 - 기타,안전운전불이행,건조,맑음,단일로 - 기타,화물,남,57세,상해없음,화물,남,54세,경상
2013101800100180,2013년 10월 18일 09시,금요일,강원도 태백시 황지동,경상사고,0,0,3,0,차대차 - 추돌 - 주정차중,안전거리미확보,건조,맑음,단일로 - 기타,승용,남,65세,상해없음,승용,남,70세,경상
2013101800100208,2013년 10월 18일 10시,금요일,강원도 원주시 명륜동,경상사고,0,0,1,0,차대차 - 측면직각충돌,중앙선침범,건조,맑음,단일로 - 기타,승용,남,33세,상해없음,승용,여,44세,경상
2013101800100209,2013년 10월 18일 10시,금요일,강원도 원주시 단계동,경상사고,0,0,1,0,차대차 - 추돌 - 주정차중,안전운전불이행,건조,맑음,단일로 - 기타,화물,남,29세,상해없음,승용,여,35세,경상
2013101800100246,2013년 10월 18일 11시,금요일,강원도 강릉시 교동,경상사고,0,0,1,0,차대차 - 측면직각충돌,안전운전불이행,건조,맑음,교차로 - 교차로안,화물,남,53세,상해없음,승용,남,51세,경상
2013101800100247,2013년 10월 18일 11시,금요일,강원도 원주시 단계동,경상사고,0,0,2,0,차대차 - 측면직각충돌,신호위반,건조,맑음,교차로 - 교차로안,승용,여,52세,상해없음,승용,남,49세,경상
2013101800100248,2013년 10월 18일 11시,금요일,강원도 속초시 교동,경상사고,0,0,1,0,차대차 - 측면직각충돌,직진우회전진행방해,건조,맑음,교차로 - 교차로안,승용,남,65세,상해없음,승용,남,52세,경상
2013101800100264,2013년 10월 18일 12시,금요일,강원도 춘천시 동면,경상사고,0,0,3,0,차대차 - 측면직각충돌,안전운전불이행,건조,맑음,교차로 - 교차로안,건설기계,남,51세,상해없음,화물,남,42세,경상
2013101800100265,2013년 10월 18일 12시,금요일,강원도 홍천군 서석면,경상사고,0,0,1,0,차대차 - 측면직각충돌,안전거리미확보,건조,맑음,단일로 - 기타,화물,남,62세,상해없음,이륜,남,41세,경상
2013101800100266,2013년 10월 18일 12시,금요일,강원도 동해시 천곡동,중상사고,0,1,1,0,차대차 - 측면직각충돌,신호위반,건조,맑음,교차로 - 교차로안,원동기,남,53세,중상,승용,남,40세,경상
2013101800100297,2013년 10월 18일 13시,금요일,강원도 원주시 소초면,중상사고,0,2,0,0,차대차 - 측면직각충돌,차로위반,건조,맑음,교차로 - 교차로부근,승용,남,21세,상해없음,화물,남,36세,상해없음
2013101800100298,2013년 10월 18일 13시,금요일,강원도 정선군 신동읍,사망사고,1,0,0,0,차대차 - 추돌 - 진행중,안전운전불이행,건조,맑음,단일로 - 기타,건설기계,남,41세,상해없음,농기계,남,69세,사망
2013101800100324,2013년 10월 18일 14시,금요일,강원도 원주시 개운동,경상사고,0,0,1,0,차대사람 - 기타,안전운전불이행,건조,맑음,단일로 - 기타,승용,남,36세,상해없음,보행자,남,10세,경상
2013101800100441,2013년 10월 18일 17시,금요일,강원도 속초시 노학동,경상사고,0,0,3,0,차대차 - 측면직각충돌,안전운전불이행,건조,맑음,단일로 - 기타,승용,남,34세,상해없음,승용,남,67세,경상
2013101800100442,2013년 10월 18일 17시,금요일,강원도 동해시 묵호진동,경상사고,0,0,1,1,차대차 - 추돌 - 진행중,안전운전불이행,건조,맑음,단일로 - 기타,승용,남,42세,부상신고,승용,남,33세,경상
2013101800100507,2013년 10월 18일 18시,금요일,강원도 춘천시 소양로2가,경상사고,0,0,1,0,차대사람 - 횡단중,보행자보호의무위반,건조,맑음,교차로 - 교차로안,승용,여,42세,상해없음,보행자,여,59세,경상
2013101800100508,2013년 10월 18일 18시,금요일,강원도 철원군 동송읍,중상사고,0,1,0,0,차대차 - 정면충돌,중앙선침범,건조,맑음,단일로 - 기타,화물,남,47세,상해없음,화물,남,48세,중상
2013101800100564,2013년 10월 18일 19시,금요일,강원도 원주시 무실동,경상사고,0,0,1,0,차대차 - 측면직각충돌,안전운전불이행,건조,맑음,교차로 - 교차로안,승용,남,47세,상해없음,승용,남,50세,상해없음
2013101800100610,2013년 10월 18일 20시,금요일,강원도 홍천군 두촌면,경상사고,0,0,1,0,차대차 - 추돌 - 주정차중,안전거리미확보,건조,맑음,교차로 - 교차로부근,이륜,남,35세,경상,승용,여,52세,상해없음
2013101800100657,2013년 10월 18일 21시,금요일,강원도 춘천시 후평동,중상사고,0,1,0,0,차대사람 - 횡단중,안전운전불이행,건조,맑음,교차로 - 교차로부근,승용,남,30세,상해없음,보행자,여,55세,중상
2013101800100658,2013년 10월 18일 21시,금요일,강원도 화천군 화천읍,경상사고,0,0,1,0,차대차 - 기타,안전운전불이행,건조,맑음,교차로 - 교차로부근,화물,남,45세,상해없음,이륜,여,50세,경상
2013101800100692,2013년 10월 18일 22시,금요일,강원도 원주시 무실동,경상사고,0,0,1,0,차량단독 - 공작물충돌,안전운전불이행,건조,맑음,단일로 - 기타,승용,남,61세,상해없음,,,,
2013101800100717,2013년 10월 18일 23시,금요일,강원도 홍천군 서면,경상사고,0,0,1,0,차량단독 - 기타,안전운전불이행,건조,맑음,단일로 - 교량,승용,남,32세,상해없음,,,,
2013101900100074,2013년 10월 19일 03시,토요일,강원도 정선군 남면,경상사고,0,0,1,0,차대차 - 측면직각충돌,안전운전불이행,건조,맑음,단일로 - 기타,승용,남,33세,상해없음,승용,남,55세,경상
2013101900100100,2013년 10월 19일 05시,토요일,강원도 춘천시 교동,중상사고,0,1,0,0,차대사람 - 기타,안전운전불이행,건조,맑음,단일로 - 기타,기타불명,기타불명,기타불명,기타불명,보행자,여,69세,중상
2013101900100119,2013년 10월 19일 06시,토요일,강원도 춘천시 운교동,중상사고,0,1,0,0,차대사람 - 횡단중,안전운전불이행,건조,맑음,교차로 - 교차로부근,승용,여,53세,상해없음,보행자,여,20세,중상
2013101900100136,2013년 10월 19일 07시,토요일,강원도 춘천시 운교동,경상사고,0,0,1,0,차대차 - 측면직각충돌,직진우회전진행방해,건조,맑음,교차로 - 교차로안,승용,여,44세,기타불명,화물,남,63세,경상
2013101900100137,2013년 10월 19일 07시,토요일,강원도 원주시 문막읍,중상사고,0,2,1,0,차대차 - 측면직각충돌,차로위반,건조,맑음,단일로 - 기타,이륜,남,72세,중상,화물,남,27세,경상
2013101900100174,2013년 10월 19일 09시,토요일,강원도 원주시 단계동,부상신고사고,0,0,0,1,차대차 - 기타,차로위반,건조,맑음,교차로 - 교차로부근,승용,여,37세,부상신고,승용,남,22세,상해없음
2013101900100195,2013년 10월 19일 10시,토요일,강원도 원주시 평원동,경상사고,0,0,1,0,차대차 - 기타,안전거리미확보,건조,맑음,교차로 - 교차로안,승용,여,61세,상해없음,승용,남,34세,경상
2013101900100196,2013년 10월 19일 10시,토요일,강원도 홍천군 홍천읍,경상사고,0,0,2,0,차대차 - 기타,안전운전불이행,건조,맑음,단일로 - 기타,승용,남,61세,상해없음,자전거,남,47세,경상
2013101900100249,2013년 10월 19일 12시,토요일,강원도 속초시 조양동,부상신고사고,0,0,0,1,차대차 - 추돌 - 주정차중,안전운전불이행,건조,맑음,기타 - 기타,승용,남,34세,상해없음,승용,남,46세,부상신고
2013101900100277,2013년 10월 19일 13시,토요일,강원도 춘천시 효자동,경상사고,0,0,3,2,차대차 - 기타,교차로운행방법위반,건조,맑음,교차로 - 교차로안,승용,남,75세,상해없음,승용,여,45세,경상
2013101900100278,2013년 10월 19일 13시,토요일,강원도 화천군 사내면,중상사고,0,1,1,0,차량단독 - 전도전복,안전운전불이행,건조,맑음,단일로 - 기타,승용,여,64세,경상,,,,
2013101900100279,2013년 10월 19일 13시,토요일,강원도 동해시 망상동,경상사고,0,0,2,0,차대차 - 기타,교차로운행방법위반,건조,맑음,교차로 - 교차로안,승용,여,22세,상해없음,승용,남,54세,경상
2013101900100317,2013년 10월 19일 14시,토요일,강원도 양구군 양구읍,경상사고,0,0,2,1,차대차 - 측면직각충돌,안전운전불이행,건조,맑음,교차로 - 교차로안,승용,여,63세,부상신고,화물,남,30세,경상
2013101900100345,2013년 10월 19일 15시,토요일,강원도 원주시 중앙동,경상사고,0,0,1,0,차대차 - 측면직각충돌,교차로운행방법위반,건조,맑음,교차로 - 교차로안,승합,남,54세,상해없음,승용,여,42세,경상
2013101900100346,2013년 10월 19일 15시,토요일,강원도 양양군 서면,중상사고,0,1,0,0,차량단독 - 공작물충돌,안전운전불이행,건조,맑음,단일로 - 기타,승용,남,58세,상해없음,,,,
2013101900100347,2013년 10월 19일 15시,토요일,강원도 평창군 봉평면,경상사고,0,0,4,0,차대차 - 측면직각충돌,중앙선침범,건조,맑음,교차로 - 교차로부근,승용,남,20세,상해없음,승용,남,45세,상해없음
2013101900100377,2013년 10월 19일 16시,토요일,강원도 원주시 문막읍,경상사고,0,0,2,0,차대차 - 기타,중앙선침범,건조,맑음,단일로 - 기타,승용,남,64세,상해없음,승용,남,47세,경상
2013101900100378,2013년 10월 19일 16시,토요일,강원도 속초시 노학동,경상사고,0,0,4,0,차대차 - 측면직각충돌,안전운전불이행,건조,맑음,교차로 - 교차로안,화물,여,44세,상해없음,승용,남,33세,경상
2013101900100379,2013년 10월 19일 16시,토요일,강원도 속초시 영랑동,중상사고,0,1,0,0,차대사람 - 길가장자리구역통행중,안전운전불이행,건조,맑음,단일로 - 기타,자전거,여,39세,상해없음,보행자,여,84세,중상
2013101900100380,2013년 10월 19일 16시,토요일,강원도 영월군 영월읍,경상사고,0,0,4,0,차대차 - 추돌 - 진행중,안전운전불이행,건조,맑음,단일로 - 기타,승용,남,48세,상해없음,승용,여,52세,경상
2013101900100414,2013년 10월 19일 17시,토요일,강원도 속초시 조양동,경상사고,0,0,2,0,차대차 - 측면직각충돌,안전거리미확보,건조,맑음,교차로 - 교차로부근,화물,남,59세,상해없음,승합,남,44세,상해없음
2013101900100453,2013년 10월 19일 18시,토요일,강원도 춘천시 후평동,경상사고,0,0,1,0,차대차 - 측면직각충돌,안전거리미확보,건조,맑음,단일로 - 기타,승용,남,56세,상해없음,승용,남,24세,상해없음
2013101900100455,2013년 10월 19일 18시,토요일,강원도 철원군 서면,경상사고,0,0,1,0,차대차 - 측면직각충돌,안전운전불이행,건조,맑음,단일로 - 기타,승용,남,30세,상해없음,원동기,남,74세,경상
2013101900100504,2013년 10월 19일 19시,토요일,강원도 춘천시 우두동,경상사고,0,0,1,0,차대차 - 기타,기타,건조,맑음,기타 - 기타,화물,남,42세,상해없음,이륜,남,22세,경상
2013101900100505,2013년 10월 19일 19시,토요일,강원도 고성군 토성면,중상사고,0,2,0,0,차대차 - 측면직각충돌,교차로운행방법위반,건조,맑음,교차로 - 교차로안,승용,남,57세,상해없음,승용,남,32세,중상
2013101900100540,2013년 10월 19일 20시,토요일,강원도 강릉시 노암동,경상사고,0,0,1,0,차대차 - 추돌 - 진행중,안전운전불이행,건조,맑음,교차로 - 교차로부근,승용,남,48세,상해없음,승용,여,40세,경상
2013101900100578,2013년 10월 19일 21시,토요일,강원도 춘천시 후평동,경상사고,0,0,1,0,차대차 - 기타,안전운전불이행,건조,맑음,교차로 - 교차로안,승용,남,29세,상해없음,승용,여,58세,경상
2013101900100579,2013년 10월 19일 21시,토요일,강원도 원주시 단구동,경상사고,0,0,2,0,차대차 - 추돌 - 주정차중,안전운전불이행,건조,맑음,단일로 - 기타,화물,남,36세,상해없음,승용,여,27세,경상
2013101900100580,2013년 10월 19일 21시,토요일,강원도 삼척시 교동,중상사고,0,1,0,0,차대차 - 기타,안전운전불이행,건조,맑음,교차로 - 교차로안,승용,남,56세,상해없음,원동기,남,20세,중상
2013101900100640,2013년 10월 19일 23시,토요일,강원도 춘천시 효자동,경상사고,0,0,1,0,차대차 - 측면직각충돌,안전운전불이행,건조,맑음,기타 - 기타,승용,남,40세,상해없음,이륜,남,21세,경상
2013101900100641,2013년 10월 19일 23시,토요일,강원도 원주시 단계동,경상사고,0,0,1,0,차대사람 - 길가장자리구역통행중,안전운전불이행,건조,맑음,교차로 - 교차로부근,기타불명,기타불명,기타불명,기타불명,보행자,남,30세,경상
2013102000100010,2013년 10월 20일 00시,일요일,강원도 춘천시 서면,경상사고,0,0,2,0,차대차 - 기타,안전운전불이행,건조,맑음,기타 - 기타,승용,남,22세,상해없음,승용,남,31세,경상
2013102000100034,2013년 10월 20일 01시,일요일,강원도 원주시 무실동,사망사고,1,0,0,0,차량단독 - 공작물충돌,안전운전불이행,건조,맑음,단일로 - 기타,승용,남,53세,사망,,,,
2013102000100069,2013년 10월 20일 03시,일요일,강원도 원주시 단계동,경상사고,0,0,1,0,차대사람 - 기타,안전운전불이행,건조,맑음,단일로 - 기타,승용,남,30세,상해없음,보행자,남,32세,경상
2013102000100070,2013년 10월 20일 03시,일요일,강원도 속초시 중앙동,중상사고,0,1,0,0,차대사람 - 횡단중,안전운전불이행,건조,맑음,교차로 - 교차로안,승용,남,44세,상해없음,보행자,남,35세,중상
2013102000100115,2013년 10월 20일 07시,일요일,강원도 원주시 단구동,경상사고,0,0,4,0,차대차 - 기타,교차로운행방법위반,건조,맑음,교차로 - 교차로안,승용,남,25세,경상,승용,여,27세,경상
2013102000100127,2013년 10월 20일 08시,일요일,강원도 원주시 소초면,경상사고,0,0,2,0,차대차 - 추돌 - 진행중,안전거리미확보,건조,맑음,단일로 - 기타,화물,남,65세,상해없음,승용,남,57세,경상
2013102000100128,2013년 10월 20일 08시,일요일,강원도 속초시 교동,중상사고,0,1,0,0,차대차 - 측면직각충돌,안전운전불이행,건조,맑음,교차로 - 교차로안,승용,남,60세,상해없음,이륜,남,51세,중상
2013102000100146,2013년 10월 20일 09시,일요일,강원도 원주시 원동,경상사고,0,0,1,0,차대차 - 측면직각충돌,교차로운행방법위반,건조,맑음,교차로 - 교차로안,승합,남,64세,상해없음,승용,남,43세,경상
2013102000100147,2013년 10월 20일 09시,일요일,강원도 삼척시 교동,경상사고,0,0,2,0,차대차 - 측면직각충돌,안전운전불이행,건조,맑음,교차로 - 교차로안,승용,남,47세,상해없음,자전거,남,8세,경상
2013102000100173,2013년 10월 20일 10시,일요일,강원도 강릉시 입암동,중상사고,0,1,0,0,차대차 - 추돌 - 진행중,안전운전불이행,건조,맑음,교차로 - 교차로안,승용,남,42세,상해없음,이륜,남,75세,중상
2013102000100245,2013년 10월 20일 13시,일요일,강원도 철원군 동송읍,중상사고,0,1,0,0,차대차 - 측면직각충돌,교차로운행방법위반,건조,맑음,교차로 - 교차로안,화물,남,38세,상해없음,승용,여,50세,중상
2013102000100246,2013년 10월 20일 13시,일요일,강원도 동해시 나안동,경상사고,0,0,8,0,차대차 - 기타,안전운전불이행,건조,맑음,교차로 - 교차로부근,승용,남,30세,상해없음,승용,남,24세,경상
2013102000100299,2013년 10월 20일 15시,일요일,강원도 홍천군 내면,경상사고,0,0,1,0,차대사람 - 기타,안전운전불이행,건조,맑음,단일로 - 기타,화물,남,56세,상해없음,보행자,남,55세,경상
2013102000100300,2013년 10월 20일 15시,일요일,강원도 홍천군 화촌면,경상사고,0,0,3,0,차대차 - 기타,안전운전불이행,건조,맑음,교차로 - 교차로부근,승용,남,27세,상해없음,승용,여,53세,경상
2013102000100343,2013년 10월 20일 16시,일요일,강원도 춘천시 신동면,경상사고,0,0,6,0,차대차 - 추돌 - 주정차중,안전거리미확보,건조,맑음,단일로 - 기타,건설기계,남,50세,상해없음,승합,남,51세,경상
2013102000100344,2013년 10월 20일 16시,일요일,강원도 강릉시 송정동,경상사고,0,0,2,0,차대차 - 추돌 - 진행중,안전운전불이행,건조,기타,기타 - 기타,승용,남,44세,상해없음,승용,남,61세,경상
2013102000100385,2013년 10월 20일 17시,일요일,강원도 원주시 문막읍,경상사고,0,0,4,0,차대차 - 측면직각충돌,중앙선침범,건조,맑음,교차로 - 교차로안,승용,남,52세,상해없음,승용,남,54세,경상
2013102000100386,2013년 10월 20일 17시,일요일,강원도 속초시 동명동,경상사고,0,0,3,0,차대차 - 측면직각충돌,안전운전불이행,건조,맑음,교차로 - 교차로부근,승용,남,37세,상해없음,승합,남,49세,상해없음
2013102000100387,2013년 10월 20일 17시,일요일,강원도 평창군 대화면,경상사고,0,0,1,0,차대사람 - 기타,안전운전불이행,건조,맑음,단일로 - 기타,화물,남,52세,상해없음,보행자,여,45세,경상
2013102000100424,2013년 10월 20일 18시,일요일,강원도 춘천시 서면,경상사고,0,0,1,0,차대차 - 추돌 - 주정차중,안전운전불이행,건조,맑음,단일로 - 기타,화물,남,59세,상해없음,화물,기타불명,90세 이상,기타불명
2013102000100425,2013년 10월 20일 18시,일요일,강원도 강릉시 주문진읍,중상사고,0,1,0,0,차대차 - 측면직각충돌,안전운전불이행,건조,기타,교차로 - 교차로안,승용,남,33세,상해없음,원동기,남,30세,중상
2013102000100426,2013년 10월 20일 18시,일요일,강원도 고성군 토성면,경상사고,0,0,5,0,차대차 - 추돌 - 진행중,안전운전불이행,건조,흐림,교차로 - 교차로부근,승용,남,42세,상해없음,승용,여,32세,경상
2013102000100427,2013년 10월 20일 18시,일요일,강원도 철원군 동송읍,중상사고,0,1,3,0,차대차 - 추돌 - 진행중,교차로운행방법위반,건조,맑음,교차로 - 교차로안,승용,여,63세,상해없음,화물,남,69세,상해없음
2013102000100548,2013년 10월 20일 22시,일요일,강원도 강릉시 입암동,경상사고,0,0,1,0,차대사람 - 횡단중,안전운전불이행,습기,비,단일로 - 기타,승용,남,43세,상해없음,보행자,남,35세,경상
2013102100100008,2013년 10월 21일 00시,월요일,강원도 원주시 명륜동,중상사고,0,1,0,0,차대사람 - 횡단중,보행자보호의무위반,건조,맑음,단일로 - 횡단보도상,승용,남,64세,상해없음,보행자,남,66세,중상
2013102100100009,2013년 10월 21일 00시,월요일,강원도 태백시 장성동,중상사고,0,1,0,0,차대사람 - 횡단중,안전운전불이행,습기,비,단일로 - 기타,승용,여,36세,상해없음,보행자,남,58세,중상