사고번호,사고일시,요일,시군구,사고내용,사망자수,중상자수,경상자수,부상신고자수,사고유형,법규위반,노면상태,기상상태,도로형태,가해운전자 차종,가해운전자 성별,가해운전자 연령,가해운전자 상해정도,피해운전자 차종,피해운전자 성별,피해운전자 연령,피해운전자 상해정도
2013102100100029,2013년 10월 21일 02시,월요일,강원도 원주시 단구동,경상사고,0,0,2,0,차대차 - 측면직각충돌,신호위반,건조,맑음,교차로 - 교차로안,승용,남,31세,상해없음,승용,남,40세,경상
2013102100100062,2013년 10월 21일 06시,월요일,강원도 춘천시 효자동,경상사고,0,0,1,0,차대사람 - 기타,안전운전불이행,건조,맑음,교차로 - 교차로안,승용,남,56세,상해없음,보행자,여,62세,경상
2013102100100063,2013년 10월 21일 06시,월요일,강원도 원주시 태장동,경상사고,0,0,1,0,차대차 - 측면직각충돌,차로위반,건조,맑음,단일로 - 기타,승용,남,55세,상해없음,승합,남,45세,상해없음
2013102100100120,2013년 10월 21일 08시,월요일,강원도 춘천시 퇴계동,경상사고,0,0,1,0,차대사람 - 횡단중,보행자보호의무위반,건조,맑음,단일로 - 횡단보도상,승용,남,50세,상해없음,보행자,여,20세,경상
2013102100100148,2013년 10월 21일 09시,월요일,강원도 속초시 청호동,경상사고,0,0,3,0,차대차 - 추돌 - 주정차중,안전운전불이행,건조,맑음,교차로 - 교차로부근,승용,남,52세,상해없음,승용,남,48세,경상
2013102100100149,2013년 10월 21일 09시,월요일,강원도 동해시 부곡동,중상사고,0,1,0,0,차대차 - 측면직각충돌,안전운전불이행,건조,맑음,단일로 - 기타,자전거,남,78세,중상,승용,남,78세,상해없음
2013102100100212,2013년 10월 21일 11시,월요일,강원도 춘천시 효자동,경상사고,0,0,1,1,차대차 - 측면직각충돌,신호위반,건조,맑음,교차로 - 교차로안,이륜,남,19세,부상신고,승용,남,48세,경상
2013102100100213,2013년 10월 21일 11시,월요일,강원도 강릉시 교동,경상사고,0,0,1,0,차대차 - 기타,안전운전불이행,건조,맑음,단일로 - 기타,화물,남,25세,상해없음,자전거,여,64세,경상
2013102100100214,2013년 10월 21일 11시,월요일,강원도 원주시 개운동,경상사고,0,0,2,1,차대차 - 측면직각충돌,교차로운행방법위반,건조,맑음,교차로 - 교차로안,화물,남,74세,부상신고,승용,남,73세,경상
2013102100100215,2013년 10월 21일 11시,월요일,강원도 고성군 토성면,경상사고,0,0,8,0,차대차 - 추돌 - 주정차중,안전운전불이행,건조,맑음,단일로 - 기타,승합,남,37세,상해없음,화물,남,58세,경상
2013102100100216,2013년 10월 21일 11시,월요일,강원도 동해시 동회동,중상사고,0,1,0,0,차대차 - 측면직각충돌,직진우회전진행방해,건조,흐림,교차로 - 교차로안,승용,남,58세,상해없음,승용,남,60세,중상
2013102100100247,2013년 10월 21일 12시,월요일,강원도 원주시 단구동,경상사고,0,0,1,0,차대차 - 기타,직진우회전진행방해,건조,맑음,교차로 - 교차로안,승용,남,24세,상해없음,이륜,남,18세,경상
2013102100100248,2013년 10월 21일 12시,월요일,강원도 삼척시 원덕읍,경상사고,0,0,1,0,차대차 - 측면직각충돌,안전운전불이행,건조,맑음,단일로 - 기타,승용,남,39세,상해없음,화물,남,31세,경상
2013102100100277,2013년 10월 21일 13시,월요일,강원도 강릉시 주문진읍,경상사고,0,0,1,0,차대차 - 기타,안전운전불이행,건조,맑음,교차로 - 교차로안,특수,남,21세,상해없음,승용,남,34세,경상
2013102100100278,2013년 10월 21일 13시,월요일,강원도 원주시 중앙동,중상사고,0,1,0,0,차대차 - 기타,직진우회전진행방해,건조,맑음,교차로 - 교차로안,승용,남,58세,상해없음,이륜,남,82세,중상
2013102100100309,2013년 10월 21일 14시,월요일,강원도 춘천시 온의동,사망사고,1,0,0,0,차대사람 - 횡단중,안전운전불이행,건조,맑음,단일로 - 기타,승합,남,43세,상해없음,보행자,여,83세,사망
2013102100100310,2013년 10월 21일 14시,월요일,강원도 춘천시 중앙로1가,경상사고,0,0,1,0,차대차 - 추돌 - 진행중,안전운전불이행,건조,맑음,기타 - 기타,승용,남,62세,상해없음,승용,여,31세,경상
2013102100100311,2013년 10월 21일 14시,월요일,강원도 철원군 동송읍,경상사고,0,0,1,0,차대차 - 측면직각충돌,기타,건조,맑음,교차로 - 교차로안,승용,남,53세,상해없음,화물,남,63세,경상
2013102100100312,2013년 10월 21일 14시,월요일,강원도 동해시 천곡동,중상사고,0,1,0,0,차대차 - 측면직각충돌,중앙선침범,건조,흐림,교차로 - 교차로부근,승합,남,49세,상해없음,원동기,남,51세,중상
2013102100100378,2013년 10월 21일 16시,월요일,강원도 고성군 간성읍,경상사고,0,0,1,0,차대차 - 추돌 - 진행중,안전운전불이행,건조,맑음,단일로 - 기타,승용,여,56세,상해없음,화물,남,45세,경상
2013102100100419,2013년 10월 21일 17시,월요일,강원도 강릉시 주문진읍,경상사고,0,0,1,0,차대사람 - 횡단중,중앙선침범,습기,맑음,단일로 - 횡단보도부근,원동기,남,17세,상해없음,보행자,여,51세,경상
2013102100100420,2013년 10월 21일 17시,월요일,강원도 양양군 양양읍,경상사고,0,0,1,0,차대차 - 측면직각충돌,중앙선침범,건조,맑음,단일로 - 기타,승용,여,39세,상해없음,승용,여,22세,경상
2013102100100469,2013년 10월 21일 18시,월요일,강원도 원주시 호저면,중상사고,0,1,1,0,차대차 - 추돌 - 진행중,안전거리미확보,건조,맑음,단일로 - 기타,승용,여,33세,상해없음,승용,남,51세,중상
2013102100100470,2013년 10월 21일 18시,월요일,강원도 속초시 조양동,중상사고,0,1,2,0,차대차 - 측면직각충돌,중앙선침범,건조,맑음,교차로 - 교차로부근,승용,여,42세,상해없음,화물,남,60세,중상
2013102100100471,2013년 10월 21일 18시,월요일,강원도 인제군 인제읍,경상사고,0,0,1,0,차대사람 - 차도통행중,안전운전불이행,건조,맑음,단일로 - 기타,승용,여,38세,상해없음,보행자,여,58세,경상
2013102100100472,2013년 10월 21일 18시,월요일,강원도 동해시 부곡동,중상사고,0,1,0,0,차대사람 - 횡단중,안전운전불이행,습기,비,단일로 - 기타,원동기,남,18세,상해없음,보행자,남,44세,중상
2013102100100473,2013년 10월 21일 18시,월요일,강원도 동해시 발한동,중상사고,0,1,0,0,차대사람 - 기타,안전운전불이행,건조,맑음,단일로 - 기타,승용,남,45세,상해없음,보행자,남,45세,중상
2013102100100531,2013년 10월 21일 19시,월요일,강원도 평창군 평창읍,중상사고,0,3,0,0,차대차 - 측면직각충돌,안전운전불이행,건조,맑음,교차로 - 교차로안,승용,남,45세,상해없음,승용,남,61세,중상
2013102100100532,2013년 10월 21일 19시,월요일,강원도 정선군 남면,경상사고,0,0,1,0,차대차 - 측면직각충돌,직진우회전진행방해,건조,맑음,교차로 - 교차로안,승용,여,58세,상해없음,승용,남,55세,경상
2013102100100533,2013년 10월 21일 19시,월요일,강원도 횡성군 우천면,경상사고,0,0,1,0,차대차 - 기타,안전운전불이행,건조,맑음,단일로 - 기타,농기계,남,57세,상해없음,승용,여,46세,경상
2013102100100568,2013년 10월 21일 20시,월요일,강원도 속초시 장사동,중상사고,0,1,0,0,차대사람 - 횡단중,안전운전불이행,건조,맑음,교차로 - 교차로안,승용,남,36세,상해없음,보행자,남,51세,중상
2013102100100607,2013년 10월 21일 21시,월요일,강원도 춘천시 석사동,경상사고,0,0,1,0,차대차 - 측면직각충돌,차로위반,건조,맑음,단일로 - 기타,승용,남,47세,상해없음,원동기,남,27세,경상
2013102100100608,2013년 10월 21일 21시,월요일,강원도 강릉시 입암동,중상사고,0,1,0,0,차대사람 - 횡단중,안전운전불이행,건조,맑음,교차로 - 교차로안,승용,남,27세,상해없음,보행자,남,57세,중상
2013102100100654,2013년 10월 21일 23시,월요일,강원도 춘천시 동내면,경상사고,0,0,1,0,차대사람 - 기타,안전운전불이행,건조,맑음,단일로 - 기타,승용,남,28세,상해없음,보행자,여,48세,경상
2013102200100054,2013년 10월 22일 05시,화요일,강원도 강릉시 강동면,경상사고,0,0,3,0,차대차 - 측면직각충돌,중앙선침범,건조,맑음,단일로 - 터널,화물,남,48세,상해없음,승합,남,67세,경상
2013102200100153,2013년 10월 22일 09시,화요일,강원도 춘천시 석사동,부상신고사고,0,0,0,1,차대차 - 측면직각충돌,안전운전불이행,건조,맑음,기타 - 기타,승용,여,54세,상해없음,승용,남,47세,부상신고
2013102200100190,2013년 10월 22일 10시,화요일,강원도 횡성군 청일면,중상사고,0,1,0,0,차대차 - 측면직각충돌,안전운전불이행,건조,맑음,교차로 - 교차로안,승용,여,50세,상해없음,원동기,남,59세,중상
2013102200100191,2013년 10월 22일 10시,화요일,강원도 동해시 천곡동,중상사고,0,1,3,0,차대차 - 기타,안전운전불이행,건조,흐림,교차로 - 교차로부근,승용,여,63세,상해없음,승용,남,54세,경상
2013102200100222,2013년 10월 22일 11시,화요일,강원도 원주시 평원동,중상사고,0,1,0,0,차대차 - 측면직각충돌,안전운전불이행,건조,맑음,단일로 - 횡단보도상,승용,남,32세,상해없음,자전거,남,75세,중상
2013102200100223,2013년 10월 22일 11시,화요일,강원도 원주시 학성동,중상사고,0,1,0,0,차대차 - 기타,안전운전불이행,건조,맑음,단일로 - 횡단보도상,승용,남,54세,상해없음,자전거,남,49세,중상
2013102200100224,2013년 10월 22일 11시,화요일,강원도 인제군 남면,중상사고,0,1,1,0,차대차 - 기타,안전운전불이행,건조,맑음,단일로 - 기타,승용,여,31세,상해없음,승합,남,71세,상해없음
2013102200100286,2013년 10월 22일 13시,화요일,강원도 원주시 개운동,중상사고,0,1,0,0,차대차 - 정면충돌,교차로운행방법위반,건조,맑음,교차로 - 교차로안,승용,여,61세,상해없음,승용,남,44세,중상
2013102200100318,2013년 10월 22일 14시,화요일,강원도 춘천시 중앙로1가,경상사고,0,0,1,0,차대차 - 측면직각충돌,교차로운행방법위반,건조,맑음,교차로 - 교차로안,승용,여,50세,상해없음,원동기,남,24세,경상
2013102200100319,2013년 10월 22일 14시,화요일,강원도 원주시 일산동,경상사고,0,0,2,0,차대차 - 추돌 - 진행중,안전운전불이행,건조,맑음,단일로 - 기타,승용,남,45세,상해없음,승용,여,22세,경상
2013102200100369,2013년 10월 22일 16시,화요일,강원도 원주시 호저면,경상사고,0,0,2,0,차대차 - 추돌 - 진행중,안전거리미확보,건조,맑음,단일로 - 기타,승용,여,39세,기타불명,승용,남,53세,상해없음
2013102200100370,2013년 10월 22일 16시,화요일,강원도 삼척시 남양동,중상사고,0,1,0,0,차대사람 - 길가장자리구역통행중,안전운전불이행,건조,맑음,교차로 - 교차로안,승합,남,56세,상해없음,보행자,남,13세,중상
2013102200100400,2013년 10월 22일 17시,화요일,강원도 원주시 우산동,경상사고,0,0,1,0,차대차 - 추돌 - 주정차중,안전운전불이행,건조,맑음,단일로 - 기타,승용,남,44세,상해없음,승용,남,47세,경상
2013102200100401,2013년 10월 22일 17시,화요일,강원도 삼척시 남양동,경상사고,0,0,1,0,차대차 - 추돌 - 진행중,안전거리미확보,건조,맑음,교차로 - 교차로안,화물,남,60세,상해없음,승용,남,40세,경상
2013102200100402,2013년 10월 22일 17시,화요일,강원도 평창군 진부면,중상사고,0,1,0,0,차대차 - 측면직각충돌,안전운전불이행,건조,맑음,단일로 - 기타,건설기계,남,58세,상해없음,원동기,여,75세,중상
2013102200100438,2013년 10월 22일 18시,화요일,강원도 강릉시 죽헌동,경상사고,0,0,1,0,차대차 - 측면직각충돌,안전운전불이행,건조,맑음,단일로 - 기타,화물,남,47세,상해없음,승용,남,36세,경상
2013102200100439,2013년 10월 22일 18시,화요일,강원도 원주시 개운동,경상사고,0,0,3,0,차대차 - 추돌 - 주정차중,안전거리미확보,건조,맑음,교차로 - 교차로부근,승용,남,32세,경상,승용,여,37세,경상
2013102200100440,2013년 10월 22일 18시,화요일,강원도 동해시 천곡동,경상사고,0,0,1,0,차대차 - 기타,직진우회전진행방해,건조,맑음,교차로 - 교차로안,화물,남,45세,상해없음,승용,남,52세,경상
2013102200100494,2013년 10월 22일 19시,화요일,강원도 원주시 명륜동,부상신고사고,0,0,0,1,차대차 - 측면직각충돌,신호위반,건조,맑음,단일로 - 기타,기타불명,기타불명,기타불명,기타불명,원동기,남,34세,부상신고
2013102200100496,2013년 10월 22일 19시,화요일,강원도 고성군 거진읍,경상사고,0,0,1,0,차대차 - 측면직각충돌,안전운전불이행,건조,흐림,단일로 - 기타,승용,남,25세,상해없음,화물,남,57세,경상
2013102200100497,2013년 10월 22일 19시,화요일,강원도 동해시 이도동,중상사고,0,1,4,0,차대차 - 기타,안전운전불이행,건조,맑음,교차로 - 교차로부근,승용,여,58세,중상,승합,여,38세,경상
2013102200100560,2013년 10월 22일 21시,화요일,강원도 강릉시 견소동,경상사고,0,0,2,0,차대차 - 추돌 - 주정차중,안전운전불이행,건조,맑음,교차로 - 교차로부근,승용,남,63세,상해없음,승용,남,23세,경상
2013102200100561,2013년 10월 22일 21시,화요일,강원도 원주시 일산동,경상사고,0,0,1,0,차대사람 - 횡단중,보행자보호의무위반,건조,맑음,교차로 - 교차로부근,승용,남,22세,상해없음,보행자,여,26세,경상
2013102300100012,2013년 10월 23일 00시,수요일,강원도 원주시 단계동,경상사고,0,0,2,0,차대차 - 측면직각충돌,차로위반,건조,맑음,단일로 - 기타,승용,남,38세,상해없음,승용,남,47세,경상
2013102300100033,2013년 10월 23일 01시,수요일,강원도 속초시 동명동,경상사고,0,0,1,0,차대차 - 측면직각충돌,교차로운행방법위반,건조,맑음,교차로 - 교차로안,승용,남,31세,상해없음,승용,남,25세,경상
2013102300100112,2013년 10월 23일 07시,수요일,강원도 강릉시 주문진읍,경상사고,0,0,2,0,차대차 - 측면직각충돌,안전운전불이행,건조,맑음,교차로 - 교차로안,승용,남,45세,상해없음,승용,남,66세,경상
2013102300100158,2013년 10월 23일 08시,수요일,강원도 강릉시 입암동,경상사고,0,0,1,0,차대차 - 기타,안전운전불이행,건조,맑음,교차로 - 교차로안,승용,여,50세,상해없음,자전거,남,12세,경상
2013102300100159,2013년 10월 23일 08시,수요일,강원도 강릉시 강동면,경상사고,0,0,1,0,차대차 - 추돌 - 진행중,안전운전불이행,건조,맑음,단일로 - 기타,승용,남,58세,경상,건설기계,남,39세,상해없음
2013102300100199,2013년 10월 23일 09시,수요일,강원도 동해시 망상동,중상사고,0,1,0,0,차대차 - 기타,안전운전불이행,건조,맑음,단일로 - 기타,승용,여,42세,상해없음,원동기,남,73세,중상
2013102300100232,2013년 10월 23일 10시,수요일,강원도 강릉시 홍제동,경상사고,0,0,1,0,차대차 - 정면충돌,신호위반,건조,맑음,교차로 - 교차로안,승용,남,57세,상해없음,승용,남,73세,경상
2013102300100233,2013년 10월 23일 10시,수요일,강원도 강릉시 주문진읍,경상사고,0,0,2,0,차대차 - 기타,안전거리미확보,건조,맑음,단일로 - 기타,기타불명,기타불명,기타불명,기타불명,화물,남,20세,경상
2013102300100283,2013년 10월 23일 12시,수요일,강원도 원주시 소초면,중상사고,0,2,0,0,차대차 - 기타,안전거리미확보,건조,맑음,단일로 - 기타,승용,여,45세,상해없음,승용,여,51세,중상
2013102300100306,2013년 10월 23일 13시,수요일,강원도 원주시 단구동,경상사고,0,0,1,0,차대차 - 기타,안전거리미확보,건조,맑음,단일로 - 기타,승용,여,28세,상해없음,화물,남,45세,경상
2013102300100307,2013년 10월 23일 13시,수요일,강원도 동해시 천곡동,경상사고,0,0,1,0,차대차 - 기타,안전운전불이행,건조,맑음,단일로 - 기타,승용,남,47세,상해없음,원동기,남,36세,경상
2013102300100335,2013년 10월 23일 14시,수요일,강원도 춘천시 효자동,경상사고,0,0,1,0,차량단독 - 기타,안전운전불이행,건조,맑음,단일로 - 기타,승합,남,50세,상해없음,,,,
2013102300100337,2013년 10월 23일 14시,수요일,강원도 원주시 학성동,경상사고,0,0,1,0,차대차 - 측면직각충돌,안전운전불이행,건조,맑음,기타 - 기타,승용,여,48세,상해없음,자전거,여,24세,경상
2013102300100338,2013년 10월 23일 14시,수요일,강원도 원주시 태장동,경상사고,0,0,2,0,차대차 - 추돌 - 진행중,안전거리미확보,건조,맑음,교차로 - 교차로부근,화물,남,66세,상해없음,승용,남,59세,경상
2013102300100339,2013년 10월 23일 14시,수요일,강원도 원주시 일산동,경상사고,0,0,1,0,차대차 - 기타,안전거리미확보,건조,맑음,교차로 - 교차로부근,화물,남,57세,상해없음,승용,여,52세,경상
2013102300100340,2013년 10월 23일 14시,수요일,강원도 태백시 화전동,경상사고,0,0,1,0,차대차 - 측면직각충돌,교차로운행방법위반,건조,맑음,교차로 - 교차로안,승용,남,57세,상해없음,승용,남,60세,경상
2013102300100372,2013년 10월 23일 15시,수요일,강원도 정선군 북평면,중상사고,0,1,0,0,차대사람 - 기타,안전운전불이행,건조,맑음,기타 - 기타,화물,남,63세,상해없음,보행자,여,61세,중상
2013102300100404,2013년 10월 23일 16시,수요일,강원도 춘천시 효자동,경상사고,0,0,1,0,차대사람 - 기타,안전운전불이행,건조,맑음,기타 - 기타,승합,남,45세,상해없음,보행자,여,15세,경상
2013102300100405,2013년 10월 23일 16시,수요일,강원도 강릉시 교동,중상사고,0,1,1,0,차대차 - 측면직각충돌,교차로운행방법위반,건조,맑음,교차로 - 교차로안,승용,여,54세,경상,승용,남,45세,중상
2013102300100440,2013년 10월 23일 17시,수요일,강원도 춘천시 북산면,중상사고,0,1,2,1,차대사람 - 기타,중앙선침범,건조,맑음,단일로 - 기타,승용,남,66세,상해없음,보행자,남,69세,중상
2013102300100441,2013년 10월 23일 17시,수요일,강원도 춘천시 근화동,경상사고,0,0,1,0,차대차 - 측면직각충돌,안전운전불이행,건조,맑음,단일로 - 기타,화물,남,29세,상해없음,자전거,여,46세,경상
2013102300100442,2013년 10월 23일 17시,수요일,강원도 강릉시 홍제동,중상사고,0,1,0,0,차대차 - 측면직각충돌,안전운전불이행,건조,맑음,교차로 - 교차로안,원동기,남,83세,중상,승용,남,29세,상해없음
2013102300100443,2013년 10월 23일 17시,수요일,강원도 속초시 조양동,경상사고,0,0,4,0,차대차 - 추돌 - 진행중,안전운전불이행,건조,맑음,교차로 - 교차로부근,승용,남,48세,상해없음,승용,남,43세,경상
2013102300100444,2013년 10월 23일 17시,수요일,강원도 삼척시 정상동,경상사고,0,0,1,0,차대차 - 기타,안전운전불이행,건조,맑음,기타 - 기타,승용,여,47세,상해없음,자전거,남,4세,경상
2013102300100445,2013년 10월 23일 17시,수요일,강원도 태백시 황지동,경상사고,0,0,1,0,차대차 - 측면직각충돌,중앙선침범,건조,맑음,단일로 - 기타,승용,여,50세,상해없음,승용,남,71세,경상
2013102300100490,2013년 10월 23일 18시,수요일,강원도 춘천시 우두동,중상사고,0,1,0,0,차대사람 - 횡단중,보행자보호의무위반,건조,맑음,단일로 - 기타,화물,남,59세,상해없음,보행자,여,52세,중상
2013102300100541,2013년 10월 23일 19시,수요일,강원도 태백시 황지동,경상사고,0,0,1,0,차대사람 - 횡단중,안전운전불이행,건조,흐림,단일로 - 기타,승용,남,32세,상해없음,보행자,남,74세,경상
2013102300100576,2013년 10월 23일 20시,수요일,강원도 춘천시 석사동,중상사고,0,1,0,0,차대차 - 측면직각충돌,안전운전불이행,건조,맑음,교차로 - 교차로안,승용,여,42세,상해없음,이륜,남,17세,중상
2013102300100577,2013년 10월 23일 20시,수요일,강원도 춘천시 사농동,경상사고,0,0,1,0,차대사람 - 기타,안전운전불이행,건조,맑음,기타 - 기타,기타불명,기타불명,기타불명,기타불명,보행자,여,18세,경상
2013102300100578,2013년 10월 23일 20시,수요일,강원도 강릉시 포남동,경상사고,0,0,1,0,차대사람 - 기타,안전운전불이행,건조,맑음,단일로 - 기타,승합,여,40세,상해없음,보행자,남,4세,경상
2013102300100579,2013년 10월 23일 20시,수요일,강원도 평창군 진부면,중상사고,0,3,1,0,차대차 - 측면직각충돌,신호위반,건조,맑음,교차로 - 교차로안,승합,남,58세,상해없음,승합,남,56세,중상
2013102300100580,2013년 10월 23일 20시,수요일,강원도 철원군 철원읍,경상사고,0,0,1,0,차대사람 - 길가장자리구역통행중,안전운전불이행,건조,맑음,단일로 - 기타,기타불명,기타불명,기타불명,기타불명,보행자,남,15세,경상
2013102300100581,2013년 10월 23일 20시,수요일,강원도 동해시 천곡동,경상사고,0,0,1,0,차대차 - 기타,교차로운행방법위반,건조,맑음,교차로 - 교차로부근,화물,남,49세,상해없음,승용,남,54세,경상
2013102300100613,2013년 10월 23일 21시,수요일,강원도 강릉시 교동,경상사고,0,0,1,0,차대차 - 측면직각충돌,안전운전불이행,건조,맑음,교차로 - 교차로안,자전거,남,50세,경상,승용,남,42세,상해없음
2013102400100009,2013년 10월 24일 00시,목요일,강원도 춘천시 후평동,중상사고,0,1,3,0,차대차 - 측면직각충돌,교차로운행방법위반,건조,맑음,교차로 - 교차로안,승용,여,31세,경상,승용,여,20세,중상
2013102400100075,2013년 10월 24일 06시,목요일,강원도 원주시 중앙동,중상사고,0,1,0,0,차대사람 - 보도통행중,안전운전불이행,건조,맑음,교차로 - 교차로안,승용,여,47세,상해없음,보행자,여,75세,중상
2013102400100104,2013년 10월 24일 07시,목요일,강원도 춘천시 퇴계동,중상사고,0,1,1,0,차대차 - 측면직각충돌,안전거리미확보,건조,맑음,단일로 - 기타,승합,남,71세,상해없음,승합,남,57세,경상
2013102400100105,2013년 10월 24일 07시,목요일,강원도 춘천시 석사동,부상신고사고,0,0,0,1,차대차 - 기타,신호위반,건조,맑음,교차로 - 교차로안,원동기,남,25세,부상신고,화물,남,50세,상해없음
2013102400100106,2013년 10월 24일 07시,목요일,강원도 춘천시 신동,경상사고,0,0,3,0,차대차 - 추돌 - 진행중,안전거리미확보,건조,맑음,단일로 - 기타,승용,여,21세,상해없음,승용,여,34세,경상
2013102400100107,2013년 10월 24일 07시,목요일,강원도 속초시 노학동,중상사고,0,2,2,0,차대차 - 측면직각충돌,교차로운행방법위반,건조,맑음,교차로 - 교차로안,화물,남,51세,상해없음,승용,여,66세,경상
2013102400100145,2013년 10월 24일 08시,목요일,강원도 춘천시 퇴계동,경상사고,0,0,1,0,차대차 - 기타,안전운전불이행,건조,맑음,단일로 - 기타,기타불명,기타불명,기타불명,기타불명,자전거,남,14세,경상
2013102400100146,2013년 10월 24일 08시,목요일,강원도 원주시 단계동,경상사고,0,0,3,0,차대차 - 추돌 - 진행중,안전거리미확보,건조,맑음,단일로 - 기타,승용,여,47세,상해없음,승용,여,45세,경상
2013102400100188,2013년 10월 24일 09시,목요일,강원도 강릉시 교동,경상사고,0,0,1,0,차대차 - 측면직각충돌,안전운전불이행,건조,맑음,교차로 - 교차로안,승용,남,74세,상해없음,승용,여,59세,경상
2013102400100189,2013년 10월 24일 09시,목요일,강원도 인제군 북면,경상사고,0,0,2,0,차대차 - 추돌 - 진행중,교차로운행방법위반,건조,맑음,교차로 - 교차로안,화물,남,34세,상해없음,승용,남,53세,경상
2013102400100242,2013년 10월 24일 11시,목요일,강원도 원주시 우산동,경상사고,0,0,1,0,차대차 - 측면직각충돌,안전거리미확보,건조,맑음,교차로 - 교차로부근,승용,남,50세,상해없음,화물,남,56세,경상
2013102400100243,2013년 10월 24일 11시,목요일,강원도 태백시 통동,중상사고,0,1,0,0,차대차 - 측면직각충돌,교차로운행방법위반,건조,맑음,교차로 - 교차로안,화물,남,45세,상해없음,승용,남,36세,상해없음
2013102400100279,2013년 10월 24일 12시,목요일,강원도 홍천군 남면,경상사고,0,0,1,0,차대차 - 기타,교차로운행방법위반,건조,맑음,교차로 - 교차로안,승용,여,67세,상해없음,승용,여,54세,경상
2013102400100306,2013년 10월 24일 13시,목요일,강원도 동해시 동회동,중상사고,0,1,0,0,차대사람 - 길가장자리구역통행중,안전운전불이행,건조,맑음,단일로 - 기타,승용,남,78세,상해없음,보행자,여,57세,중상
2013102400100391,2013년 10월 24일 16시,목요일,강원도 영월군 한반도면,사망사고,1,0,0,0,차량단독 - 전도전복,안전운전불이행,건조,맑음,단일로 - 기타,화물,남,72세,사망,,,,
2013102400100392,2013년 10월 24일 16시,목요일,강원도 고성군 죽왕면,중상사고,0,1,0,0,차대차 - 정면충돌,중앙선침범,건조,맑음,교차로 - 교차로안,건설기계,남,47세,상해없음,원동기,남,71세,중상
2013102400100432,2013년 10월 24일 17시,목요일,강원도 춘천시 효자동,중상사고,0,1,0,0,차대차 - 기타,기타,건조,맑음,단일로 - 기타,승합,남,54세,상해없음,이륜,남,59세,중상
2013102400100481,2013년 10월 24일 18시,목요일,강원도 춘천시 동면,경상사고,0,0,1,0,차대차 - 기타,안전운전불이행,건조,맑음,기타 - 기타,승용,여,45세,상해없음,승용,남,46세,경상
2013102400100482,2013년 10월 24일 18시,목요일,강원도 원주시 일산동,중상사고,0,1,1,0,차대차 - 측면직각충돌,교차로운행방법위반,건조,맑음,교차로 - 교차로부근,승용,여,44세,경상,건설기계,남,52세,중상
2013102400100541,2013년 10월 24일 19시,목요일,강원도 춘천시 후평동,경상사고,0,0,1,0,차대차 - 측면직각충돌,교차로운행방법위반,건조,맑음,교차로 - 교차로안,승용,여,52세,상해없음,화물,남,29세,경상
2013102400100542,2013년 10월 24일 19시,목요일,강원도 원주시 소초면,경상사고,0,0,7,0,차대차 - 추돌 - 진행중,안전운전불이행,건조,맑음,교차로 - 교차로부근,승용,남,56세,상해없음,승용,여,36세,경상
2013102400100543,2013년 10월 24일 19시,목요일,강원도 정선군 정선읍,중상사고,0,1,0,0,차대차 - 측면직각충돌,안전운전불이행,건조,맑음,교차로 - 교차로부근,승용,남,46세,상해없음,기타불명,남,59세,중상
2013102400100583,2013년 10월 24일 20시,목요일,강원도 원주시 무실동,경상사고,0,0,1,0,차대사람 - 횡단중,안전운전불이행,건조,맑음,교차로 - 교차로안,승용,남,33세,상해없음,보행자,남,52세,경상
2013102400100617,2013년 10월 24일 21시,목요일,강원도 춘천시 석사동,경상사고,0,0,1,0,차대사람 - 횡단중,신호위반,건조,맑음,단일로 - 횡단보도상,원동기,남,17세,상해없음,보행자,여,32세,경상
2013102400100644,2013년 10월 24일 22시,목요일,강원도 원주시 판부면,경상사고,0,0,1,0,차대차 - 기타,안전운전불이행,건조,맑음,교차로 - 교차로부근,승용,남,17세,상해없음,승용,남,40세,경상
2013102500100005,2013년 10월 25일 00시,금요일,강원도 춘천시 후평동,경상사고,0,0,1,0,차대차 - 기타,안전운전불이행,건조,흐림,교차로 - 교차로안,기타불명,기타불명,기타불명,기타불명,승용,남,31세,상해없음
2013102500100076,2013년 10월 25일 05시,금요일,강원도 삼척시 근덕면,경상사고,0,0,3,0,차량단독 - 전도전복,안전운전불이행,건조,맑음,단일로 - 기타,화물,남,49세,경상,,,,
2013102500100095,2013년 10월 25일 06시,금요일,강원도 삼척시 오분동,경상사고,0,0,1,0,차대차 - 추돌 - 진행중,안전운전불이행,건조,맑음,단일로 - 기타,승용,남,29세,상해없음,승용,남,30세,경상
2013102500100112,2013년 10월 25일 07시,금요일,강원도 원주시 봉산동,경상사고,0,0,1,0,차대사람 - 횡단중,보행자보호의무위반,건조,맑음,교차로 - 교차로안,승용,남,55세,상해없음,보행자,여,59세,경상
2013102500100151,2013년 10월 25일 08시,금요일,강원도 삼척시 도계읍,경상사고,0,0,3,0,차대차 - 추돌 - 진행중,안전운전불이행,건조,맑음,단일로 - 기타,건설기계,남,50세,상해없음,승용,여,45세,상해없음
2013102500100186,2013년 10월 25일 09시,금요일,강원도 원주시 일산동,중상사고,0,1,0,0,차대사람 - 기타,안전운전불이행,건조,맑음,단일로 - 기타,승용,남,27세,상해없음,보행자,여,86세,중상