사고번호,사고일시,요일,시군구,사고내용,사망자수,중상자수,경상자수,부상신고자수,사고유형,법규위반,노면상태,기상상태,도로형태,가해운전자 차종,가해운전자 성별,가해운전자 연령,가해운전자 상해정도,피해운전자 차종,피해운전자 성별,피해운전자 연령,피해운전자 상해정도
2013102500100242,2013년 10월 25일 11시,금요일,강원도 화천군 간동면,경상사고,0,0,1,0,차대차 - 기타,기타,건조,맑음,교차로 - 교차로안,승용,여,68세,상해없음,이륜,남,71세,경상
2013102500100243,2013년 10월 25일 11시,금요일,강원도 태백시 화전동,경상사고,0,0,2,0,차대차 - 측면직각충돌,안전거리미확보,건조,맑음,단일로 - 기타,화물,남,54세,상해없음,승용,남,61세,경상
2013102500100244,2013년 10월 25일 11시,금요일,강원도 동해시 발한동,경상사고,0,0,1,0,차대차 - 측면직각충돌,안전거리미확보,건조,맑음,단일로 - 기타,원동기,남,71세,상해없음,원동기,남,59세,경상
2013102500100336,2013년 10월 25일 14시,금요일,강원도 원주시 개운동,중상사고,0,1,0,0,차대사람 - 기타,안전운전불이행,건조,맑음,단일로 - 기타,승용,남,45세,상해없음,보행자,여,77세,중상
2013102500100337,2013년 10월 25일 14시,금요일,강원도 태백시 장성동,중상사고,0,1,1,0,차대차 - 추돌 - 진행중,안전거리미확보,건조,맑음,단일로 - 기타,승합,남,64세,상해없음,승용,남,73세,중상
2013102500100338,2013년 10월 25일 14시,금요일,강원도 횡성군 둔내면,경상사고,0,0,2,0,차대차 - 정면충돌,중앙선침범,건조,맑음,단일로 - 기타,승용,남,30세,상해없음,화물,남,30세,경상
2013102500100339,2013년 10월 25일 14시,금요일,강원도 고성군 토성면,경상사고,0,0,1,0,차대차 - 추돌 - 진행중,안전거리미확보,건조,맑음,교차로 - 교차로부근,승용,남,24세,상해없음,승용,여,66세,경상
2013102500100422,2013년 10월 25일 16시,금요일,강원도 원주시 단구동,중상사고,0,1,0,0,차대차 - 측면직각충돌,교차로운행방법위반,건조,맑음,교차로 - 교차로안,승용,남,27세,상해없음,승합,남,44세,중상
2013102500100423,2013년 10월 25일 16시,금요일,강원도 삼척시 오분동,중상사고,0,1,0,0,차대차 - 추돌 - 진행중,안전거리미확보,건조,맑음,교차로 - 교차로부근,승용,여,55세,상해없음,승용,여,58세,중상
2013102500100424,2013년 10월 25일 16시,금요일,강원도 횡성군 우천면,사망사고,2,1,7,1,차대차 - 기타,안전운전불이행,건조,맑음,기타 - 기타,승용,남,19세,경상,승합,남,54세,경상
2013102500100466,2013년 10월 25일 17시,금요일,강원도 춘천시 온의동,경상사고,0,0,1,0,차대차 - 측면직각충돌,안전운전불이행,건조,맑음,교차로 - 교차로안,승용,남,39세,상해없음,승용,남,37세,경상
2013102500100467,2013년 10월 25일 17시,금요일,강원도 속초시 동명동,경상사고,0,0,1,0,차대차 - 측면직각충돌,교차로운행방법위반,건조,맑음,교차로 - 교차로안,승용,남,23세,기타불명,승용,여,64세,경상
2013102500100468,2013년 10월 25일 17시,금요일,강원도 속초시 청학동,경상사고,0,0,1,0,차대차 - 기타,안전거리미확보,건조,맑음,단일로 - 기타,승용,남,40세,상해없음,이륜,남,32세,경상
2013102500100511,2013년 10월 25일 18시,금요일,강원도 춘천시 후평동,경상사고,0,0,1,0,차대사람 - 횡단중,안전운전불이행,건조,맑음,단일로 - 기타,승합,남,44세,상해없음,보행자,여,74세,경상
2013102500100512,2013년 10월 25일 18시,금요일,강원도 춘천시 온의동,경상사고,0,0,4,0,차대차 - 정면충돌,중앙선침범,건조,맑음,단일로 - 기타,승용,남,38세,상해없음,승용,여,46세,경상
2013102500100513,2013년 10월 25일 18시,금요일,강원도 춘천시 운교동,부상신고사고,0,0,0,1,차대차 - 기타,안전운전불이행,건조,맑음,단일로 - 기타,기타불명,기타불명,기타불명,기타불명,자전거,남,14세,부상신고
2013102500100514,2013년 10월 25일 18시,금요일,강원도 강릉시 성남동,중상사고,0,1,0,0,차대차 - 측면직각충돌,안전운전불이행,건조,맑음,교차로 - 교차로안,이륜,남,71세,중상,승합,남,59세,상해없음
2013102500100515,2013년 10월 25일 18시,금요일,강원도 원주시 소초면,경상사고,0,0,2,0,차대차 - 추돌 - 주정차중,안전거리미확보,건조,맑음,교차로 - 교차로안,승용,남,38세,상해없음,화물,남,53세,경상
2013102500100516,2013년 10월 25일 18시,금요일,강원도 속초시 중앙동,경상사고,0,0,1,0,차대차 - 기타,안전운전불이행,건조,맑음,단일로 - 기타,승용,여,39세,상해없음,이륜,남,52세,경상
2013102500100517,2013년 10월 25일 18시,금요일,강원도 삼척시 당저동,중상사고,0,1,0,0,차대사람 - 보도통행중,보행자보호의무위반,건조,맑음,단일로 - 기타,승용,남,77세,상해없음,보행자,남,52세,중상
2013102500100518,2013년 10월 25일 18시,금요일,강원도 홍천군 서면,사망사고,1,0,0,0,차대사람 - 횡단중,안전운전불이행,건조,맑음,단일로 - 기타,화물,남,44세,상해없음,보행자,남,64세,사망
2013102500100519,2013년 10월 25일 18시,금요일,강원도 정선군 북평면,경상사고,0,0,1,0,차대차 - 추돌 - 진행중,안전운전불이행,건조,맑음,단일로 - 기타,화물,남,52세,상해없음,농기계,남,59세,경상
2013102500100583,2013년 10월 25일 19시,금요일,강원도 원주시 원동,경상사고,0,0,1,0,차대차 - 기타,교차로운행방법위반,건조,맑음,단일로 - 기타,승용,남,56세,상해없음,승용,남,34세,경상
2013102500100584,2013년 10월 25일 19시,금요일,강원도 원주시 문막읍,경상사고,0,0,1,0,차대차 - 기타,직진우회전진행방해,건조,맑음,교차로 - 교차로안,승용,남,24세,상해없음,승용,남,38세,경상
2013102500100585,2013년 10월 25일 19시,금요일,강원도 속초시 교동,경상사고,0,0,1,0,차대차 - 측면직각충돌,신호위반,건조,맑음,교차로 - 교차로부근,승용,남,46세,상해없음,원동기,남,18세,경상
2013102500100586,2013년 10월 25일 19시,금요일,강원도 철원군 서면,경상사고,0,0,1,0,차대차 - 측면직각충돌,교차로운행방법위반,건조,맑음,교차로 - 교차로안,승용,남,58세,상해없음,승용,여,43세,경상
2013102500100620,2013년 10월 25일 20시,금요일,강원도 원주시 명륜동,중상사고,0,2,0,0,차대차 - 정면충돌,신호위반,건조,맑음,교차로 - 교차로안,승용,여,45세,상해없음,승용,남,27세,중상
2013102500100648,2013년 10월 25일 21시,금요일,강원도 속초시 교동,경상사고,0,0,1,0,차대차 - 기타,중앙선침범,건조,맑음,교차로 - 교차로부근,승합,남,43세,상해없음,이륜,남,18세,경상
2013102500100695,2013년 10월 25일 22시,금요일,강원도 강릉시 사천면,경상사고,0,0,7,0,차대차 - 추돌 - 주정차중,안전운전불이행,기타,기타,단일로 - 기타,화물,남,47세,상해없음,승용,남,55세,경상
2013102500100696,2013년 10월 25일 22시,금요일,강원도 원주시 단계동,중상사고,0,1,0,0,차대사람 - 보도통행중,안전운전불이행,건조,맑음,교차로 - 교차로안,승용,남,55세,상해없음,보행자,남,48세,상해없음
2013102500100697,2013년 10월 25일 22시,금요일,강원도 영월군 한반도면,사망사고,1,0,0,0,차대사람 - 횡단중,안전운전불이행,건조,맑음,단일로 - 기타,승용,남,39세,상해없음,보행자,남,65세,사망
2013102500100698,2013년 10월 25일 22시,금요일,강원도 홍천군 홍천읍,경상사고,0,0,1,0,차대사람 - 기타,안전운전불이행,건조,맑음,단일로 - 기타,승용,여,44세,상해없음,보행자,남,50세,경상
2013102600100010,2013년 10월 26일 00시,토요일,강원도 속초시 노학동,경상사고,0,0,1,0,차량단독 - 공작물충돌,중앙선침범,건조,맑음,단일로 - 기타,승용,남,29세,상해없음,,,,
2013102600100011,2013년 10월 26일 00시,토요일,강원도 태백시 황지동,경상사고,0,0,1,0,차량단독 - 공작물충돌,안전운전불이행,건조,맑음,단일로 - 기타,승용,남,39세,경상,,,,
2013102600100032,2013년 10월 26일 01시,토요일,강원도 원주시 명륜동,경상사고,0,0,2,0,차대차 - 추돌 - 주정차중,안전거리미확보,건조,맑음,단일로 - 기타,승용,남,28세,상해없음,승용,남,61세,경상
2013102600100056,2013년 10월 26일 02시,토요일,강원도 원주시 중앙동,경상사고,0,0,1,0,차대차 - 추돌 - 주정차중,안전운전불이행,건조,맑음,단일로 - 기타,승용,남,44세,상해없음,승용,남,31세,경상
2013102600100109,2013년 10월 26일 06시,토요일,강원도 춘천시 효자동,경상사고,0,0,1,0,차대사람 - 기타,안전운전불이행,건조,맑음,단일로 - 기타,화물,남,56세,상해없음,보행자,남,19세,경상
2013102600100128,2013년 10월 26일 07시,토요일,강원도 춘천시 효자동,경상사고,0,0,4,0,차대차 - 측면직각충돌,직진우회전진행방해,건조,맑음,교차로 - 교차로안,승용,남,33세,경상,승용,남,26세,경상
2013102600100149,2013년 10월 26일 08시,토요일,강원도 삼척시 도경동,경상사고,0,0,2,0,차대차 - 측면직각충돌,신호위반,건조,맑음,교차로 - 교차로안,승용,남,63세,경상,화물,여,28세,경상
2013102600100150,2013년 10월 26일 08시,토요일,강원도 횡성군 횡성읍,경상사고,0,0,2,0,차대차 - 기타,교차로운행방법위반,건조,맑음,교차로 - 교차로안,승용,남,45세,상해없음,화물,남,53세,경상
2013102600100188,2013년 10월 26일 09시,토요일,강원도 원주시 우산동,경상사고,0,0,2,0,차대차 - 추돌 - 진행중,안전운전불이행,건조,맑음,단일로 - 기타,화물,남,36세,상해없음,승용,여,23세,경상
2013102600100222,2013년 10월 26일 10시,토요일,강원도 고성군 토성면,경상사고,0,0,2,0,차대차 - 측면직각충돌,안전운전불이행,건조,맑음,교차로 - 교차로안,승용,남,73세,상해없음,화물,남,49세,경상
2013102600100260,2013년 10월 26일 11시,토요일,강원도 원주시 단계동,경상사고,0,0,1,0,차대차 - 측면직각충돌,신호위반,건조,맑음,교차로 - 교차로안,화물,남,55세,상해없음,승용,여,29세,경상
2013102600100301,2013년 10월 26일 12시,토요일,강원도 원주시 명륜동,중상사고,0,2,0,0,차대차 - 측면직각충돌,직진우회전진행방해,건조,맑음,단일로 - 기타,승용,남,58세,상해없음,승용,여,44세,중상
2013102600100340,2013년 10월 26일 13시,토요일,강원도 원주시 신림면,경상사고,0,0,4,0,차대차 - 측면직각충돌,중앙선침범,건조,맑음,단일로 - 기타,승용,남,60세,상해없음,승용,남,31세,경상
2013102600100341,2013년 10월 26일 13시,토요일,강원도 원주시 일산동,중상사고,0,1,0,0,차대차 - 측면직각충돌,교차로운행방법위반,건조,맑음,교차로 - 교차로부근,원동기,남,63세,중상,승용,여,47세,상해없음
2013102600100342,2013년 10월 26일 13시,토요일,강원도 인제군 남면,경상사고,0,0,1,0,차대차 - 추돌 - 진행중,안전운전불이행,건조,맑음,교차로 - 교차로부근,승용,남,49세,상해없음,승용,남,59세,상해없음
2013102600100378,2013년 10월 26일 14시,토요일,강원도 원주시 태장동,경상사고,0,0,2,0,차대차 - 정면충돌,안전운전불이행,건조,맑음,단일로 - 기타,승용,남,44세,상해없음,승용,남,41세,경상
2013102600100379,2013년 10월 26일 14시,토요일,강원도 평창군 봉평면,중상사고,0,6,0,0,차대차 - 측면직각충돌,중앙선침범,건조,맑음,단일로 - 기타,승용,여,64세,상해없음,승용,남,39세,중상
2013102600100415,2013년 10월 26일 15시,토요일,강원도 철원군 갈말읍,경상사고,0,0,1,0,차대차 - 측면직각충돌,안전운전불이행,건조,맑음,단일로 - 기타,승용,남,47세,상해없음,승용,여,40세,경상
2013102600100457,2013년 10월 26일 16시,토요일,강원도 평창군 평창읍,경상사고,0,0,1,0,차대차 - 측면직각충돌,안전운전불이행,건조,맑음,단일로 - 기타,화물,남,60세,상해없음,원동기,남,73세,경상
2013102600100485,2013년 10월 26일 17시,토요일,강원도 삼척시 등봉동,경상사고,0,0,2,0,차대차 - 추돌 - 진행중,안전운전불이행,건조,맑음,단일로 - 기타,화물,남,51세,상해없음,화물,남,55세,경상
2013102600100486,2013년 10월 26일 17시,토요일,강원도 고성군 거진읍,경상사고,0,0,1,0,차대사람 - 기타,안전운전불이행,건조,맑음,단일로 - 기타,승용,남,41세,상해없음,보행자,남,18세,경상
2013102600100532,2013년 10월 26일 18시,토요일,강원도 원주시 행구동,중상사고,0,1,1,0,차대차 - 추돌 - 진행중,안전거리미확보,건조,맑음,단일로 - 기타,승용,남,40세,상해없음,농기계,남,44세,중상
2013102600100533,2013년 10월 26일 18시,토요일,강원도 원주시 단계동,경상사고,0,0,2,0,차대차 - 측면직각충돌,안전운전불이행,건조,맑음,단일로 - 기타,기타불명,기타불명,기타불명,기타불명,승용,남,67세,상해없음
2013102600100534,2013년 10월 26일 18시,토요일,강원도 철원군 갈말읍,경상사고,0,0,1,0,차대차 - 측면직각충돌,중앙선침범,건조,맑음,단일로 - 기타,승용,남,63세,상해없음,승용,남,57세,경상
2013102600100582,2013년 10월 26일 19시,토요일,강원도 원주시 호저면,경상사고,0,0,2,0,차대차 - 추돌 - 진행중,안전운전불이행,건조,맑음,단일로 - 교량,승용,남,33세,상해없음,승용,여,46세,경상
2013102600100634,2013년 10월 26일 20시,토요일,강원도 강릉시 포남동,경상사고,0,0,1,0,차대차 - 기타,안전운전불이행,건조,맑음,단일로 - 기타,승용,남,60세,상해없음,승용,여,43세,경상
2013102600100666,2013년 10월 26일 21시,토요일,강원도 정선군 정선읍,경상사고,0,0,1,0,차대차 - 측면직각충돌,안전운전불이행,건조,맑음,단일로 - 교량,화물,남,50세,상해없음,승용,여,60세,경상
2013102700100013,2013년 10월 27일 00시,일요일,강원도 속초시 교동,중상사고,0,1,0,0,차대차 - 측면직각충돌,불법유턴,건조,맑음,단일로 - 기타,승용,남,54세,상해없음,이륜,남,23세,중상
2013102700100030,2013년 10월 27일 01시,일요일,강원도 춘천시 효자동,경상사고,0,0,1,0,차대차 - 측면직각충돌,교차로운행방법위반,건조,맑음,교차로 - 교차로안,이륜,남,18세,상해없음,원동기,남,30세,경상
2013102700100031,2013년 10월 27일 01시,일요일,강원도 강릉시 주문진읍,경상사고,0,0,2,0,차대차 - 기타,안전운전불이행,건조,맑음,교차로 - 교차로안,승용,남,40세,상해없음,승용,남,29세,경상
2013102700100032,2013년 10월 27일 01시,일요일,강원도 영월군 남면,경상사고,0,0,1,0,차량단독 - 도로외이탈 - 추락,안전운전불이행,건조,맑음,교차로 - 교차로부근,승용,남,21세,경상,,,,
2013102700100060,2013년 10월 27일 03시,일요일,강원도 춘천시 효자동,중상사고,0,1,0,0,차대차 - 기타,안전운전불이행,건조,맑음,단일로 - 기타,승용,남,23세,상해없음,승용,남,30세,상해없음
2013102700100118,2013년 10월 27일 07시,일요일,강원도 동해시 묵호진동,경상사고,0,0,1,0,차대차 - 기타,안전운전불이행,건조,맑음,교차로 - 교차로안,승용,남,65세,상해없음,자전거,남,63세,경상
2013102700100156,2013년 10월 27일 09시,일요일,강원도 속초시 교동,경상사고,0,0,1,0,차대차 - 측면직각충돌,안전거리미확보,건조,맑음,단일로 - 기타,승용,남,51세,상해없음,승용,남,43세,경상
2013102700100192,2013년 10월 27일 11시,일요일,강원도 춘천시 남산면,경상사고,0,0,1,0,차대차 - 측면직각충돌,안전운전불이행,건조,맑음,기타 - 기타,승용,남,69세,상해없음,승용,여,29세,경상
2013102700100241,2013년 10월 27일 13시,일요일,강원도 춘천시 후평동,경상사고,0,0,2,0,차대차 - 측면직각충돌,교차로운행방법위반,건조,맑음,교차로 - 교차로안,승용,여,52세,상해없음,승용,남,56세,경상
2013102700100242,2013년 10월 27일 13시,일요일,강원도 춘천시 신북읍,경상사고,0,0,2,0,차대차 - 측면직각충돌,중앙선침범,건조,맑음,교차로 - 교차로부근,화물,남,44세,상해없음,승용,남,24세,경상
2013102700100274,2013년 10월 27일 14시,일요일,강원도 강릉시 유천동,경상사고,0,0,1,1,차대차 - 측면직각충돌,안전운전불이행,건조,맑음,교차로 - 교차로안,승합,남,71세,상해없음,승용,남,35세,경상
2013102700100305,2013년 10월 27일 15시,일요일,강원도 강릉시 성남동,경상사고,0,0,1,0,차대차 - 기타,안전운전불이행,건조,맑음,단일로 - 기타,화물,남,56세,상해없음,이륜,남,17세,경상
2013102700100306,2013년 10월 27일 15시,일요일,강원도 강릉시 포남동,경상사고,0,0,2,0,차대차 - 정면충돌,중앙선침범,건조,맑음,교차로 - 교차로부근,승용,여,32세,상해없음,승용,남,29세,경상
2013102700100344,2013년 10월 27일 16시,일요일,강원도 평창군 진부면,경상사고,0,0,2,0,차대차 - 측면직각충돌,안전운전불이행,건조,맑음,단일로 - 기타,건설기계,남,63세,상해없음,승용,남,62세,경상
2013102700100380,2013년 10월 27일 17시,일요일,강원도 강릉시 주문진읍,경상사고,0,0,1,1,차대차 - 추돌 - 주정차중,안전운전불이행,건조,맑음,교차로 - 교차로부근,화물,남,53세,상해없음,승용,여,60세,경상
2013102700100381,2013년 10월 27일 17시,일요일,강원도 원주시 명륜동,경상사고,0,0,1,0,차대차 - 추돌 - 주정차중,안전운전불이행,건조,맑음,교차로 - 교차로부근,승용,남,22세,기타불명,승용,남,47세,경상
2013102700100382,2013년 10월 27일 17시,일요일,강원도 태백시 황지동,경상사고,0,0,1,0,차대차 - 측면직각충돌,안전운전불이행,건조,맑음,교차로 - 교차로안,화물,남,69세,상해없음,승용,여,56세,경상
2013102700100428,2013년 10월 27일 18시,일요일,강원도 춘천시 퇴계동,경상사고,0,0,3,0,차대차 - 측면직각충돌,안전운전불이행,건조,맑음,교차로 - 교차로부근,기타불명,기타불명,기타불명,기타불명,승용,여,55세,경상
2013102700100429,2013년 10월 27일 18시,일요일,강원도 춘천시 우두동,중상사고,0,1,0,0,차대사람 - 횡단중,안전운전불이행,건조,맑음,단일로 - 횡단보도상,승용,남,26세,상해없음,보행자,남,65세,중상
2013102700100430,2013년 10월 27일 18시,일요일,강원도 양구군 양구읍,중상사고,0,1,0,0,차대사람 - 횡단중,보행자보호의무위반,건조,맑음,단일로 - 횡단보도상,승합,남,43세,상해없음,보행자,여,62세,중상
2013102700100474,2013년 10월 27일 19시,일요일,강원도 춘천시 후평동,경상사고,0,0,1,0,차대사람 - 기타,안전운전불이행,건조,맑음,교차로 - 교차로부근,승용,남,47세,상해없음,보행자,남,55세,경상
2013102700100533,2013년 10월 27일 21시,일요일,강원도 춘천시 동면,경상사고,0,0,1,0,차대사람 - 기타,안전운전불이행,건조,맑음,단일로 - 기타,승합,남,45세,상해없음,보행자,여,45세,경상
2013102800100056,2013년 10월 28일 06시,월요일,강원도 춘천시 송암동,경상사고,0,0,2,0,차대차 - 측면직각충돌,교차로운행방법위반,습기,안개,교차로 - 교차로안,승용,남,52세,상해없음,승합,남,52세,경상
2013102800100057,2013년 10월 28일 06시,월요일,강원도 원주시 태장동,경상사고,0,0,1,0,차대차 - 기타,차로위반,건조,흐림,단일로 - 기타,승합,남,62세,상해없음,건설기계,남,34세,상해없음
2013102800100073,2013년 10월 28일 07시,월요일,강원도 고성군 거진읍,중상사고,0,1,0,0,차대사람 - 횡단중,보행자보호의무위반,건조,맑음,단일로 - 횡단보도상,승용,여,48세,상해없음,보행자,여,75세,중상
2013102800100107,2013년 10월 28일 08시,월요일,강원도 춘천시 석사동,경상사고,0,0,1,0,차대차 - 기타,안전운전불이행,건조,맑음,단일로 - 기타,승용,여,43세,상해없음,승용,여,45세,경상
2013102800100108,2013년 10월 28일 08시,월요일,강원도 강릉시 입암동,경상사고,0,0,1,0,차대사람 - 기타,안전운전불이행,건조,맑음,단일로 - 기타,원동기,남,59세,상해없음,보행자,여,9세,경상
2013102800100140,2013년 10월 28일 09시,월요일,강원도 원주시 관설동,경상사고,0,0,1,0,차대차 - 측면직각충돌,교차로운행방법위반,건조,맑음,교차로 - 교차로안,승용,여,57세,상해없음,이륜,여,61세,경상
2013102800100141,2013년 10월 28일 09시,월요일,강원도 원주시 태장동,경상사고,0,0,2,0,차대차 - 추돌 - 진행중,안전운전불이행,건조,맑음,단일로 - 기타,승용,여,55세,경상,승합,남,60세,경상
2013102800100170,2013년 10월 28일 10시,월요일,강원도 평창군 대관령면,중상사고,0,1,0,0,차대차 - 측면직각충돌,중앙선침범,건조,맑음,단일로 - 기타,승용,여,58세,상해없음,건설기계,남,51세,중상
2013102800100200,2013년 10월 28일 11시,월요일,강원도 춘천시 석사동,경상사고,0,0,1,0,차대차 - 측면직각충돌,신호위반,건조,맑음,교차로 - 교차로안,승용,여,49세,상해없음,승용,남,63세,경상
2013102800100289,2013년 10월 28일 14시,월요일,강원도 원주시 단계동,중상사고,0,1,0,0,차대차 - 측면직각충돌,차로위반,건조,맑음,단일로 - 기타,승용,여,51세,상해없음,이륜,남,33세,중상
2013102800100290,2013년 10월 28일 14시,월요일,강원도 강릉시 성산면,경상사고,0,0,3,0,차대차 - 추돌 - 주정차중,기타,건조,맑음,기타 - 기타,승용,여,42세,상해없음,승용,여,45세,경상
2013102800100310,2013년 10월 28일 15시,월요일,강원도 홍천군 홍천읍,중상사고,0,1,0,0,차대차 - 기타,직진우회전진행방해,건조,맑음,교차로 - 교차로안,승용,남,71세,상해없음,승용,여,58세,중상
2013102800100334,2013년 10월 28일 16시,월요일,강원도 춘천시 석사동,경상사고,0,0,2,0,차대차 - 측면직각충돌,신호위반,건조,맑음,교차로 - 교차로안,승용,남,45세,상해없음,승용,여,24세,경상
2013102800100335,2013년 10월 28일 16시,월요일,강원도 춘천시 근화동,경상사고,0,0,1,0,차대차 - 기타,안전운전불이행,건조,맑음,교차로 - 교차로부근,화물,남,51세,기타불명,원동기,남,71세,경상
2013102800100336,2013년 10월 28일 16시,월요일,강원도 홍천군 서면,경상사고,0,0,2,0,차대차 - 측면직각충돌,중앙선침범,건조,맑음,단일로 - 기타,화물,남,73세,상해없음,승용,남,31세,경상
2013102800100337,2013년 10월 28일 16시,월요일,강원도 고성군 죽왕면,경상사고,0,0,1,0,차량단독 - 공작물충돌,안전운전불이행,건조,맑음,교차로 - 교차로부근,승용,남,67세,상해없음,,,,
2013102800100425,2013년 10월 28일 18시,월요일,강원도 춘천시 퇴계동,경상사고,0,0,1,0,차대차 - 추돌 - 진행중,안전운전불이행,건조,맑음,교차로 - 교차로부근,화물,남,42세,상해없음,승용,남,33세,경상
2013102800100508,2013년 10월 28일 20시,월요일,강원도 강릉시 내곡동,경상사고,0,0,1,0,차대사람 - 횡단중,보행자보호의무위반,건조,맑음,교차로 - 교차로부근,원동기,남,70세,상해없음,보행자,남,24세,경상
2013102900100015,2013년 10월 29일 00시,화요일,강원도 원주시 단계동,경상사고,0,0,3,0,차대차 - 측면직각충돌,교차로운행방법위반,건조,흐림,교차로 - 교차로안,승용,남,22세,상해없음,승합,여,38세,경상
2013102900100016,2013년 10월 29일 00시,화요일,강원도 속초시 교동,경상사고,0,0,1,0,차대차 - 측면직각충돌,중앙선침범,건조,맑음,단일로 - 기타,승용,남,30세,상해없음,승용,남,64세,경상
2013102900100051,2013년 10월 29일 03시,화요일,강원도 원주시 우산동,경상사고,0,0,1,0,차대사람 - 차도통행중,안전운전불이행,건조,맑음,단일로 - 기타,승용,남,50세,상해없음,보행자,남,50세,경상
2013102900100073,2013년 10월 29일 06시,화요일,강원도 강릉시 교동,중상사고,0,1,0,0,차대차 - 측면직각충돌,신호위반,건조,맑음,교차로 - 교차로안,승용,여,42세,상해없음,화물,남,57세,중상
2013102900100132,2013년 10월 29일 08시,화요일,강원도 춘천시 온의동,경상사고,0,0,3,0,차대차 - 기타,중앙선침범,건조,맑음,단일로 - 기타,승용,여,56세,경상,승용,여,26세,경상
2013102900100163,2013년 10월 29일 09시,화요일,강원도 평창군 미탄면,중상사고,0,1,0,0,차대차 - 측면직각충돌,중앙선침범,건조,맑음,단일로 - 기타,화물,남,50세,상해없음,승용,남,78세,중상
2013102900100237,2013년 10월 29일 12시,화요일,강원도 영월군 영월읍,중상사고,0,1,0,0,차대사람 - 기타,안전운전불이행,건조,맑음,단일로 - 기타,원동기,남,77세,상해없음,보행자,남,66세,중상
2013102900100266,2013년 10월 29일 13시,화요일,강원도 원주시 무실동,경상사고,0,0,2,0,차대차 - 기타,안전운전불이행,건조,맑음,교차로 - 교차로안,승용,여,46세,경상,승용,여,48세,경상
2013102900100294,2013년 10월 29일 14시,화요일,강원도 강릉시 사천면,중상사고,0,1,0,0,차대차 - 측면직각충돌,안전운전불이행,건조,맑음,교차로 - 교차로안,화물,남,23세,상해없음,농기계,남,74세,중상
2013102900100295,2013년 10월 29일 14시,화요일,강원도 영월군 영월읍,중상사고,0,1,0,0,차대차 - 추돌 - 진행중,중앙선침범,건조,맑음,단일로 - 기타,건설기계,남,65세,상해없음,승용,남,28세,중상
2013102900100315,2013년 10월 29일 15시,화요일,강원도 춘천시 옥천동,경상사고,0,0,1,0,차대차 - 측면직각충돌,기타,건조,맑음,단일로 - 기타,승용,여,47세,상해없음,승용,남,25세,경상
2013102900100354,2013년 10월 29일 16시,화요일,강원도 횡성군 횡성읍,경상사고,0,0,2,0,차대차 - 정면충돌,중앙선침범,건조,맑음,단일로 - 기타,승용,여,60세,상해없음,승용,여,54세,경상
2013102900100399,2013년 10월 29일 17시,화요일,강원도 춘천시 효자동,중상사고,0,1,0,0,차대사람 - 횡단중,보행자보호의무위반,건조,맑음,교차로 - 교차로부근,승용,남,52세,상해없음,보행자,여,77세,중상
2013102900100400,2013년 10월 29일 17시,화요일,강원도 화천군 하남면,중상사고,0,1,0,0,차대차 - 추돌 - 진행중,안전운전불이행,건조,맑음,단일로 - 기타,승용,남,73세,상해없음,이륜,남,53세,중상
2013102900100443,2013년 10월 29일 18시,화요일,강원도 강릉시 강동면,사망사고,1,0,0,0,차대차 - 추돌 - 진행중,안전운전불이행,건조,맑음,단일로 - 기타,화물,남,43세,상해없음,농기계,남,71세,사망
2013102900100444,2013년 10월 29일 18시,화요일,강원도 원주시 단계동,경상사고,0,0,3,0,차대차 - 추돌 - 진행중,안전운전불이행,건조,맑음,단일로 - 기타,이륜,남,43세,경상,승용,남,74세,경상
2013102900100445,2013년 10월 29일 18시,화요일,강원도 태백시 황지동,중상사고,0,1,0,0,차대차 - 측면직각충돌,안전운전불이행,건조,맑음,단일로 - 기타,승용,남,42세,상해없음,이륜,남,68세,중상
2013102900100446,2013년 10월 29일 18시,화요일,강원도 정선군 정선읍,경상사고,0,0,2,0,차대차 - 추돌 - 진행중,안전운전불이행,건조,맑음,단일로 - 기타,승용,여,47세,상해없음,승용,남,46세,경상
2013102900100447,2013년 10월 29일 18시,화요일,강원도 횡성군 우천면,경상사고,0,0,1,0,차대사람 - 기타,안전운전불이행,건조,맑음,단일로 - 기타,화물,남,43세,상해없음,보행자,남,77세,경상
2013102900100500,2013년 10월 29일 19시,화요일,강원도 원주시 행구동,경상사고,0,0,2,1,차대차 - 추돌 - 진행중,안전거리미확보,건조,맑음,단일로 - 기타,승용,남,71세,부상신고,승용,남,39세,경상
2013102900100565,2013년 10월 29일 21시,화요일,강원도 강릉시 입암동,경상사고,0,0,1,0,차대차 - 추돌 - 주정차중,안전운전불이행,기타,기타,교차로 - 교차로부근,승용,남,46세,기타불명,승용,여,39세,경상
2013102900100566,2013년 10월 29일 21시,화요일,강원도 원주시 반곡동,경상사고,0,0,2,0,차대차 - 추돌 - 주정차중,안전운전불이행,건조,맑음,교차로 - 교차로부근,승용,남,47세,상해없음,승용,남,54세,경상
2013102900100567,2013년 10월 29일 21시,화요일,강원도 태백시 황지동,중상사고,0,1,0,0,차대사람 - 횡단중,보행자보호의무위반,건조,맑음,단일로 - 기타,승용,여,52세,상해없음,보행자,남,54세,중상
2013103000100032,2013년 10월 30일 01시,수요일,강원도 춘천시 소양로3가,경상사고,0,0,2,0,차대차 - 측면직각충돌,교차로운행방법위반,건조,맑음,교차로 - 교차로안,승용,남,20세,상해없음,승용,남,49세,경상