사고번호,사고일시,요일,시군구,사고내용,사망자수,중상자수,경상자수,부상신고자수,사고유형,법규위반,노면상태,기상상태,도로형태,가해운전자 차종,가해운전자 성별,가해운전자 연령,가해운전자 상해정도,피해운전자 차종,피해운전자 성별,피해운전자 연령,피해운전자 상해정도
2013103000100066,2013년 10월 30일 05시,수요일,강원도 춘천시 동산면,중상사고,0,1,0,0,차대차 - 추돌 - 진행중,안전운전불이행,건조,맑음,기타 - 기타,승용,여,35세,상해없음,화물,남,58세,상해없음
2013103000100098,2013년 10월 30일 07시,수요일,강원도 원주시 무실동,경상사고,0,0,1,1,차대차 - 측면직각충돌,교차로운행방법위반,건조,흐림,교차로 - 교차로안,승용,남,63세,부상신고,승용,남,33세,경상
2013103000100099,2013년 10월 30일 07시,수요일,강원도 삼척시 자원동,중상사고,0,2,1,0,차대차 - 추돌 - 진행중,안전운전불이행,건조,맑음,단일로 - 기타,화물,남,65세,상해없음,승용,남,38세,상해없음
2013103000100100,2013년 10월 30일 07시,수요일,강원도 횡성군 횡성읍,경상사고,0,0,1,0,차대차 - 측면직각충돌,기타,건조,맑음,교차로 - 교차로안,승용,남,39세,상해없음,화물,남,51세,경상
2013103000100131,2013년 10월 30일 08시,수요일,강원도 춘천시 동산면,경상사고,0,0,3,0,차대차 - 추돌 - 진행중,안전거리미확보,건조,맑음,단일로 - 기타,건설기계,남,56세,상해없음,화물,남,44세,경상
2013103000100132,2013년 10월 30일 08시,수요일,강원도 고성군 토성면,경상사고,0,0,9,0,차대차 - 추돌 - 주정차중,안전운전불이행,건조,맑음,단일로 - 기타,화물,남,52세,상해없음,승용,남,50세,경상
2013103000100133,2013년 10월 30일 08시,수요일,강원도 동해시 송정동,경상사고,0,0,2,0,차대차 - 측면직각충돌,직진우회전진행방해,건조,맑음,교차로 - 교차로안,승용,여,45세,상해없음,승용,남,41세,경상
2013103000100208,2013년 10월 30일 10시,수요일,강원도 원주시 명륜동,중상사고,0,3,3,0,차대차 - 추돌 - 주정차중,안전거리미확보,건조,맑음,단일로 - 기타,건설기계,남,49세,상해없음,승용,남,54세,중상
2013103000100245,2013년 10월 30일 11시,수요일,강원도 강릉시 강동면,중상사고,0,1,0,0,차량단독 - 공작물충돌,안전운전불이행,건조,맑음,단일로 - 기타,승용,남,60세,상해없음,,,,
2013103000100246,2013년 10월 30일 11시,수요일,강원도 원주시 단계동,경상사고,0,0,1,0,차대차 - 측면직각충돌,교차로운행방법위반,건조,맑음,교차로 - 교차로안,화물,남,35세,상해없음,원동기,남,52세,경상
2013103000100247,2013년 10월 30일 11시,수요일,강원도 삼척시 남양동,경상사고,0,0,1,0,차대사람 - 기타,안전운전불이행,건조,맑음,단일로 - 기타,화물,남,38세,상해없음,보행자,남,58세,경상
2013103000100248,2013년 10월 30일 11시,수요일,강원도 동해시 단봉동,경상사고,0,0,2,0,차대차 - 추돌 - 진행중,안전거리미확보,건조,맑음,교차로 - 교차로부근,화물,남,45세,상해없음,화물,남,47세,경상
2013103000100269,2013년 10월 30일 12시,수요일,강원도 속초시 노학동,경상사고,0,0,1,0,차대차 - 측면직각충돌,교차로운행방법위반,건조,맑음,교차로 - 교차로안,승용,남,68세,상해없음,화물,남,22세,경상
2013103000100296,2013년 10월 30일 13시,수요일,강원도 원주시 단계동,경상사고,0,0,1,0,차대차 - 추돌 - 주정차중,안전거리미확보,건조,맑음,교차로 - 교차로부근,승용,남,58세,상해없음,승용,남,52세,경상
2013103000100297,2013년 10월 30일 13시,수요일,강원도 원주시 우산동,경상사고,0,0,2,0,차대차 - 측면직각충돌,신호위반,건조,맑음,교차로 - 교차로안,승용,남,66세,상해없음,승용,남,61세,경상
2013103000100329,2013년 10월 30일 14시,수요일,강원도 원주시 소초면,사망사고,1,0,0,0,차량단독 - 전도전복,안전운전불이행,건조,맑음,단일로 - 기타,이륜,남,73세,사망,,,,
2013103000100360,2013년 10월 30일 15시,수요일,강원도 원주시 태장동,경상사고,0,0,1,0,차대차 - 기타,안전거리미확보,건조,맑음,단일로 - 기타,승용,남,61세,기타불명,승용,여,40세,경상
2013103000100389,2013년 10월 30일 16시,수요일,강원도 춘천시 퇴계동,경상사고,0,0,1,0,차대차 - 측면직각충돌,교차로운행방법위반,건조,맑음,교차로 - 교차로부근,승용,여,41세,상해없음,이륜,남,42세,경상
2013103000100390,2013년 10월 30일 16시,수요일,강원도 원주시 우산동,중상사고,0,1,0,0,차대차 - 측면직각충돌,안전운전불이행,건조,맑음,단일로 - 기타,승용,여,36세,상해없음,원동기,남,65세,중상
2013103000100391,2013년 10월 30일 16시,수요일,강원도 원주시 중앙동,중상사고,0,1,0,0,차대사람 - 기타,안전운전불이행,건조,맑음,교차로 - 교차로부근,승용,여,38세,상해없음,보행자,여,71세,중상
2013103000100392,2013년 10월 30일 16시,수요일,강원도 고성군 간성읍,사망사고,1,2,4,0,차대차 - 정면충돌,중앙선침범,건조,맑음,단일로 - 기타,승용,남,69세,사망,승합,남,60세,경상
2013103000100424,2013년 10월 30일 17시,수요일,강원도 삼척시 남양동,경상사고,0,0,1,0,차대차 - 추돌 - 진행중,안전거리미확보,건조,맑음,교차로 - 교차로부근,승용,남,37세,상해없음,승용,여,41세,경상
2013103000100460,2013년 10월 30일 18시,수요일,강원도 춘천시 후평동,경상사고,0,0,1,0,차대차 - 추돌 - 진행중,안전거리미확보,건조,맑음,단일로 - 기타,승용,남,42세,상해없음,화물,남,36세,경상
2013103000100461,2013년 10월 30일 18시,수요일,강원도 춘천시 석사동,경상사고,0,0,1,0,차대사람 - 기타,기타,건조,맑음,기타 - 기타,승합,남,27세,상해없음,보행자,여,34세,경상
2013103000100462,2013년 10월 30일 18시,수요일,강원도 속초시 대포동,중상사고,0,1,0,0,차대차 - 측면직각충돌,신호위반,건조,맑음,교차로 - 교차로안,승용,남,65세,상해없음,승용,남,22세,중상
2013103000100463,2013년 10월 30일 18시,수요일,강원도 인제군 북면,중상사고,0,1,6,0,차대차 - 추돌 - 진행중,안전운전불이행,건조,맑음,교차로 - 교차로부근,승용,남,46세,상해없음,승용,남,64세,중상
2013103000100519,2013년 10월 30일 19시,수요일,강원도 원주시 태장동,경상사고,0,0,1,0,차대차 - 측면직각충돌,교차로운행방법위반,건조,맑음,교차로 - 교차로안,승용,남,68세,상해없음,자전거,남,48세,경상
2013103000100520,2013년 10월 30일 19시,수요일,강원도 원주시 개운동,경상사고,0,0,1,0,차대차 - 추돌 - 주정차중,안전운전불이행,건조,맑음,교차로 - 교차로부근,기타불명,기타불명,기타불명,기타불명,승용,여,44세,경상
2013103000100552,2013년 10월 30일 20시,수요일,강원도 강릉시 사천면,경상사고,0,0,1,0,차대차 - 기타,안전거리미확보,건조,맑음,단일로 - 기타,화물,남,49세,상해없음,승용,여,48세,경상
2013103000100553,2013년 10월 30일 20시,수요일,강원도 고성군 토성면,경상사고,0,0,1,0,차대차 - 추돌 - 진행중,안전운전불이행,건조,맑음,단일로 - 기타,화물,남,49세,상해없음,화물,남,52세,경상
2013103000100593,2013년 10월 30일 21시,수요일,강원도 춘천시 동내면,경상사고,0,0,1,0,차대차 - 추돌 - 진행중,안전운전불이행,건조,맑음,단일로 - 기타,승용,여,41세,상해없음,승용,여,56세,경상
2013103000100628,2013년 10월 30일 22시,수요일,강원도 강릉시 홍제동,중상사고,0,1,0,0,차대사람 - 기타,중앙선침범,건조,맑음,단일로 - 기타,원동기,남,20세,상해없음,보행자,남,27세,중상
2013103000100629,2013년 10월 30일 22시,수요일,강원도 원주시 단구동,중상사고,0,1,0,0,차대사람 - 횡단중,보행자보호의무위반,건조,맑음,단일로 - 횡단보도상,승용,남,43세,상해없음,보행자,남,19세,중상
2013103000100659,2013년 10월 30일 23시,수요일,강원도 춘천시 석사동,경상사고,0,0,1,0,차대차 - 추돌 - 주정차중,안전운전불이행,건조,맑음,단일로 - 기타,승용,여,54세,상해없음,승용,남,37세,상해없음
2013103000100660,2013년 10월 30일 23시,수요일,강원도 태백시 황지동,중상사고,0,1,0,0,차대사람 - 횡단중,보행자보호의무위반,건조,맑음,기타 - 기타,승용,남,45세,상해없음,보행자,남,53세,중상
2013103100100011,2013년 10월 31일 00시,목요일,강원도 강릉시 옥천동,중상사고,0,1,2,0,차대차 - 기타,안전운전불이행,건조,맑음,교차로 - 교차로안,이륜,남,17세,상해없음,승용,여,52세,경상
2013103100100012,2013년 10월 31일 00시,목요일,강원도 원주시 흥업면,부상신고사고,0,0,0,1,차대차 - 측면직각충돌,중앙선침범,건조,맑음,교차로 - 교차로부근,승용,남,33세,상해없음,승용,남,33세,부상신고
2013103100100013,2013년 10월 31일 00시,목요일,강원도 정선군 남면,경상사고,0,0,4,0,차대차 - 측면직각충돌,안전운전불이행,건조,맑음,교차로 - 교차로안,승용,남,46세,상해없음,승용,남,33세,경상
2013103100100090,2013년 10월 31일 06시,목요일,강원도 원주시 중앙동,경상사고,0,0,1,0,차대사람 - 횡단중,보행자보호의무위반,건조,맑음,교차로 - 교차로부근,원동기,남,68세,상해없음,보행자,여,72세,경상
2013103100100136,2013년 10월 31일 08시,목요일,강원도 원주시 단계동,경상사고,0,0,1,0,차대차 - 기타,신호위반,건조,맑음,교차로 - 교차로안,화물,남,72세,상해없음,승용,여,31세,경상
2013103100100137,2013년 10월 31일 08시,목요일,강원도 원주시 단구동,경상사고,0,0,1,0,차대사람 - 기타,안전운전불이행,건조,맑음,단일로 - 기타,승용,여,41세,기타불명,보행자,여,69세,경상
2013103100100268,2013년 10월 31일 13시,목요일,강원도 원주시 개운동,경상사고,0,0,1,0,차대차 - 측면직각충돌,신호위반,건조,맑음,교차로 - 교차로안,승용,여,29세,상해없음,승합,남,21세,경상
2013103100100269,2013년 10월 31일 13시,목요일,강원도 고성군 죽왕면,경상사고,0,0,1,1,차대차 - 측면직각충돌,신호위반,건조,맑음,교차로 - 교차로안,승용,남,22세,상해없음,승용,남,57세,경상
2013103100100302,2013년 10월 31일 14시,목요일,강원도 원주시 반곡동,중상사고,0,1,0,0,차대사람 - 차도통행중,안전운전불이행,건조,맑음,단일로 - 기타,승합,여,35세,상해없음,보행자,남,7세,중상
2013103100100303,2013년 10월 31일 14시,목요일,강원도 원주시 중앙동,경상사고,0,0,1,0,차대차 - 기타,안전운전불이행,건조,맑음,단일로 - 기타,승용,남,66세,상해없음,승용,여,30세,경상
2013103100100369,2013년 10월 31일 16시,목요일,강원도 삼척시 가곡면,경상사고,0,0,1,0,차량단독 - 도로외이탈 - 추락,안전운전불이행,건조,맑음,단일로 - 기타,화물,남,62세,상해없음,,,,
2013103100100370,2013년 10월 31일 16시,목요일,강원도 홍천군 화촌면,중상사고,0,1,0,0,차대사람 - 기타,안전운전불이행,건조,맑음,기타 - 기타,승용,여,62세,상해없음,보행자,남,9세,중상
2013103100100411,2013년 10월 31일 17시,목요일,강원도 춘천시 송암동,경상사고,0,0,1,0,차대차 - 측면직각충돌,안전운전불이행,건조,맑음,단일로 - 기타,승용,여,43세,상해없음,자전거,남,58세,경상
2013103100100412,2013년 10월 31일 17시,목요일,강원도 강릉시 포남동,중상사고,0,1,0,0,차량단독 - 기타,기타,건조,맑음,단일로 - 기타,승합,남,40세,상해없음,,,,
2013103100100413,2013년 10월 31일 17시,목요일,강원도 속초시 교동,경상사고,0,0,1,0,차대차 - 측면직각충돌,안전운전불이행,건조,맑음,단일로 - 기타,원동기,남,16세,상해없음,승용,남,64세,상해없음
2013103100100414,2013년 10월 31일 17시,목요일,강원도 철원군 근남면,중상사고,0,1,0,0,차대차 - 정면충돌,중앙선침범,건조,맑음,단일로 - 기타,승용,여,52세,상해없음,원동기,남,75세,중상
2013103100100415,2013년 10월 31일 17시,목요일,강원도 동해시 쇄운동,경상사고,0,0,1,0,차대차 - 기타,안전운전불이행,건조,맑음,단일로 - 기타,화물,남,48세,상해없음,승용,여,47세,경상
2013103100100460,2013년 10월 31일 18시,목요일,강원도 춘천시 서면,경상사고,0,0,2,1,차대차 - 측면직각충돌,중앙선침범,건조,맑음,단일로 - 기타,승합,남,44세,상해없음,화물,남,44세,경상
2013103100100461,2013년 10월 31일 18시,목요일,강원도 춘천시 약사동,중상사고,0,1,0,0,차대사람 - 차도통행중,안전운전불이행,건조,맑음,단일로 - 기타,승용,여,59세,상해없음,보행자,여,77세,중상
2013103100100462,2013년 10월 31일 18시,목요일,강원도 동해시 효가동,중상사고,0,1,0,0,차대사람 - 횡단중,안전운전불이행,건조,맑음,교차로 - 교차로부근,승용,여,26세,상해없음,보행자,여,48세,중상
2013103100100504,2013년 10월 31일 19시,목요일,강원도 속초시 조양동,경상사고,0,0,3,0,차대차 - 측면직각충돌,교차로운행방법위반,건조,맑음,교차로 - 교차로안,승용,여,40세,상해없음,승용,여,36세,경상
2013103100100574,2013년 10월 31일 21시,목요일,강원도 강릉시 포남동,경상사고,0,0,1,0,차대차 - 기타,안전운전불이행,건조,맑음,단일로 - 기타,승용,여,59세,상해없음,승용,여,45세,경상
2013103100100605,2013년 10월 31일 22시,목요일,강원도 원주시 단계동,경상사고,0,0,1,0,차대사람 - 기타,안전운전불이행,건조,맑음,교차로 - 교차로안,승합,남,58세,기타불명,보행자,남,42세,경상
2013103100100641,2013년 10월 31일 23시,목요일,강원도 동해시 천곡동,경상사고,0,0,4,0,차대차 - 측면직각충돌,직진우회전진행방해,건조,맑음,교차로 - 교차로안,승용,남,53세,상해없음,승용,남,51세,경상
2013110100100029,2013년 11월 1일 01시,금요일,강원도 춘천시 효자동,경상사고,0,0,1,0,차대사람 - 길가장자리구역통행중,안전운전불이행,건조,맑음,단일로 - 기타,승용,남,22세,상해없음,보행자,남,26세,경상
2013110100100084,2013년 11월 1일 06시,금요일,강원도 원주시 무실동,중상사고,0,1,0,0,차대사람 - 횡단중,안전운전불이행,건조,맑음,교차로 - 교차로안,승합,남,59세,상해없음,보행자,여,75세,중상
2013110100100085,2013년 11월 1일 06시,금요일,강원도 속초시 교동,경상사고,0,0,1,0,차대사람 - 횡단중,안전운전불이행,건조,맑음,단일로 - 기타,승용,남,52세,상해없음,보행자,남,33세,경상
2013110100100111,2013년 11월 1일 07시,금요일,강원도 춘천시 소양로1가,중상사고,0,1,0,0,차대차 - 측면직각충돌,안전운전불이행,건조,맑음,단일로 - 기타,승용,여,49세,상해없음,자전거,여,43세,중상
2013110100100112,2013년 11월 1일 07시,금요일,강원도 원주시 지정면,사망사고,1,0,0,0,차대사람 - 길가장자리구역통행중,안전운전불이행,건조,맑음,단일로 - 기타,화물,남,33세,상해없음,보행자,남,42세,사망
2013110100100143,2013년 11월 1일 08시,금요일,강원도 강릉시 옥천동,경상사고,0,0,1,0,차대차 - 측면직각충돌,안전운전불이행,건조,맑음,단일로 - 기타,승용,여,39세,상해없음,승용,여,52세,경상
2013110100100144,2013년 11월 1일 08시,금요일,강원도 원주시 판부면,경상사고,0,0,1,0,차대차 - 측면직각충돌,교차로운행방법위반,건조,맑음,교차로 - 교차로안,자전거,남,17세,경상,승용,남,49세,상해없음
2013110100100145,2013년 11월 1일 08시,금요일,강원도 양구군 양구읍,경상사고,0,0,1,0,차대차 - 측면직각충돌,교차로운행방법위반,습기,안개,교차로 - 교차로안,승용,남,24세,상해없음,화물,남,31세,경상
2013110100100191,2013년 11월 1일 09시,금요일,강원도 강릉시 포남동,경상사고,0,0,1,0,차대차 - 측면직각충돌,안전운전불이행,건조,맑음,단일로 - 횡단보도상,화물,남,38세,상해없음,자전거,여,33세,경상
2013110100100265,2013년 11월 1일 12시,금요일,강원도 원주시 명륜동,경상사고,0,0,2,0,차대차 - 추돌 - 진행중,안전거리미확보,건조,맑음,단일로 - 기타,승용,남,28세,상해없음,승용,남,45세,경상
2013110100100266,2013년 11월 1일 12시,금요일,강원도 철원군 서면,경상사고,0,0,3,0,차대차 - 측면직각충돌,중앙선침범,건조,맑음,단일로 - 기타,승용,남,43세,경상,승용,여,42세,경상
2013110100100326,2013년 11월 1일 14시,금요일,강원도 원주시 학성동,경상사고,0,0,1,0,차대차 - 기타,불법유턴,건조,맑음,교차로 - 교차로부근,승용,여,50세,상해없음,이륜,남,75세,경상
2013110100100327,2013년 11월 1일 14시,금요일,강원도 평창군 용평면,중상사고,0,2,0,0,차대차 - 측면직각충돌,안전운전불이행,건조,맑음,단일로 - 기타,승용,여,52세,상해없음,이륜,남,53세,중상
2013110100100394,2013년 11월 1일 16시,금요일,강원도 춘천시 우두동,경상사고,0,0,2,0,차대차 - 추돌 - 주정차중,안전거리미확보,건조,맑음,단일로 - 기타,승용,남,71세,상해없음,승용,남,49세,경상
2013110100100395,2013년 11월 1일 16시,금요일,강원도 속초시 금호동,경상사고,0,0,7,0,차대차 - 추돌 - 주정차중,안전운전불이행,건조,맑음,단일로 - 기타,승용,여,41세,경상,승용,남,72세,상해없음
2013110100100396,2013년 11월 1일 16시,금요일,강원도 양양군 손양면,사망사고,1,0,0,0,차량단독 - 공작물충돌,안전운전불이행,건조,맑음,단일로 - 기타,이륜,남,35세,사망,,,,
2013110100100397,2013년 11월 1일 16시,금요일,강원도 영월군 영월읍,중상사고,0,1,3,0,차대차 - 측면직각충돌,안전거리미확보,건조,맑음,단일로 - 기타,승용,남,73세,상해없음,승용,남,54세,경상
2013110100100422,2013년 11월 1일 17시,금요일,강원도 춘천시 퇴계동,경상사고,0,0,2,0,차대차 - 추돌 - 진행중,안전거리미확보,건조,맑음,단일로 - 기타,승합,남,46세,상해없음,승용,여,51세,경상
2013110100100474,2013년 11월 1일 18시,금요일,강원도 춘천시 동내면,경상사고,0,0,1,0,차대차 - 측면직각충돌,안전운전불이행,건조,맑음,단일로 - 기타,기타불명,기타불명,기타불명,기타불명,승용,여,31세,경상
2013110100100475,2013년 11월 1일 18시,금요일,강원도 원주시 개운동,경상사고,0,0,2,0,차대차 - 추돌 - 진행중,차로위반,건조,맑음,교차로 - 교차로부근,승용,남,68세,경상,승용,여,49세,경상
2013110100100476,2013년 11월 1일 18시,금요일,강원도 양양군 손양면,중상사고,0,1,1,0,차대차 - 추돌 - 진행중,안전운전불이행,건조,맑음,단일로 - 기타,승용,여,85세,상해없음,농기계,남,73세,경상
2013110100100477,2013년 11월 1일 18시,금요일,강원도 평창군 진부면,중상사고,0,1,0,0,차대사람 - 횡단중,안전운전불이행,건조,맑음,단일로 - 기타,승용,남,50세,상해없음,보행자,남,6세,중상
2013110100100478,2013년 11월 1일 18시,금요일,강원도 태백시 황지동,경상사고,0,0,1,0,차대차 - 기타,교차로운행방법위반,건조,맑음,교차로 - 교차로안,승용,남,53세,상해없음,승용,남,46세,상해없음
2013110100100535,2013년 11월 1일 19시,금요일,강원도 춘천시 석사동,경상사고,0,0,3,0,차대차 - 측면직각충돌,교차로운행방법위반,건조,맑음,교차로 - 교차로안,승용,남,42세,상해없음,승용,남,58세,경상
2013110100100536,2013년 11월 1일 19시,금요일,강원도 강릉시 주문진읍,경상사고,0,0,1,0,차대차 - 측면직각충돌,안전거리미확보,건조,맑음,교차로 - 교차로부근,승용,남,41세,상해없음,승용,남,37세,경상
2013110100100571,2013년 11월 1일 20시,금요일,강원도 춘천시 석사동,경상사고,0,0,1,0,차대차 - 측면직각충돌,안전거리미확보,건조,맑음,교차로 - 교차로안,원동기,남,16세,상해없음,원동기,남,19세,경상
2013110100100572,2013년 11월 1일 20시,금요일,강원도 철원군 근남면,경상사고,0,0,1,0,차대사람 - 횡단중,안전운전불이행,건조,맑음,단일로 - 기타,기타불명,기타불명,기타불명,기타불명,보행자,남,15세,경상
2013110100100573,2013년 11월 1일 20시,금요일,강원도 동해시 천곡동,중상사고,0,2,3,0,차대차 - 기타,교차로운행방법위반,건조,맑음,교차로 - 교차로안,화물,남,61세,상해없음,승용,남,38세,중상
2013110100100607,2013년 11월 1일 21시,금요일,강원도 춘천시 동면,경상사고,0,0,4,0,차대차 - 측면직각충돌,교차로운행방법위반,건조,맑음,교차로 - 교차로안,승용,남,45세,상해없음,승용,남,59세,경상
2013110200100008,2013년 11월 2일 00시,토요일,강원도 강릉시 사천면,경상사고,0,0,1,0,차대차 - 측면직각충돌,안전운전불이행,건조,맑음,단일로 - 기타,승용,여,38세,상해없음,승용,남,29세,경상
2013110200100033,2013년 11월 2일 01시,토요일,강원도 태백시 황지동,중상사고,0,2,0,0,차대차 - 정면충돌,중앙선침범,건조,맑음,교차로 - 교차로부근,승용,남,26세,상해없음,승용,남,47세,중상
2013110200100058,2013년 11월 2일 02시,토요일,강원도 춘천시 효자동,중상사고,0,1,0,0,차대사람 - 횡단중,신호위반,건조,맑음,교차로 - 교차로부근,승용,남,61세,상해없음,보행자,남,26세,중상
2013110200100100,2013년 11월 2일 06시,토요일,강원도 원주시 무실동,경상사고,0,0,2,0,차대차 - 측면직각충돌,신호위반,건조,맑음,교차로 - 교차로안,승용,남,18세,상해없음,승용,남,56세,경상
2013110200100157,2013년 11월 2일 09시,토요일,강원도 홍천군 남면,경상사고,0,0,4,0,차대차 - 기타,직진우회전진행방해,건조,맑음,교차로 - 교차로안,승용,남,62세,경상,승용,여,37세,경상
2013110200100261,2013년 11월 2일 12시,토요일,강원도 양양군 현북면,경상사고,0,0,4,0,차대차 - 추돌 - 주정차중,안전운전불이행,습기,비,교차로 - 교차로부근,승용,남,34세,상해없음,승용,남,37세,경상
2013110200100297,2013년 11월 2일 13시,토요일,강원도 원주시 단구동,경상사고,0,0,2,0,차대차 - 기타,중앙선침범,건조,맑음,단일로 - 기타,승용,남,71세,상해없음,승용,여,42세,경상
2013110200100298,2013년 11월 2일 13시,토요일,강원도 원주시 태장동,중상사고,0,1,1,0,차대차 - 추돌 - 주정차중,안전운전불이행,습기,비,교차로 - 교차로부근,승용,여,33세,중상,화물,남,27세,경상
2013110200100299,2013년 11월 2일 13시,토요일,강원도 양구군 양구읍,중상사고,0,3,0,0,차량단독 - 공작물충돌,안전운전불이행,습기,비,단일로 - 기타,승합,남,74세,상해없음,,,,
2013110200100343,2013년 11월 2일 14시,토요일,강원도 삼척시 하장면,경상사고,0,0,2,0,차대차 - 정면충돌,중앙선침범,습기,비,단일로 - 기타,화물,남,43세,경상,화물,남,68세,경상
2013110200100344,2013년 11월 2일 14시,토요일,강원도 철원군 갈말읍,경상사고,0,0,2,0,차대차 - 측면직각충돌,교차로운행방법위반,습기,흐림,교차로 - 교차로안,승용,여,50세,상해없음,화물,남,52세,경상
2013110200100383,2013년 11월 2일 15시,토요일,강원도 원주시 태장동,경상사고,0,0,1,0,차대차 - 기타,직진우회전진행방해,건조,맑음,교차로 - 교차로안,승용,여,48세,상해없음,승용,여,56세,경상
2013110200100384,2013년 11월 2일 15시,토요일,강원도 동해시 이도동,경상사고,0,0,2,0,차대차 - 추돌 - 진행중,안전거리미확보,건조,맑음,교차로 - 교차로부근,승용,남,26세,상해없음,승용,남,63세,경상
2013110200100421,2013년 11월 2일 16시,토요일,강원도 원주시 소초면,경상사고,0,0,2,0,차대차 - 기타,안전거리미확보,습기,비,단일로 - 기타,승용,여,46세,상해없음,승용,남,39세,경상
2013110200100461,2013년 11월 2일 17시,토요일,강원도 춘천시 후평동,부상신고사고,0,0,0,1,차대차 - 추돌 - 진행중,안전운전불이행,건조,흐림,단일로 - 기타,승용,남,43세,상해없음,승용,남,28세,부상신고
2013110200100462,2013년 11월 2일 17시,토요일,강원도 춘천시 동면,중상사고,0,1,0,0,차대차 - 측면직각충돌,안전운전불이행,건조,맑음,단일로 - 기타,승용,여,40세,상해없음,이륜,남,26세,중상
2013110200100463,2013년 11월 2일 17시,토요일,강원도 춘천시 석사동,중상사고,0,1,0,0,차대차 - 기타,기타,습기,흐림,단일로 - 기타,승용,남,61세,상해없음,이륜,남,45세,중상
2013110200100517,2013년 11월 2일 18시,토요일,강원도 강릉시 교동,경상사고,0,0,5,0,차대차 - 측면직각충돌,안전운전불이행,건조,맑음,교차로 - 교차로안,승용,여,52세,상해없음,승용,남,23세,경상
2013110200100518,2013년 11월 2일 18시,토요일,강원도 정선군 정선읍,중상사고,0,1,1,0,차대차 - 측면직각충돌,중앙선침범,습기,비,단일로 - 기타,승용,여,51세,상해없음,승용,남,37세,경상
2013110200100597,2013년 11월 2일 19시,토요일,강원도 강릉시 옥천동,경상사고,0,0,1,0,차대사람 - 기타,안전운전불이행,기타,기타,단일로 - 횡단보도부근,승용,여,50세,상해없음,보행자,남,38세,경상
2013110200100636,2013년 11월 2일 20시,토요일,강원도 원주시 태장동,경상사고,0,0,2,0,차대차 - 측면직각충돌,안전운전불이행,건조,흐림,단일로 - 기타,승합,남,48세,상해없음,승용,여,39세,경상
2013110200100637,2013년 11월 2일 20시,토요일,강원도 철원군 철원읍,경상사고,0,0,1,0,차대차 - 정면충돌,안전운전불이행,건조,흐림,단일로 - 기타,승용,남,57세,상해없음,승용,여,46세,경상
2013110200100674,2013년 11월 2일 21시,토요일,강원도 춘천시 퇴계동,경상사고,0,0,2,0,차대차 - 추돌 - 진행중,불법유턴,건조,맑음,단일로 - 기타,승용,남,26세,상해없음,승용,남,54세,경상
2013110200100675,2013년 11월 2일 21시,토요일,강원도 원주시 단계동,경상사고,0,0,5,0,차대사람 - 기타,안전운전불이행,건조,맑음,교차로 - 교차로부근,승용,남,42세,상해없음,보행자,남,26세,경상
2013110300100114,2013년 11월 3일 07시,일요일,강원도 강릉시 포남동,경상사고,0,0,2,0,차대차 - 측면직각충돌,안전운전불이행,건조,맑음,교차로 - 교차로안,승용,남,46세,상해없음,승용,여,52세,경상
2013110300100128,2013년 11월 3일 08시,일요일,강원도 홍천군 홍천읍,경상사고,0,0,1,0,차대차 - 기타,중앙선침범,건조,흐림,교차로 - 교차로부근,승용,남,26세,상해없음,승용,여,56세,경상
2013110300100222,2013년 11월 3일 13시,일요일,강원도 춘천시 서면,중상사고,0,1,0,0,차대차 - 기타,중앙선침범,건조,맑음,단일로 - 기타,승합,남,53세,상해없음,승용,남,37세,중상
2013110300100250,2013년 11월 3일 14시,일요일,강원도 영월군 김삿갓면,중상사고,0,1,0,1,차대차 - 추돌 - 진행중,안전거리미확보,건조,맑음,단일로 - 기타,이륜,남,55세,기타불명,이륜,남,54세,부상신고
2013110300100371,2013년 11월 3일 18시,일요일,강원도 원주시 관설동,경상사고,0,0,1,0,차대차 - 추돌 - 주정차중,안전운전불이행,건조,맑음,교차로 - 교차로부근,승용,남,55세,상해없음,승용,남,43세,경상
2013110300100372,2013년 11월 3일 18시,일요일,강원도 동해시 대구동,경상사고,0,0,1,0,차대차 - 측면직각충돌,신호위반,건조,맑음,교차로 - 교차로안,화물,남,57세,상해없음,화물,남,58세,경상
2013110300100411,2013년 11월 3일 19시,일요일,강원도 춘천시 효자동,경상사고,0,0,2,3,차대차 - 기타,교차로운행방법위반,건조,맑음,교차로 - 교차로안,승용,남,22세,상해없음,승용,남,57세,부상신고
2013110300100412,2013년 11월 3일 19시,일요일,강원도 원주시 단구동,중상사고,0,1,1,0,차대차 - 측면직각충돌,교차로운행방법위반,건조,맑음,교차로 - 교차로안,승용,여,24세,상해없음,원동기,남,17세,중상
2013110300100413,2013년 11월 3일 19시,일요일,강원도 원주시 학성동,중상사고,0,1,0,0,차대차 - 측면직각충돌,교차로운행방법위반,건조,맑음,교차로 - 교차로안,승용,남,39세,상해없음,원동기,남,17세,중상
2013110300100487,2013년 11월 3일 22시,일요일,강원도 원주시 학성동,경상사고,0,0,1,0,차대차 - 측면직각충돌,교차로운행방법위반,건조,맑음,교차로 - 교차로안,승용,남,68세,상해없음,승용,남,45세,상해없음
2013110300100505,2013년 11월 3일 23시,일요일,강원도 춘천시 석사동,경상사고,0,0,1,0,차대차 - 측면직각충돌,안전거리미확보,건조,흐림,교차로 - 교차로부근,승용,여,39세,상해없음,승용,남,69세,경상