사고번호,사고일시,요일,시군구,사고내용,사망자수,중상자수,경상자수,부상신고자수,사고유형,법규위반,노면상태,기상상태,도로형태,가해운전자 차종,가해운전자 성별,가해운전자 연령,가해운전자 상해정도,피해운전자 차종,피해운전자 성별,피해운전자 연령,피해운전자 상해정도
2013110800100285,2013년 11월 8일 13시,금요일,강원도 강릉시 노암동,경상사고,0,0,1,0,차대사람 - 기타,안전운전불이행,건조,맑음,기타 - 기타,승용,여,43세,상해없음,보행자,남,9세,경상
2013110800100309,2013년 11월 8일 14시,금요일,강원도 원주시 우산동,중상사고,0,1,1,0,차대차 - 기타,안전운전불이행,건조,맑음,기타 - 기타,승합,남,34세,상해없음,승용,여,45세,중상
2013110800100356,2013년 11월 8일 15시,금요일,강원도 원주시 단계동,경상사고,0,0,1,0,차대차 - 측면직각충돌,안전거리미확보,건조,맑음,교차로 - 교차로안,승용,남,41세,상해없음,승용,남,52세,경상
2013110800100427,2013년 11월 8일 17시,금요일,강원도 춘천시 사농동,경상사고,0,0,1,0,차대차 - 추돌 - 진행중,안전거리미확보,건조,맑음,단일로 - 기타,승용,남,60세,상해없음,승용,남,67세,경상
2013110800100428,2013년 11월 8일 17시,금요일,강원도 춘천시 약사동,경상사고,0,0,1,0,차대차 - 추돌 - 주정차중,안전운전불이행,건조,맑음,단일로 - 기타,승용,남,58세,상해없음,승용,남,41세,경상
2013110800100477,2013년 11월 8일 18시,금요일,강원도 춘천시 퇴계동,경상사고,0,0,1,0,차대차 - 기타,교차로운행방법위반,건조,맑음,교차로 - 교차로안,승용,남,49세,상해없음,원동기,남,28세,경상
2013110800100478,2013년 11월 8일 18시,금요일,강원도 원주시 중앙동,경상사고,0,0,1,0,차대차 - 기타,안전거리미확보,건조,맑음,단일로 - 기타,화물,남,56세,상해없음,승용,남,53세,상해없음
2013110800100479,2013년 11월 8일 18시,금요일,강원도 속초시 교동,경상사고,0,0,1,0,차대차 - 정면충돌,안전운전불이행,건조,맑음,교차로 - 교차로안,화물,남,24세,상해없음,승용,남,50세,경상
2013110800100480,2013년 11월 8일 18시,금요일,강원도 양양군 양양읍,경상사고,0,0,1,0,차대차 - 측면직각충돌,교차로운행방법위반,건조,맑음,교차로 - 교차로안,승용,남,62세,상해없음,이륜,남,67세,경상
2013110800100481,2013년 11월 8일 18시,금요일,강원도 동해시 쇄운동,경상사고,0,0,1,0,차대사람 - 보도통행중,보행자보호의무위반,건조,맑음,단일로 - 횡단보도상,기타불명,기타불명,기타불명,기타불명,보행자,남,60세,경상
2013110800100541,2013년 11월 8일 19시,금요일,강원도 원주시 명륜동,경상사고,0,0,1,0,차대차 - 기타,안전운전불이행,건조,맑음,교차로 - 교차로부근,승합,남,59세,상해없음,승용,남,36세,경상
2013110800100542,2013년 11월 8일 19시,금요일,강원도 속초시 조양동,사망사고,1,0,0,0,차대사람 - 횡단중,안전운전불이행,건조,흐림,교차로 - 교차로안,승용,남,74세,상해없음,보행자,남,51세,사망
2013110800100587,2013년 11월 8일 20시,금요일,강원도 속초시 교동,중상사고,0,1,0,0,차대차 - 추돌 - 진행중,안전거리미확보,습기,흐림,단일로 - 기타,승용,남,48세,상해없음,이륜,남,18세,중상
2013110800100620,2013년 11월 8일 21시,금요일,강원도 춘천시 중앙로1가,중상사고,0,1,0,0,차대사람 - 기타,안전운전불이행,건조,맑음,기타 - 기타,승용,남,56세,상해없음,보행자,남,51세,중상
2013110800100621,2013년 11월 8일 21시,금요일,강원도 원주시 문막읍,중상사고,0,1,1,0,차대차 - 기타,신호위반,건조,맑음,교차로 - 교차로안,승용,여,57세,경상,승용,남,34세,중상
2013110800100622,2013년 11월 8일 21시,금요일,강원도 원주시 문막읍,경상사고,0,0,1,0,차대사람 - 차도통행중,안전운전불이행,건조,맑음,단일로 - 기타,원동기,남,17세,상해없음,보행자,남,38세,경상
2013110800100623,2013년 11월 8일 21시,금요일,강원도 횡성군 횡성읍,경상사고,0,0,1,0,차대차 - 추돌 - 진행중,안전운전불이행,건조,맑음,교차로 - 교차로안,이륜,남,64세,상해없음,승용,남,54세,경상
2013110800100654,2013년 11월 8일 22시,금요일,강원도 양양군 강현면,경상사고,0,0,2,0,차대차 - 추돌 - 진행중,안전운전불이행,건조,맑음,단일로 - 기타,승용,남,33세,상해없음,승용,남,55세,경상
2013110800100655,2013년 11월 8일 22시,금요일,강원도 삼척시 갈천동,경상사고,0,0,2,0,차대차 - 측면직각충돌,안전운전불이행,건조,맑음,교차로 - 교차로안,승용,남,27세,상해없음,승용,남,53세,경상
2013110800100686,2013년 11월 8일 23시,금요일,강원도 속초시 교동,중상사고,0,1,0,0,차대사람 - 횡단중,보행자보호의무위반,건조,맑음,교차로 - 교차로안,원동기,남,69세,상해없음,보행자,남,48세,중상
2013110900100015,2013년 11월 9일 00시,토요일,강원도 원주시 단계동,경상사고,0,0,1,0,차대차 - 측면직각충돌,안전거리미확보,건조,맑음,단일로 - 기타,원동기,남,17세,상해없음,승용,남,31세,상해없음
2013110900100016,2013년 11월 9일 00시,토요일,강원도 삼척시 성내동,중상사고,0,1,0,0,차대차 - 측면직각충돌,안전운전불이행,건조,맑음,교차로 - 교차로안,승합,남,23세,상해없음,원동기,남,17세,중상
2013110900100074,2013년 11월 9일 03시,토요일,강원도 춘천시 후평동,경상사고,0,0,1,0,차대사람 - 기타,보행자보호의무위반,건조,맑음,단일로 - 횡단보도상,승용,남,51세,상해없음,보행자,남,39세,경상
2013110900100075,2013년 11월 9일 03시,토요일,강원도 원주시 단계동,경상사고,0,0,1,0,차대차 - 추돌 - 주정차중,안전운전불이행,건조,맑음,단일로 - 기타,원동기,남,18세,상해없음,승용,여,24세,경상
2013110900100168,2013년 11월 9일 08시,토요일,강원도 철원군 동송읍,경상사고,0,0,2,0,차대차 - 추돌 - 주정차중,안전운전불이행,건조,맑음,단일로 - 기타,승용,여,49세,경상,승용,남,35세,경상
2013110900100169,2013년 11월 9일 08시,토요일,강원도 양구군 동면,부상신고사고,0,0,0,1,차대차 - 측면직각충돌,안전운전불이행,건조,맑음,교차로 - 교차로안,승용,여,45세,상해없음,이륜,남,40세,부상신고
2013110900100189,2013년 11월 9일 09시,토요일,강원도 동해시 용정동,경상사고,0,0,1,0,차대차 - 기타,교차로운행방법위반,건조,맑음,교차로 - 교차로안,승용,남,49세,상해없음,승용,남,44세,경상
2013110900100215,2013년 11월 9일 10시,토요일,강원도 원주시 단구동,경상사고,0,0,1,0,차대차 - 측면직각충돌,안전운전불이행,건조,맑음,교차로 - 교차로안,승용,남,27세,상해없음,자전거,여,66세,경상
2013110900100262,2013년 11월 9일 12시,토요일,강원도 강릉시 견소동,경상사고,0,0,1,0,차대사람 - 기타,보행자보호의무위반,기타,기타,단일로 - 기타,승용,여,57세,상해없음,보행자,남,6세,경상
2013110900100263,2013년 11월 9일 12시,토요일,강원도 속초시 노학동,중상사고,0,1,4,0,차대차 - 추돌 - 주정차중,안전운전불이행,건조,맑음,단일로 - 기타,화물,남,40세,상해없음,승용,남,26세,상해없음
2013110900100264,2013년 11월 9일 12시,토요일,강원도 동해시 발한동,경상사고,0,0,1,0,차대차 - 기타,직진우회전진행방해,건조,맑음,교차로 - 교차로안,화물,남,55세,상해없음,이륜,남,43세,경상
2013110900100283,2013년 11월 9일 13시,토요일,강원도 태백시 황지동,경상사고,0,0,1,0,차대사람 - 보도통행중,보행자보호의무위반,건조,맑음,단일로 - 기타,승용,남,52세,상해없음,보행자,남,11세,경상
2013110900100284,2013년 11월 9일 13시,토요일,강원도 동해시 발한동,경상사고,0,0,3,0,차대차 - 기타,안전운전불이행,건조,흐림,단일로 - 기타,승용,남,51세,상해없음,승용,여,56세,경상
2013110900100322,2013년 11월 9일 14시,토요일,강원도 삼척시 남양동,경상사고,0,0,1,0,차대차 - 기타,안전운전불이행,건조,맑음,교차로 - 교차로안,화물,남,25세,상해없음,승용,남,28세,경상
2013110900100323,2013년 11월 9일 14시,토요일,강원도 홍천군 홍천읍,경상사고,0,0,1,0,차대사람 - 기타,안전운전불이행,건조,맑음,단일로 - 기타,승합,여,56세,상해없음,보행자,남,89세,경상
2013110900100324,2013년 11월 9일 14시,토요일,강원도 춘천시 동내면,중상사고,0,3,1,0,차대차 - 추돌 - 주정차중,안전운전불이행,습기,흐림,단일로 - 기타,화물,남,42세,상해없음,승용,여,37세,경상
2013110900100357,2013년 11월 9일 15시,토요일,강원도 강릉시 금학동,중상사고,0,1,0,0,차량단독 - 기타,안전운전불이행,건조,맑음,단일로 - 기타,승합,남,44세,상해없음,,,,
2013110900100402,2013년 11월 9일 16시,토요일,강원도 춘천시 석사동,중상사고,0,1,2,1,차대차 - 측면직각충돌,신호위반,습기,비,교차로 - 교차로안,화물,남,65세,상해없음,승용,남,26세,경상
2013110900100403,2013년 11월 9일 16시,토요일,강원도 춘천시 동면,중상사고,0,1,1,0,차대차 - 측면직각충돌,교차로운행방법위반,건조,맑음,교차로 - 교차로안,승용,남,27세,상해없음,화물,남,56세,경상
2013110900100404,2013년 11월 9일 16시,토요일,강원도 횡성군 횡성읍,중상사고,0,1,0,0,차대차 - 기타,안전운전불이행,습기,비,단일로 - 기타,승용,남,41세,상해없음,승용,여,61세,중상
2013110900100465,2013년 11월 9일 17시,토요일,강원도 춘천시 근화동,중상사고,0,1,0,0,차대사람 - 횡단중,안전운전불이행,습기,비,단일로 - 기타,승용,여,52세,상해없음,보행자,남,20세,중상
2013110900100466,2013년 11월 9일 17시,토요일,강원도 강릉시 홍제동,경상사고,0,0,1,0,차대사람 - 기타,안전운전불이행,기타,기타,단일로 - 기타,승용,남,28세,상해없음,보행자,남,58세,경상
2013110900100467,2013년 11월 9일 17시,토요일,강원도 원주시 명륜동,경상사고,0,0,1,0,차대사람 - 기타,보행자보호의무위반,건조,맑음,단일로 - 기타,기타불명,기타불명,기타불명,기타불명,보행자,남,17세,경상
2013110900100531,2013년 11월 9일 18시,토요일,강원도 춘천시 후평동,경상사고,0,0,4,0,차대차 - 측면직각충돌,중앙선침범,습기,비,단일로 - 기타,기타불명,기타불명,기타불명,기타불명,승용,남,46세,경상
2013110900100532,2013년 11월 9일 18시,토요일,강원도 춘천시 퇴계동,경상사고,0,0,1,0,차대차 - 측면직각충돌,신호위반,습기,비,교차로 - 교차로안,승용,남,35세,상해없음,이륜,남,50세,경상
2013110900100533,2013년 11월 9일 18시,토요일,강원도 춘천시 효자동,중상사고,0,1,0,0,차대사람 - 횡단중,안전운전불이행,습기,비,단일로 - 횡단보도부근,승용,남,70세,상해없음,보행자,여,63세,중상
2013110900100534,2013년 11월 9일 18시,토요일,강원도 원주시 단구동,중상사고,0,1,0,0,차대사람 - 횡단중,안전운전불이행,습기,비,단일로 - 기타,승용,여,46세,상해없음,보행자,여,57세,중상
2013110900100535,2013년 11월 9일 18시,토요일,강원도 원주시 문막읍,경상사고,0,0,3,0,차대차 - 추돌 - 진행중,안전거리미확보,습기,비,교차로 - 교차로부근,화물,남,39세,경상,승용,남,58세,경상
2013110900100615,2013년 11월 9일 19시,토요일,강원도 춘천시 온의동,경상사고,0,0,2,0,차대차 - 정면충돌,안전운전불이행,습기,비,단일로 - 기타,승용,남,51세,상해없음,승용,여,38세,경상
2013110900100616,2013년 11월 9일 19시,토요일,강원도 정선군 정선읍,경상사고,0,0,1,0,차대차 - 측면직각충돌,중앙선침범,습기,비,단일로 - 기타,승용,남,48세,상해없음,화물,남,40세,상해없음
2013110900100617,2013년 11월 9일 19시,토요일,강원도 동해시 이도동,경상사고,0,0,2,0,차대차 - 기타,안전거리미확보,습기,비,단일로 - 기타,승합,남,47세,상해없음,승용,여,22세,경상
2013110900100681,2013년 11월 9일 20시,토요일,강원도 춘천시 후평동,경상사고,0,0,1,0,차대차 - 추돌 - 진행중,안전운전불이행,습기,비,교차로 - 교차로부근,승용,남,52세,상해없음,원동기,남,30세,경상
2013110900100682,2013년 11월 9일 20시,토요일,강원도 속초시 대포동,경상사고,0,0,3,0,차대차 - 측면직각충돌,안전거리미확보,습기,비,교차로 - 교차로부근,승용,남,36세,상해없음,승용,남,49세,경상
2013110900100735,2013년 11월 9일 21시,토요일,강원도 춘천시 후평동,경상사고,0,0,1,0,차대차 - 추돌 - 진행중,중앙선침범,습기,비,교차로 - 교차로부근,기타불명,기타불명,기타불명,기타불명,승용,남,47세,경상
2013110900100736,2013년 11월 9일 21시,토요일,강원도 강릉시 포남동,중상사고,0,1,0,0,차대사람 - 횡단중,보행자보호의무위반,습기,비,단일로 - 횡단보도상,승용,여,53세,상해없음,보행자,남,46세,중상
2013110900100737,2013년 11월 9일 21시,토요일,강원도 강릉시 옥천동,중상사고,0,1,0,0,차대차 - 측면직각충돌,안전운전불이행,습기,비,교차로 - 교차로안,승합,남,47세,상해없음,승용,여,48세,중상
2013110900100738,2013년 11월 9일 21시,토요일,강원도 원주시 단계동,중상사고,0,1,0,0,차대사람 - 보도통행중,안전운전불이행,습기,비,기타 - 기타,승용,남,57세,상해없음,보행자,여,56세,중상
2013110900100739,2013년 11월 9일 21시,토요일,강원도 원주시 문막읍,중상사고,0,1,1,0,차대차 - 측면직각충돌,신호위반,습기,비,교차로 - 교차로안,승용,남,41세,상해없음,승용,남,59세,중상
2013110900100740,2013년 11월 9일 21시,토요일,강원도 속초시 교동,경상사고,0,0,1,0,차대차 - 측면직각충돌,안전운전불이행,습기,비,교차로 - 교차로부근,승용,남,39세,상해없음,승용,여,47세,경상
2013110900100789,2013년 11월 9일 22시,토요일,강원도 원주시 명륜동,중상사고,0,1,0,0,차대차 - 측면직각충돌,중앙선침범,습기,비,교차로 - 교차로안,승용,남,53세,상해없음,이륜,남,48세,중상
2013110900100842,2013년 11월 9일 23시,토요일,강원도 춘천시 근화동,경상사고,0,0,3,0,차대차 - 추돌 - 진행중,안전운전불이행,습기,비,단일로 - 기타,승용,여,40세,상해없음,승용,여,45세,경상
2013110900100843,2013년 11월 9일 23시,토요일,강원도 강릉시 포남동,경상사고,0,0,4,0,차대차 - 추돌 - 주정차중,안전거리미확보,습기,비,교차로 - 교차로부근,승합,남,50세,상해없음,승용,남,45세,경상
2013110900100844,2013년 11월 9일 23시,토요일,강원도 동해시 천곡동,중상사고,0,1,1,0,차대사람 - 횡단중,보행자보호의무위반,건조,흐림,교차로 - 교차로부근,승용,남,35세,상해없음,보행자,여,54세,중상
2013111000100019,2013년 11월 10일 00시,일요일,강원도 강릉시 성남동,경상사고,0,0,1,0,차대사람 - 기타,안전운전불이행,습기,비,교차로 - 교차로안,승용,남,36세,상해없음,보행자,남,48세,경상
2013111000100047,2013년 11월 10일 01시,일요일,강원도 춘천시 중앙로1가,중상사고,0,1,0,0,차대차 - 측면직각충돌,교차로운행방법위반,습기,비,교차로 - 교차로안,승용,남,30세,상해없음,이륜,남,22세,중상
2013111000100048,2013년 11월 10일 01시,일요일,강원도 원주시 단계동,경상사고,0,0,2,0,차대차 - 기타,안전운전불이행,습기,비,교차로 - 교차로부근,승용,여,41세,상해없음,승용,남,53세,경상
2013111000100139,2013년 11월 10일 06시,일요일,강원도 삼척시 원덕읍,중상사고,0,2,0,0,차량단독 - 공작물충돌,안전운전불이행,습기,흐림,단일로 - 기타,승용,남,40세,중상,,,,
2013111000100154,2013년 11월 10일 07시,일요일,강원도 강릉시 사천면,경상사고,0,0,1,0,차대차 - 기타,기타,건조,맑음,기타 - 기타,승용,여,57세,상해없음,승합,남,49세,경상
2013111000100171,2013년 11월 10일 08시,일요일,강원도 양양군 강현면,경상사고,0,0,1,0,차대차 - 추돌 - 진행중,안전운전불이행,건조,맑음,단일로 - 기타,승용,여,50세,상해없음,승용,남,54세,경상
2013111000100172,2013년 11월 10일 08시,일요일,강원도 홍천군 두촌면,중상사고,0,1,0,0,차대차 - 기타,안전운전불이행,건조,맑음,단일로 - 기타,승용,남,54세,상해없음,화물,남,27세,중상
2013111000100239,2013년 11월 10일 11시,일요일,강원도 강릉시 교동,경상사고,0,0,1,0,차대사람 - 기타,안전운전불이행,건조,맑음,단일로 - 기타,승용,남,54세,상해없음,보행자,여,6세,경상
2013111000100240,2013년 11월 10일 11시,일요일,강원도 원주시 무실동,경상사고,0,0,4,0,차대차 - 추돌 - 진행중,안전거리미확보,건조,맑음,단일로 - 기타,화물,남,56세,상해없음,승용,여,20세,경상
2013111000100270,2013년 11월 10일 12시,일요일,강원도 강릉시 병산동,중상사고,0,1,2,0,차대차 - 기타,안전운전불이행,건조,맑음,단일로 - 기타,승합,남,59세,상해없음,승용,여,33세,경상
2013111000100271,2013년 11월 10일 12시,일요일,강원도 원주시 봉산동,중상사고,0,1,0,0,차대차 - 기타,안전운전불이행,건조,맑음,교차로 - 교차로부근,승용,여,60세,상해없음,자전거,남,72세,중상
2013111000100272,2013년 11월 10일 12시,일요일,강원도 원주시 흥업면,경상사고,0,0,2,0,차대차 - 측면직각충돌,신호위반,건조,맑음,교차로 - 교차로안,승용,남,75세,상해없음,승용,남,32세,경상
2013111000100299,2013년 11월 10일 13시,일요일,강원도 강릉시 교동,경상사고,0,0,1,0,차대차 - 기타,안전운전불이행,건조,맑음,단일로 - 기타,승용,남,49세,상해없음,원동기,남,38세,경상
2013111000100300,2013년 11월 10일 13시,일요일,강원도 강릉시 강동면,경상사고,0,0,2,0,차대차 - 기타,안전운전불이행,건조,맑음,교차로 - 교차로안,화물,남,69세,상해없음,승용,여,69세,경상
2013111000100301,2013년 11월 10일 13시,일요일,강원도 원주시 단구동,중상사고,0,2,1,0,차대차 - 기타,안전거리미확보,건조,맑음,교차로 - 교차로부근,승용,남,47세,상해없음,승용,남,31세,중상
2013111000100302,2013년 11월 10일 13시,일요일,강원도 정선군 사북읍,경상사고,0,0,3,0,차대차 - 추돌 - 진행중,중앙선침범,건조,맑음,교차로 - 교차로안,승용,남,57세,상해없음,승용,남,22세,경상
2013111000100303,2013년 11월 10일 13시,일요일,강원도 동해시 천곡동,경상사고,0,0,1,0,차대사람 - 횡단중,안전운전불이행,건조,맑음,단일로 - 기타,승용,남,49세,상해없음,보행자,남,8세,경상
2013111000100367,2013년 11월 10일 15시,일요일,강원도 정선군 남면,사망사고,1,0,0,0,차량단독 - 전도전복,안전운전불이행,건조,맑음,기타 - 기타,승용,남,66세,사망,,,,
2013111000100398,2013년 11월 10일 16시,일요일,강원도 원주시 신림면,경상사고,0,0,4,0,차대차 - 기타,직진우회전진행방해,건조,맑음,교차로 - 교차로안,승용,남,77세,경상,승용,남,48세,상해없음
2013111000100399,2013년 11월 10일 16시,일요일,강원도 원주시 호저면,경상사고,0,0,3,0,차대차 - 추돌 - 주정차중,안전거리미확보,건조,맑음,단일로 - 기타,승합,남,61세,상해없음,승용,여,39세,경상
2013111000100400,2013년 11월 10일 16시,일요일,강원도 양양군 강현면,중상사고,0,1,2,0,차대차 - 측면직각충돌,안전거리미확보,건조,맑음,단일로 - 기타,특수,남,56세,상해없음,승용,여,46세,중상
2013111000100401,2013년 11월 10일 16시,일요일,강원도 고성군 거진읍,경상사고,0,0,1,0,차량단독 - 공작물충돌,안전운전불이행,건조,맑음,단일로 - 기타,원동기,여,39세,상해없음,,,,
2013111000100430,2013년 11월 10일 17시,일요일,강원도 춘천시 퇴계동,경상사고,0,0,1,0,차대차 - 측면직각충돌,안전운전불이행,건조,맑음,단일로 - 기타,승용,남,51세,상해없음,승용,여,40세,상해없음
2013111000100431,2013년 11월 10일 17시,일요일,강원도 동해시 천곡동,경상사고,0,0,1,0,차대차 - 기타,안전운전불이행,건조,맑음,단일로 - 기타,화물,남,46세,상해없음,이륜,남,40세,경상
2013111000100472,2013년 11월 10일 18시,일요일,강원도 원주시 원동,경상사고,0,0,1,0,차대사람 - 횡단중,안전운전불이행,건조,맑음,단일로 - 기타,승용,남,41세,상해없음,보행자,여,61세,경상
2013111000100473,2013년 11월 10일 18시,일요일,강원도 원주시 단계동,경상사고,0,0,3,0,차대차 - 측면직각충돌,신호위반,건조,맑음,교차로 - 교차로안,승용,여,29세,상해없음,승용,남,65세,경상
2013111000100548,2013년 11월 10일 20시,일요일,강원도 춘천시 온의동,부상신고사고,0,0,0,1,차대차 - 기타,기타,건조,맑음,단일로 - 기타,승용,남,39세,상해없음,원동기,남,44세,부상신고
2013111000100549,2013년 11월 10일 20시,일요일,강원도 홍천군 홍천읍,중상사고,0,1,0,0,차대차 - 기타,교차로운행방법위반,건조,맑음,교차로 - 교차로안,승용,남,44세,상해없음,이륜,남,30세,중상
2013111000100550,2013년 11월 10일 20시,일요일,강원도 태백시 황지동,경상사고,0,0,1,0,차대차 - 측면직각충돌,신호위반,건조,맑음,교차로 - 교차로안,승용,남,29세,상해없음,원동기,남,27세,경상
2013111000100551,2013년 11월 10일 20시,일요일,강원도 동해시 나안동,경상사고,0,0,3,0,차대차 - 추돌 - 주정차중,안전거리미확보,건조,맑음,단일로 - 교량,승용,남,61세,상해없음,승용,남,39세,경상
2013111000100582,2013년 11월 10일 21시,일요일,강원도 원주시 단계동,중상사고,0,1,0,0,차대차 - 추돌 - 주정차중,안전운전불이행,건조,맑음,교차로 - 교차로부근,승용,남,32세,상해없음,승용,남,41세,중상
2013111100100041,2013년 11월 11일 05시,월요일,강원도 동해시 천곡동,경상사고,0,0,2,0,차대차 - 기타,신호위반,건조,맑음,교차로 - 교차로안,화물,남,56세,상해없음,승용,여,71세,경상
2013111100100052,2013년 11월 11일 06시,월요일,강원도 원주시 단계동,중상사고,0,2,0,0,차대차 - 기타,신호위반,건조,맑음,교차로 - 교차로안,승용,남,28세,상해없음,승용,남,63세,중상
2013111100100119,2013년 11월 11일 08시,월요일,강원도 춘천시 근화동,경상사고,0,0,1,0,차량단독 - 기타,안전운전불이행,건조,맑음,단일로 - 교량,승합,남,51세,상해없음,,,,
2013111100100120,2013년 11월 11일 08시,월요일,강원도 원주시 단구동,경상사고,0,0,3,0,차대차 - 측면직각충돌,교차로운행방법위반,건조,맑음,교차로 - 교차로안,승용,남,27세,경상,승용,남,39세,경상
2013111100100121,2013년 11월 11일 08시,월요일,강원도 양양군 현남면,중상사고,0,1,0,0,차대차 - 측면직각충돌,직진우회전진행방해,건조,맑음,교차로 - 교차로안,화물,여,52세,상해없음,승용,여,30세,중상
2013111100100182,2013년 11월 11일 10시,월요일,강원도 원주시 무실동,경상사고,0,0,2,0,차대차 - 측면직각충돌,교차로운행방법위반,건조,맑음,교차로 - 교차로안,특수,남,51세,경상,승용,여,45세,경상
2013111100100209,2013년 11월 11일 11시,월요일,강원도 강릉시 홍제동,중상사고,0,1,0,0,차대차 - 측면직각충돌,신호위반,건조,맑음,교차로 - 교차로안,승용,여,54세,상해없음,이륜,남,53세,중상
2013111100100210,2013년 11월 11일 11시,월요일,강원도 인제군 인제읍,중상사고,0,1,0,0,차대사람 - 횡단중,보행자보호의무위반,건조,맑음,교차로 - 교차로부근,승용,남,55세,상해없음,보행자,여,61세,중상
2013111100100239,2013년 11월 11일 12시,월요일,강원도 춘천시 남산면,경상사고,0,0,3,0,차대차 - 기타,교차로운행방법위반,건조,맑음,교차로 - 교차로안,화물,남,60세,상해없음,승용,남,30세,경상
2013111100100240,2013년 11월 11일 12시,월요일,강원도 원주시 단계동,경상사고,0,0,3,0,차대차 - 측면직각충돌,교차로운행방법위반,건조,맑음,교차로 - 교차로안,승용,여,32세,경상,승용,남,29세,경상
2013111100100276,2013년 11월 11일 13시,월요일,강원도 철원군 동송읍,경상사고,0,0,1,0,차대사람 - 횡단중,보행자보호의무위반,건조,맑음,단일로 - 기타,화물,남,61세,상해없음,보행자,여,51세,경상
2013111100100313,2013년 11월 11일 14시,월요일,강원도 춘천시 효자동,경상사고,0,0,1,0,차대차 - 기타,안전운전불이행,건조,맑음,기타 - 기타,승용,남,66세,상해없음,원동기,남,38세,경상
2013111100100314,2013년 11월 11일 14시,월요일,강원도 강릉시 입암동,중상사고,0,2,1,0,차대차 - 측면직각충돌,신호위반,건조,맑음,교차로 - 교차로안,승용,남,47세,중상,승용,여,51세,경상
2013111100100315,2013년 11월 11일 14시,월요일,강원도 원주시 단계동,중상사고,0,1,0,0,차대차 - 추돌 - 진행중,안전거리미확보,건조,맑음,단일로 - 기타,승용,여,64세,상해없음,승용,남,59세,중상
2013111100100316,2013년 11월 11일 14시,월요일,강원도 원주시 단계동,중상사고,0,2,2,1,차대차 - 추돌 - 진행중,안전거리미확보,건조,맑음,단일로 - 기타,승용,남,61세,상해없음,승용,남,65세,경상
2013111100100343,2013년 11월 11일 15시,월요일,강원도 원주시 호저면,경상사고,0,0,2,0,차대차 - 추돌 - 주정차중,안전거리미확보,건조,맑음,단일로 - 기타,화물,남,65세,경상,특수,남,51세,상해없음
2013111100100344,2013년 11월 11일 15시,월요일,강원도 동해시 발한동,경상사고,0,0,1,0,차대차 - 기타,안전운전불이행,건조,맑음,단일로 - 기타,승용,여,47세,상해없음,화물,남,64세,경상
2013111100100391,2013년 11월 11일 16시,월요일,강원도 철원군 서면,중상사고,0,1,0,0,차량단독 - 공작물충돌,안전운전불이행,건조,맑음,단일로 - 기타,화물,남,65세,중상,,,,
2013111100100419,2013년 11월 11일 17시,월요일,강원도 원주시 흥업면,경상사고,0,0,5,0,차대차 - 측면직각충돌,차로위반,건조,맑음,교차로 - 교차로부근,승용,여,53세,상해없음,승용,남,55세,경상
2013111100100420,2013년 11월 11일 17시,월요일,강원도 원주시 명륜동,경상사고,0,0,2,0,차대차 - 추돌 - 진행중,안전거리미확보,건조,맑음,단일로 - 기타,화물,남,56세,상해없음,화물,남,46세,경상
2013111100100421,2013년 11월 11일 17시,월요일,강원도 횡성군 횡성읍,중상사고,0,1,0,0,차대차 - 측면직각충돌,안전운전불이행,건조,맑음,교차로 - 교차로안,승용,여,51세,상해없음,이륜,남,78세,중상
2013111100100476,2013년 11월 11일 18시,월요일,강원도 인제군 상남면,사망사고,1,0,0,0,차대사람 - 차도통행중,안전운전불이행,건조,맑음,단일로 - 기타,승용,남,45세,상해없음,보행자,여,80세,사망
2013111100100477,2013년 11월 11일 18시,월요일,강원도 철원군 근남면,중상사고,0,1,0,0,차대차 - 추돌 - 진행중,안전운전불이행,건조,맑음,단일로 - 기타,승용,여,63세,상해없음,자전거,남,50세,중상
2013111100100523,2013년 11월 11일 19시,월요일,강원도 원주시 지정면,경상사고,0,0,6,0,차대차 - 추돌 - 진행중,안전거리미확보,건조,맑음,단일로 - 기타,승용,남,35세,상해없음,승용,여,30세,경상
2013111100100524,2013년 11월 11일 19시,월요일,강원도 횡성군 둔내면,경상사고,0,0,1,0,차대차 - 추돌 - 진행중,안전거리미확보,건조,맑음,단일로 - 기타,승용,남,48세,상해없음,화물,남,40세,경상
2013111100100547,2013년 11월 11일 20시,월요일,강원도 춘천시 석사동,경상사고,0,0,4,0,차대차 - 추돌 - 주정차중,안전운전불이행,건조,맑음,교차로 - 교차로안,승용,남,53세,상해없음,승용,남,72세,경상
2013111100100548,2013년 11월 11일 20시,월요일,강원도 춘천시 퇴계동,경상사고,0,0,1,0,차대차 - 측면직각충돌,신호위반,건조,맑음,교차로 - 교차로안,원동기,남,16세,상해없음,승용,여,24세,경상
2013111100100588,2013년 11월 11일 21시,월요일,강원도 춘천시 석사동,경상사고,0,0,1,0,차대차 - 기타,안전운전불이행,건조,흐림,교차로 - 교차로부근,승용,남,53세,상해없음,승용,여,47세,경상
2013111100100621,2013년 11월 11일 22시,월요일,강원도 강릉시 강문동,경상사고,0,0,1,0,차대차 - 기타,신호위반,건조,맑음,교차로 - 교차로안,승용,여,74세,상해없음,승용,여,48세,경상