사고번호,사고일시,요일,시군구,사고내용,사망자수,중상자수,경상자수,부상신고자수,사고유형,법규위반,노면상태,기상상태,도로형태,가해운전자 차종,가해운전자 성별,가해운전자 연령,가해운전자 상해정도,피해운전자 차종,피해운전자 성별,피해운전자 연령,피해운전자 상해정도
2013111600100424,2013년 11월 16일 17시,토요일,강원도 철원군 서면,경상사고,0,0,1,0,차대차 - 측면직각충돌,교차로운행방법위반,건조,맑음,교차로 - 교차로안,승용,남,63세,상해없음,화물,여,49세,경상
2013111600100472,2013년 11월 16일 18시,토요일,강원도 홍천군 홍천읍,중상사고,0,1,3,0,차대차 - 기타,안전거리미확보,건조,맑음,교차로 - 교차로부근,승용,남,62세,상해없음,승용,여,43세,중상
2013111600100513,2013년 11월 16일 19시,토요일,강원도 원주시 무실동,중상사고,0,1,0,0,차대차 - 측면직각충돌,교차로운행방법위반,건조,맑음,교차로 - 교차로안,승용,남,35세,상해없음,원동기,남,31세,중상
2013111700100023,2013년 11월 17일 00시,일요일,강원도 홍천군 홍천읍,경상사고,0,0,1,0,차대차 - 기타,교차로운행방법위반,습기,비,교차로 - 교차로안,승용,남,53세,상해없음,승용,남,58세,경상
2013111700100086,2013년 11월 17일 03시,일요일,강원도 원주시 단계동,경상사고,0,0,1,0,차대차 - 추돌 - 주정차중,안전운전불이행,습기,비,교차로 - 교차로부근,승용,남,20세,상해없음,승용,남,35세,경상
2013111700100111,2013년 11월 17일 04시,일요일,강원도 정선군 고한읍,사망사고,1,0,0,0,차대사람 - 기타,안전운전불이행,습기,비,교차로 - 교차로안,화물,남,43세,상해없음,보행자,남,38세,사망
2013111700100125,2013년 11월 17일 05시,일요일,강원도 춘천시 사농동,경상사고,0,0,1,0,차대차 - 추돌 - 주정차중,안전운전불이행,습기,안개,교차로 - 교차로부근,화물,남,57세,상해없음,승용,남,78세,경상
2013111700100140,2013년 11월 17일 06시,일요일,강원도 삼척시 원덕읍,중상사고,0,1,0,0,차대사람 - 횡단중,안전운전불이행,건조,맑음,교차로 - 교차로안,원동기,남,66세,상해없음,보행자,남,58세,중상
2013111700100151,2013년 11월 17일 07시,일요일,강원도 강릉시 왕산면,경상사고,0,0,3,0,차대차 - 기타,중앙선침범,결빙,흐림,단일로 - 기타,승합,남,50세,상해없음,화물,남,41세,경상
2013111700100227,2013년 11월 17일 12시,일요일,강원도 강릉시 왕산면,중상사고,0,2,2,0,차대차 - 측면직각충돌,안전운전불이행,건조,맑음,단일로 - 터널,승용,남,35세,상해없음,승용,남,38세,경상
2013111700100247,2013년 11월 17일 13시,일요일,강원도 춘천시 운교동,중상사고,0,1,0,0,차대사람 - 횡단중,보행자보호의무위반,건조,맑음,단일로 - 기타,승용,남,79세,상해없음,보행자,남,75세,중상
2013111700100274,2013년 11월 17일 14시,일요일,강원도 강릉시 옥계면,중상사고,0,2,2,0,차대차 - 기타,신호위반,건조,맑음,교차로 - 교차로안,승용,남,65세,경상,승용,여,39세,경상
2013111700100275,2013년 11월 17일 14시,일요일,강원도 속초시 교동,경상사고,0,0,1,0,차대차 - 기타,교차로운행방법위반,건조,맑음,교차로 - 교차로안,승용,남,39세,상해없음,승용,남,54세,경상
2013111700100276,2013년 11월 17일 14시,일요일,강원도 평창군 대관령면,중상사고,0,1,0,0,차대차 - 측면직각충돌,안전운전불이행,건조,맑음,교차로 - 교차로안,승용,남,39세,상해없음,승용,남,52세,상해없음
2013111700100294,2013년 11월 17일 15시,일요일,강원도 춘천시 후평동,경상사고,0,0,3,0,차대차 - 측면직각충돌,기타,건조,맑음,단일로 - 기타,승합,여,53세,상해없음,승용,여,45세,경상
2013111700100321,2013년 11월 17일 16시,일요일,강원도 원주시 태장동,중상사고,0,1,0,0,차대차 - 추돌 - 진행중,불법유턴,건조,맑음,단일로 - 기타,승용,남,54세,상해없음,승용,여,42세,중상
2013111700100322,2013년 11월 17일 16시,일요일,강원도 삼척시 교동,중상사고,0,1,0,0,차량단독 - 공작물충돌,안전운전불이행,건조,맑음,단일로 - 기타,승용,남,55세,중상,,,,
2013111700100323,2013년 11월 17일 16시,일요일,강원도 횡성군 갑천면,중상사고,0,1,0,0,차대차 - 정면충돌,중앙선침범,건조,맑음,단일로 - 기타,화물,남,64세,상해없음,승용,여,59세,중상
2013111700100360,2013년 11월 17일 17시,일요일,강원도 춘천시 삼천동,경상사고,0,0,1,0,차대차 - 측면직각충돌,안전거리미확보,건조,맑음,단일로 - 기타,이륜,남,64세,경상,승용,남,22세,상해없음
2013111700100361,2013년 11월 17일 17시,일요일,강원도 강릉시 교동,경상사고,0,0,1,0,차대차 - 기타,안전운전불이행,건조,맑음,교차로 - 교차로안,승용,남,45세,상해없음,이륜,남,19세,경상
2013111700100362,2013년 11월 17일 17시,일요일,강원도 원주시 태장동,부상신고사고,0,0,0,1,차대사람 - 차도통행중,안전운전불이행,건조,기타,단일로 - 기타,기타불명,기타불명,기타불명,기타불명,보행자,여,15세,부상신고
2013111700100363,2013년 11월 17일 17시,일요일,강원도 속초시 교동,경상사고,0,0,1,0,차대차 - 측면직각충돌,신호위반,건조,맑음,교차로 - 교차로안,승용,여,41세,상해없음,승용,여,44세,경상
2013111700100364,2013년 11월 17일 17시,일요일,강원도 삼척시 원덕읍,중상사고,0,1,0,0,차대차 - 측면직각충돌,안전운전불이행,건조,맑음,단일로 - 기타,승용,여,72세,상해없음,승합,남,59세,중상
2013111700100398,2013년 11월 17일 18시,일요일,강원도 강릉시 사천면,중상사고,0,1,2,0,차대차 - 추돌 - 주정차중,안전운전불이행,건조,맑음,단일로 - 기타,화물,남,35세,중상,화물,남,56세,경상
2013111700100399,2013년 11월 17일 18시,일요일,강원도 삼척시 성내동,경상사고,0,0,1,0,차대차 - 추돌 - 주정차중,안전운전불이행,건조,맑음,교차로 - 교차로부근,원동기,남,17세,상해없음,승용,남,43세,상해없음
2013111700100436,2013년 11월 17일 19시,일요일,강원도 춘천시 사농동,경상사고,0,0,1,0,차대차 - 기타,안전거리미확보,건조,맑음,교차로 - 교차로부근,승용,남,56세,상해없음,승용,남,52세,상해없음
2013111700100437,2013년 11월 17일 19시,일요일,강원도 양양군 양양읍,경상사고,0,0,1,0,차대차 - 측면직각충돌,안전운전불이행,건조,맑음,단일로 - 기타,승용,남,44세,상해없음,승용,남,28세,경상
2013111700100438,2013년 11월 17일 19시,일요일,강원도 고성군 간성읍,경상사고,0,0,2,0,차대차 - 정면충돌,중앙선침범,건조,맑음,단일로 - 기타,승용,남,52세,상해없음,승용,남,31세,경상
2013111700100478,2013년 11월 17일 20시,일요일,강원도 강릉시 교동,경상사고,0,0,1,0,차대차 - 측면직각충돌,안전운전불이행,건조,맑음,단일로 - 기타,승용,남,59세,상해없음,원동기,남,21세,경상
2013111700100479,2013년 11월 17일 20시,일요일,강원도 삼척시 도계읍,중상사고,0,1,0,0,차대사람 - 길가장자리구역통행중,안전운전불이행,건조,맑음,단일로 - 기타,승용,남,43세,상해없음,보행자,남,21세,중상
2013111700100503,2013년 11월 17일 21시,일요일,강원도 원주시 학성동,경상사고,0,0,2,0,차대차 - 추돌 - 주정차중,안전거리미확보,건조,맑음,단일로 - 기타,승용,남,35세,상해없음,승용,여,24세,경상
2013111700100538,2013년 11월 17일 23시,일요일,강원도 춘천시 효자동,중상사고,0,1,2,0,차대차 - 기타,신호위반,건조,맑음,교차로 - 교차로안,승용,여,47세,상해없음,승용,여,47세,경상
2013111700100539,2013년 11월 17일 23시,일요일,강원도 삼척시 도계읍,사망사고,1,0,0,0,차량단독 - 도로외이탈 - 기타,안전운전불이행,건조,맑음,단일로 - 기타,원동기,남,66세,사망,,,,
2013111800100049,2013년 11월 18일 06시,월요일,강원도 강릉시 홍제동,경상사고,0,0,1,0,차대차 - 기타,중앙선침범,건조,맑음,단일로 - 기타,승용,여,50세,상해없음,승용,남,37세,경상
2013111800100071,2013년 11월 18일 07시,월요일,강원도 원주시 우산동,경상사고,0,0,2,0,차대차 - 추돌 - 진행중,교차로운행방법위반,건조,맑음,교차로 - 교차로부근,승용,여,61세,상해없음,승용,남,58세,경상
2013111800100072,2013년 11월 18일 07시,월요일,강원도 평창군 대관령면,중상사고,0,1,0,0,차대차 - 측면직각충돌,안전운전불이행,건조,맑음,교차로 - 교차로안,승용,남,23세,상해없음,승용,남,29세,중상
2013111800100073,2013년 11월 18일 07시,월요일,강원도 동해시 평릉동,경상사고,0,0,1,0,차대차 - 기타,중앙선침범,건조,맑음,교차로 - 교차로부근,승용,남,60세,상해없음,승용,남,55세,경상
2013111800100114,2013년 11월 18일 08시,월요일,강원도 원주시 문막읍,경상사고,0,0,1,0,차대사람 - 횡단중,보행자보호의무위반,건조,맑음,단일로 - 횡단보도상,승용,여,32세,상해없음,보행자,여,54세,경상
2013111800100115,2013년 11월 18일 08시,월요일,강원도 원주시 문막읍,경상사고,0,0,2,0,차대차 - 측면직각충돌,안전운전불이행,건조,맑음,교차로 - 교차로안,화물,남,53세,경상,승용,남,41세,경상
2013111800100164,2013년 11월 18일 09시,월요일,강원도 춘천시 석사동,경상사고,0,0,1,0,차대차 - 추돌 - 진행중,안전거리미확보,건조,맑음,교차로 - 교차로부근,승용,여,31세,상해없음,승용,남,61세,경상
2013111800100165,2013년 11월 18일 09시,월요일,강원도 원주시 평원동,경상사고,0,0,3,0,차대차 - 추돌 - 주정차중,안전거리미확보,건조,맑음,단일로 - 기타,승용,남,20세,경상,승용,여,50세,경상
2013111800100166,2013년 11월 18일 09시,월요일,강원도 원주시 문막읍,중상사고,0,1,0,0,차대차 - 측면직각충돌,신호위반,건조,맑음,교차로 - 교차로안,건설기계,남,38세,상해없음,승용,남,31세,중상
2013111800100167,2013년 11월 18일 09시,월요일,강원도 동해시 천곡동,경상사고,0,0,1,0,차대차 - 측면직각충돌,교차로운행방법위반,건조,맑음,교차로 - 교차로안,승용,남,49세,상해없음,승용,여,45세,상해없음
2013111800100198,2013년 11월 18일 10시,월요일,강원도 춘천시 온의동,중상사고,0,2,0,0,차대차 - 추돌 - 진행중,기타,건조,맑음,교차로 - 교차로부근,화물,남,40세,상해없음,승용,남,72세,중상
2013111800100199,2013년 11월 18일 10시,월요일,강원도 강릉시 포남동,경상사고,0,0,2,0,차대차 - 추돌 - 주정차중,안전운전불이행,건조,맑음,단일로 - 기타,승용,남,71세,상해없음,승용,남,49세,경상
2013111800100200,2013년 11월 18일 10시,월요일,강원도 원주시 단계동,경상사고,0,0,1,0,차대차 - 측면직각충돌,교차로운행방법위반,건조,맑음,교차로 - 교차로안,승용,남,23세,상해없음,승용,남,43세,경상
2013111800100255,2013년 11월 18일 12시,월요일,강원도 강릉시 송정동,중상사고,0,1,0,0,차대차 - 기타,안전운전불이행,건조,맑음,교차로 - 교차로안,승용,여,53세,상해없음,승용,여,37세,중상
2013111800100284,2013년 11월 18일 13시,월요일,강원도 동해시 효가동,경상사고,0,0,3,0,차대차 - 추돌 - 진행중,안전거리미확보,건조,맑음,교차로 - 교차로안,화물,남,53세,경상,승용,여,42세,경상
2013111800100346,2013년 11월 18일 15시,월요일,강원도 속초시 조양동,경상사고,0,0,2,0,차대차 - 추돌 - 진행중,교차로운행방법위반,건조,맑음,교차로 - 교차로부근,화물,남,54세,상해없음,화물,남,47세,경상
2013111800100384,2013년 11월 18일 16시,월요일,강원도 평창군 대화면,경상사고,0,0,1,1,차대차 - 추돌 - 주정차중,과속,건조,맑음,교차로 - 교차로부근,화물,남,50세,상해없음,승용,여,34세,경상
2013111800100417,2013년 11월 18일 17시,월요일,강원도 평창군 대관령면,중상사고,0,1,0,0,차대사람 - 기타,안전운전불이행,건조,맑음,단일로 - 기타,승용,여,61세,상해없음,보행자,여,69세,중상
2013111800100460,2013년 11월 18일 18시,월요일,강원도 춘천시 석사동,경상사고,0,0,1,0,차대사람 - 기타,안전운전불이행,건조,맑음,기타 - 기타,승용,남,72세,상해없음,보행자,여,11세,경상
2013111800100461,2013년 11월 18일 18시,월요일,강원도 원주시 명륜동,부상신고사고,0,0,0,1,차대차 - 측면직각충돌,신호위반,건조,흐림,교차로 - 교차로부근,이륜,남,23세,부상신고,승용,남,57세,상해없음
2013111800100462,2013년 11월 18일 18시,월요일,강원도 동해시 천곡동,중상사고,0,1,1,0,차대차 - 기타,안전거리미확보,건조,맑음,교차로 - 교차로부근,화물,남,43세,상해없음,승용,남,59세,경상
2013111800100505,2013년 11월 18일 19시,월요일,강원도 원주시 단계동,중상사고,0,1,1,0,차대차 - 측면직각충돌,신호위반,건조,맑음,교차로 - 교차로안,승용,남,52세,상해없음,화물,남,32세,경상
2013111800100506,2013년 11월 18일 19시,월요일,강원도 속초시 교동,중상사고,0,1,0,0,차대사람 - 횡단중,안전운전불이행,건조,맑음,단일로 - 기타,이륜,남,39세,상해없음,보행자,남,56세,중상
2013111800100535,2013년 11월 18일 20시,월요일,강원도 원주시 원동,중상사고,0,1,0,0,차대사람 - 기타,보행자보호의무위반,건조,맑음,교차로 - 교차로부근,승용,남,58세,상해없음,보행자,여,20세,중상
2013111800100569,2013년 11월 18일 21시,월요일,강원도 양구군 양구읍,경상사고,0,0,2,0,차대차 - 측면직각충돌,안전운전불이행,건조,흐림,단일로 - 기타,승용,남,23세,경상,화물,남,51세,상해없음
2013111900100034,2013년 11월 19일 02시,화요일,강원도 춘천시 후평동,경상사고,0,0,3,0,차대차 - 기타,교차로운행방법위반,건조,맑음,교차로 - 교차로안,승용,남,59세,상해없음,승용,남,28세,경상
2013111900100051,2013년 11월 19일 04시,화요일,강원도 원주시 흥업면,경상사고,0,0,1,0,차량단독 - 공작물충돌,안전운전불이행,건조,맑음,단일로 - 기타,승용,남,28세,경상,,,,
2013111900100063,2013년 11월 19일 05시,화요일,강원도 인제군 인제읍,중상사고,0,2,0,0,차대차 - 정면충돌,중앙선침범,건조,맑음,단일로 - 기타,승용,남,49세,상해없음,승용,여,59세,중상
2013111900100094,2013년 11월 19일 07시,화요일,강원도 철원군 갈말읍,경상사고,0,0,1,0,차대차 - 정면충돌,안전운전불이행,건조,맑음,교차로 - 교차로안,화물,남,19세,상해없음,승용,남,65세,경상
2013111900100155,2013년 11월 19일 09시,화요일,강원도 춘천시 석사동,중상사고,0,1,1,0,차대차 - 측면직각충돌,교차로운행방법위반,건조,맑음,교차로 - 교차로안,승용,여,47세,상해없음,승용,여,44세,경상
2013111900100156,2013년 11월 19일 09시,화요일,강원도 삼척시 남양동,경상사고,0,0,1,0,차대차 - 측면직각충돌,안전운전불이행,건조,맑음,교차로 - 교차로안,승용,여,51세,상해없음,화물,남,66세,경상
2013111900100177,2013년 11월 19일 10시,화요일,강원도 강릉시 홍제동,경상사고,0,0,1,0,차대차 - 추돌 - 주정차중,안전운전불이행,건조,맑음,교차로 - 교차로부근,기타불명,기타불명,기타불명,기타불명,승용,여,53세,경상
2013111900100178,2013년 11월 19일 10시,화요일,강원도 원주시 단구동,경상사고,0,0,2,0,차대차 - 측면직각충돌,교차로운행방법위반,건조,맑음,교차로 - 교차로안,승용,남,70세,상해없음,승용,남,39세,경상
2013111900100179,2013년 11월 19일 10시,화요일,강원도 홍천군 서석면,중상사고,0,1,0,0,차대차 - 기타,안전운전불이행,건조,맑음,교차로 - 교차로안,이륜,남,82세,중상,화물,남,28세,상해없음
2013111900100231,2013년 11월 19일 12시,화요일,강원도 춘천시 사농동,중상사고,0,1,2,0,차대차 - 측면직각충돌,안전운전불이행,건조,맑음,교차로 - 교차로안,승용,여,23세,상해없음,승용,여,38세,경상
2013111900100232,2013년 11월 19일 12시,화요일,강원도 동해시 평릉동,경상사고,0,0,1,0,차대차 - 기타,차로위반,건조,맑음,교차로 - 교차로부근,승용,남,77세,상해없음,승용,여,44세,경상
2013111900100290,2013년 11월 19일 14시,화요일,강원도 춘천시 조양동,경상사고,0,0,2,0,차대차 - 측면직각충돌,교차로운행방법위반,건조,맑음,교차로 - 교차로안,승용,남,40세,상해없음,승용,남,49세,경상
2013111900100326,2013년 11월 19일 15시,화요일,강원도 속초시 조양동,경상사고,0,0,1,0,차대사람 - 횡단중,안전운전불이행,건조,맑음,단일로 - 횡단보도상,승용,남,39세,상해없음,보행자,남,9세,경상
2013111900100388,2013년 11월 19일 17시,화요일,강원도 속초시 교동,중상사고,0,1,0,0,차대사람 - 길가장자리구역통행중,안전운전불이행,건조,맑음,교차로 - 교차로안,승용,남,57세,상해없음,보행자,여,71세,중상
2013111900100389,2013년 11월 19일 17시,화요일,강원도 속초시 교동,사망사고,1,0,0,0,차대사람 - 횡단중,보행자보호의무위반,건조,맑음,단일로 - 횡단보도상,화물,남,33세,상해없음,보행자,여,79세,사망
2013111900100390,2013년 11월 19일 17시,화요일,강원도 속초시 장사동,경상사고,0,0,1,0,차대차 - 추돌 - 주정차중,안전운전불이행,건조,맑음,단일로 - 기타,화물,남,64세,상해없음,승용,남,59세,경상
2013111900100391,2013년 11월 19일 17시,화요일,강원도 인제군 북면,중상사고,0,3,1,2,차대차 - 측면직각충돌,안전운전불이행,건조,맑음,교차로 - 교차로안,승용,남,74세,중상,승용,남,32세,경상
2013111900100436,2013년 11월 19일 18시,화요일,강원도 춘천시 석사동,경상사고,0,0,1,0,차대차 - 측면직각충돌,직진우회전진행방해,건조,맑음,교차로 - 교차로안,승용,여,44세,상해없음,이륜,남,19세,경상
2013111900100437,2013년 11월 19일 18시,화요일,강원도 원주시 개운동,경상사고,0,0,1,0,차대차 - 추돌 - 주정차중,안전거리미확보,건조,맑음,단일로 - 기타,승용,여,65세,상해없음,승용,남,39세,경상
2013111900100438,2013년 11월 19일 18시,화요일,강원도 속초시 조양동,경상사고,0,0,1,0,차대차 - 추돌 - 주정차중,안전운전불이행,건조,맑음,교차로 - 교차로안,승용,여,33세,상해없음,승용,남,52세,경상
2013111900100439,2013년 11월 19일 18시,화요일,강원도 화천군 상서면,경상사고,0,0,1,0,차대차 - 추돌 - 진행중,안전운전불이행,건조,맑음,단일로 - 기타,화물,남,55세,상해없음,화물,남,40세,경상
2013111900100440,2013년 11월 19일 18시,화요일,강원도 동해시 천곡동,중상사고,0,1,0,0,차대차 - 기타,안전거리미확보,건조,맑음,교차로 - 교차로부근,승용,남,59세,상해없음,승용,여,65세,중상
2013111900100479,2013년 11월 19일 19시,화요일,강원도 춘천시 효자동,경상사고,0,0,1,0,차대차 - 측면직각충돌,직진우회전진행방해,건조,맑음,교차로 - 교차로안,화물,남,71세,상해없음,승용,남,61세,경상
2013111900100480,2013년 11월 19일 19시,화요일,강원도 홍천군 홍천읍,중상사고,0,1,0,0,차대차 - 측면직각충돌,불법유턴,건조,맑음,단일로 - 기타,자전거,남,78세,중상,승용,남,65세,상해없음
2013111900100511,2013년 11월 19일 20시,화요일,강원도 강릉시 교동,경상사고,0,0,1,0,차대사람 - 횡단중,안전운전불이행,건조,맑음,단일로 - 기타,이륜,남,17세,상해없음,보행자,남,11세,경상
2013111900100569,2013년 11월 19일 22시,화요일,강원도 강릉시 포남동,경상사고,0,0,2,0,차대차 - 기타,안전운전불이행,건조,맑음,교차로 - 교차로부근,승용,여,50세,상해없음,승용,남,57세,경상
2013111900100570,2013년 11월 19일 22시,화요일,강원도 홍천군 홍천읍,중상사고,0,1,1,0,차대차 - 기타,교차로운행방법위반,건조,맑음,교차로 - 교차로안,승용,남,59세,상해없음,승용,여,39세,중상
2013111900100599,2013년 11월 19일 23시,화요일,강원도 철원군 갈말읍,사망사고,1,0,0,0,차대차 - 측면직각충돌,안전운전불이행,건조,맑음,교차로 - 교차로안,화물,남,52세,사망,특수,남,51세,상해없음
2013112000100008,2013년 11월 20일 00시,수요일,강원도 원주시 명륜동,경상사고,0,0,2,0,차대차 - 추돌 - 진행중,안전거리미확보,건조,맑음,단일로 - 기타,화물,남,50세,상해없음,승용,남,54세,경상
2013112000100009,2013년 11월 20일 00시,수요일,강원도 영월군 영월읍,경상사고,0,0,1,0,차대차 - 추돌 - 진행중,안전거리미확보,건조,맑음,단일로 - 기타,승용,남,32세,상해없음,이륜,남,39세,경상
2013112000100041,2013년 11월 20일 02시,수요일,강원도 속초시 동명동,중상사고,0,1,0,0,차대차 - 측면직각충돌,교차로운행방법위반,건조,맑음,교차로 - 교차로안,승합,남,54세,상해없음,승용,여,49세,중상
2013112000100050,2013년 11월 20일 04시,수요일,강원도 원주시 무실동,경상사고,0,0,2,0,차대차 - 측면직각충돌,교차로운행방법위반,건조,맑음,교차로 - 교차로안,승용,남,59세,상해없음,승용,남,37세,경상
2013112000100119,2013년 11월 20일 08시,수요일,강원도 춘천시 옥천동,경상사고,0,0,1,0,차대사람 - 차도통행중,안전운전불이행,건조,맑음,교차로 - 교차로안,승용,여,36세,기타불명,보행자,여,74세,경상
2013112000100120,2013년 11월 20일 08시,수요일,강원도 원주시 원동,경상사고,0,0,1,0,차대사람 - 횡단중,안전운전불이행,습기,맑음,단일로 - 기타,승용,여,42세,상해없음,보행자,여,22세,경상
2013112000100148,2013년 11월 20일 09시,수요일,강원도 삼척시 원덕읍,경상사고,0,0,1,0,차대차 - 추돌 - 진행중,안전운전불이행,습기,맑음,기타 - 기타,특수,남,39세,경상,특수,남,55세,상해없음
2013112000100149,2013년 11월 20일 09시,수요일,강원도 동해시 북평동,사망사고,1,0,0,0,차대사람 - 횡단중,안전운전불이행,건조,맑음,교차로 - 교차로안,건설기계,남,37세,상해없음,보행자,여,82세,사망
2013112000100172,2013년 11월 20일 10시,수요일,강원도 강릉시 주문진읍,경상사고,0,0,1,0,차대차 - 추돌 - 진행중,안전운전불이행,건조,맑음,단일로 - 기타,승용,여,60세,기타불명,자전거,남,60세,경상
2013112000100248,2013년 11월 20일 13시,수요일,강원도 원주시 문막읍,중상사고,0,1,0,0,차대사람 - 보도통행중,보행자보호의무위반,건조,맑음,단일로 - 기타,승용,여,32세,상해없음,보행자,남,10세,중상
2013112000100275,2013년 11월 20일 14시,수요일,강원도 고성군 간성읍,경상사고,0,0,1,0,차대사람 - 횡단중,안전운전불이행,건조,맑음,교차로 - 교차로안,승용,남,21세,상해없음,보행자,남,11세,경상
2013112000100305,2013년 11월 20일 15시,수요일,강원도 춘천시 소양로1가,경상사고,0,0,1,0,차대차 - 추돌 - 진행중,안전거리미확보,건조,맑음,교차로 - 교차로부근,승합,여,38세,상해없음,승용,여,61세,경상
2013112000100340,2013년 11월 20일 16시,수요일,강원도 양구군 남면,중상사고,0,1,0,0,차대차 - 측면직각충돌,안전운전불이행,건조,맑음,단일로 - 기타,건설기계,남,41세,상해없음,이륜,남,74세,중상
2013112000100374,2013년 11월 20일 17시,수요일,강원도 원주시 일산동,경상사고,0,0,1,0,차대사람 - 기타,보행자보호의무위반,건조,맑음,교차로 - 교차로부근,승용,남,75세,상해없음,보행자,여,7세,경상
2013112000100375,2013년 11월 20일 17시,수요일,강원도 태백시 통동,중상사고,0,1,0,0,차대차 - 측면직각충돌,교차로운행방법위반,건조,맑음,교차로 - 교차로안,승용,남,30세,상해없음,승용,남,47세,중상
2013112000100376,2013년 11월 20일 17시,수요일,강원도 횡성군 우천면,중상사고,0,2,1,0,차대차 - 측면직각충돌,신호위반,건조,맑음,교차로 - 교차로안,승용,남,44세,상해없음,승용,남,51세,경상
2013112000100425,2013년 11월 20일 18시,수요일,강원도 춘천시 신북읍,중상사고,0,2,2,0,차량단독 - 공작물충돌,안전운전불이행,건조,맑음,단일로 - 기타,승용,남,29세,중상,,,,
2013112000100426,2013년 11월 20일 18시,수요일,강원도 원주시 단구동,경상사고,0,0,1,1,차대차 - 기타,안전운전불이행,건조,맑음,교차로 - 교차로부근,승용,남,27세,부상신고,승용,여,50세,경상
2013112000100427,2013년 11월 20일 18시,수요일,강원도 원주시 소초면,경상사고,0,0,1,0,차대차 - 기타,안전운전불이행,건조,맑음,교차로 - 교차로부근,승용,남,48세,상해없음,승용,여,41세,경상
2013112000100428,2013년 11월 20일 18시,수요일,강원도 원주시 행구동,경상사고,0,0,1,0,차대사람 - 차도통행중,안전운전불이행,건조,맑음,단일로 - 기타,기타불명,기타불명,기타불명,기타불명,보행자,여,25세,경상
2013112000100429,2013년 11월 20일 18시,수요일,강원도 영월군 영월읍,중상사고,0,1,0,0,차대사람 - 기타,안전운전불이행,건조,맑음,단일로 - 기타,승용,여,26세,상해없음,보행자,여,58세,중상
2013112000100489,2013년 11월 20일 19시,수요일,강원도 원주시 단구동,경상사고,0,0,2,0,차대차 - 추돌 - 주정차중,안전운전불이행,건조,맑음,교차로 - 교차로부근,승용,남,54세,기타불명,승용,남,58세,경상
2013112000100538,2013년 11월 20일 20시,수요일,강원도 강릉시 사천면,경상사고,0,0,1,0,차대차 - 기타,안전운전불이행,건조,맑음,단일로 - 기타,승용,남,32세,상해없음,승용,남,72세,경상
2013112000100539,2013년 11월 20일 20시,수요일,강원도 원주시 흥업면,경상사고,0,0,2,0,차대차 - 기타,신호위반,건조,맑음,교차로 - 교차로안,승용,남,37세,상해없음,승용,남,44세,경상
2013112000100595,2013년 11월 20일 22시,수요일,강원도 춘천시 퇴계동,경상사고,0,0,1,0,차대차 - 측면직각충돌,중앙선침범,건조,맑음,단일로 - 기타,승용,여,43세,상해없음,이륜,남,39세,경상
2013112000100596,2013년 11월 20일 22시,수요일,강원도 속초시 교동,중상사고,0,1,0,0,차대사람 - 길가장자리구역통행중,안전운전불이행,건조,맑음,단일로 - 기타,승용,여,46세,상해없음,보행자,남,46세,중상
2013112100100039,2013년 11월 21일 02시,목요일,강원도 원주시 무실동,경상사고,0,0,1,0,차대차 - 추돌 - 진행중,중앙선침범,건조,맑음,단일로 - 기타,승용,남,38세,상해없음,승용,남,43세,경상
2013112100100040,2013년 11월 21일 02시,목요일,강원도 속초시 교동,중상사고,0,2,1,0,차대차 - 측면직각충돌,신호위반,건조,맑음,교차로 - 교차로안,승용,남,27세,경상,승용,남,45세,중상
2013112100100159,2013년 11월 21일 09시,목요일,강원도 강릉시 홍제동,경상사고,0,0,1,0,차대사람 - 기타,안전운전불이행,건조,맑음,단일로 - 기타,승용,여,51세,상해없음,보행자,남,38세,경상
2013112100100160,2013년 11월 21일 09시,목요일,강원도 원주시 우산동,경상사고,0,0,1,0,차대사람 - 횡단중,보행자보호의무위반,건조,맑음,교차로 - 교차로안,승용,남,70세,상해없음,보행자,여,21세,경상
2013112100100161,2013년 11월 21일 09시,목요일,강원도 철원군 갈말읍,경상사고,0,0,2,0,차대차 - 측면직각충돌,안전운전불이행,건조,맑음,교차로 - 교차로안,승용,남,66세,상해없음,승용,여,69세,경상
2013112100100210,2013년 11월 21일 11시,목요일,강원도 속초시 동명동,경상사고,0,0,1,0,차대차 - 측면직각충돌,안전거리미확보,건조,맑음,교차로 - 교차로부근,승용,남,84세,상해없음,승용,남,53세,경상
2013112100100242,2013년 11월 21일 12시,목요일,강원도 춘천시 후평동,경상사고,0,0,1,0,차대차 - 측면직각충돌,안전운전불이행,건조,맑음,교차로 - 교차로부근,화물,남,53세,상해없음,승용,여,54세,경상
2013112100100243,2013년 11월 21일 12시,목요일,강원도 동해시 대구동,경상사고,0,0,1,0,차대차 - 기타,안전운전불이행,건조,맑음,단일로 - 기타,화물,남,60세,상해없음,자전거,남,80세,경상
2013112100100373,2013년 11월 21일 16시,목요일,강원도 강릉시 교동,경상사고,0,0,1,0,차량단독 - 전도전복,신호위반,건조,맑음,교차로 - 교차로안,승용,남,54세,상해없음,,,,
2013112100100404,2013년 11월 21일 17시,목요일,강원도 춘천시 동면,경상사고,0,0,2,0,차대차 - 추돌 - 주정차중,안전운전불이행,건조,맑음,단일로 - 기타,승용,남,31세,경상,화물,남,47세,상해없음