사고번호,사고일시,요일,시군구,사고내용,사망자수,중상자수,경상자수,부상신고자수,사고유형,법규위반,노면상태,기상상태,도로형태,가해운전자 차종,가해운전자 성별,가해운전자 연령,가해운전자 상해정도,피해운전자 차종,피해운전자 성별,피해운전자 연령,피해운전자 상해정도
2013112500100557,2013년 11월 25일 20시,월요일,강원도 양구군 양구읍,중상사고,0,1,0,0,차대차 - 측면직각충돌,안전운전불이행,건조,흐림,교차로 - 교차로안,화물,남,52세,상해없음,화물,남,68세,중상
2013112500100570,2013년 11월 25일 21시,월요일,강원도 원주시 단구동,경상사고,0,0,1,0,차대차 - 추돌 - 진행중,안전운전불이행,건조,맑음,교차로 - 교차로부근,승용,남,64세,상해없음,승용,여,29세,경상
2013112500100571,2013년 11월 25일 21시,월요일,강원도 영월군 영월읍,중상사고,0,1,0,0,차대차 - 추돌 - 진행중,안전운전불이행,건조,맑음,교차로 - 교차로부근,승용,남,28세,상해없음,승용,여,45세,중상
2013112500100572,2013년 11월 25일 21시,월요일,강원도 정선군 남면,경상사고,0,0,1,0,차대차 - 추돌 - 진행중,안전운전불이행,결빙,눈,단일로 - 기타,화물,남,62세,상해없음,승용,여,47세,경상
2013112500100595,2013년 11월 25일 22시,월요일,강원도 춘천시 퇴계동,경상사고,0,0,1,0,차대차 - 추돌 - 진행중,안전운전불이행,건조,맑음,교차로 - 교차로부근,승용,남,42세,상해없음,승용,여,42세,경상
2013112500100596,2013년 11월 25일 22시,월요일,강원도 춘천시 효자동,중상사고,0,1,0,0,차대차 - 측면직각충돌,교차로운행방법위반,건조,맑음,교차로 - 교차로안,승용,남,40세,상해없음,원동기,남,23세,중상
2013112600100137,2013년 11월 26일 08시,화요일,강원도 춘천시 서면,경상사고,0,0,2,0,차대차 - 추돌 - 주정차중,안전거리미확보,건조,맑음,단일로 - 기타,승용,남,28세,상해없음,승용,여,43세,경상
2013112600100193,2013년 11월 26일 09시,화요일,강원도 고성군 현내면,경상사고,0,0,1,0,차대차 - 추돌 - 진행중,안전운전불이행,건조,맑음,단일로 - 기타,건설기계,남,61세,상해없음,화물,남,48세,경상
2013112600100224,2013년 11월 26일 10시,화요일,강원도 춘천시 효자동,경상사고,0,0,1,0,차대차 - 측면직각충돌,신호위반,건조,맑음,교차로 - 교차로안,승용,여,38세,상해없음,승용,남,51세,경상
2013112600100225,2013년 11월 26일 10시,화요일,강원도 춘천시 후평동,경상사고,0,0,1,0,차대차 - 추돌 - 진행중,불법유턴,건조,맑음,단일로 - 기타,승용,여,48세,상해없음,승용,남,38세,경상
2013112600100226,2013년 11월 26일 10시,화요일,강원도 강릉시 주문진읍,중상사고,0,1,0,0,차대차 - 추돌 - 진행중,안전운전불이행,건조,맑음,단일로 - 기타,승용,여,37세,상해없음,이륜,남,71세,중상
2013112600100250,2013년 11월 26일 11시,화요일,강원도 홍천군 홍천읍,경상사고,0,0,1,0,차대사람 - 횡단중,보행자보호의무위반,건조,맑음,교차로 - 교차로부근,승용,여,32세,상해없음,보행자,여,75세,경상
2013112600100304,2013년 11월 26일 13시,화요일,강원도 삼척시 원덕읍,사망사고,1,0,0,0,차대차 - 추돌 - 주정차중,안전운전불이행,건조,맑음,단일로 - 터널,화물,남,45세,상해없음,승용,남,59세,기타불명
2013112600100331,2013년 11월 26일 14시,화요일,강원도 강릉시 송정동,중상사고,0,1,0,0,차대차 - 측면직각충돌,안전운전불이행,건조,맑음,단일로 - 기타,승용,여,55세,상해없음,원동기,남,75세,중상
2013112600100366,2013년 11월 26일 15시,화요일,강원도 삼척시 남양동,중상사고,0,1,0,0,차대사람 - 길가장자리구역통행중,안전운전불이행,건조,맑음,단일로 - 기타,승용,여,53세,상해없음,보행자,여,57세,중상
2013112600100399,2013년 11월 26일 16시,화요일,강원도 원주시 우산동,중상사고,0,2,0,0,차대차 - 추돌 - 주정차중,안전거리미확보,건조,맑음,단일로 - 기타,특수,남,47세,상해없음,승용,남,75세,중상
2013112600100429,2013년 11월 26일 17시,화요일,강원도 춘천시 후평동,경상사고,0,0,1,0,차대차 - 측면직각충돌,교차로운행방법위반,습기,비,교차로 - 교차로안,승용,여,47세,상해없음,원동기,남,35세,경상
2013112600100430,2013년 11월 26일 17시,화요일,강원도 원주시 학성동,경상사고,0,0,1,0,차대차 - 추돌 - 주정차중,안전거리미확보,습기,비,교차로 - 교차로부근,승용,남,30세,상해없음,승용,여,54세,경상
2013112600100431,2013년 11월 26일 17시,화요일,강원도 속초시 교동,경상사고,0,0,2,0,차대사람 - 횡단중,안전운전불이행,건조,맑음,교차로 - 교차로부근,승합,남,55세,상해없음,보행자,여,14세,경상
2013112600100490,2013년 11월 26일 18시,화요일,강원도 횡성군 횡성읍,중상사고,0,1,0,0,차대사람 - 기타,안전운전불이행,기타,맑음,기타 - 기타,화물,남,55세,상해없음,보행자,남,53세,중상
2013112600100531,2013년 11월 26일 19시,화요일,강원도 원주시 단계동,중상사고,0,1,0,0,차대사람 - 기타,안전운전불이행,건조,맑음,단일로 - 기타,승용,남,31세,상해없음,보행자,여,84세,중상
2013112600100532,2013년 11월 26일 19시,화요일,강원도 삼척시 교동,경상사고,0,0,2,0,차대차 - 추돌 - 진행중,안전운전불이행,건조,맑음,교차로 - 교차로부근,승용,남,34세,상해없음,승용,여,44세,경상
2013112600100592,2013년 11월 26일 21시,화요일,강원도 강릉시 포남동,중상사고,0,1,1,0,차대차 - 기타,안전운전불이행,건조,맑음,교차로 - 교차로안,승용,남,18세,상해없음,승용,여,53세,중상
2013112600100593,2013년 11월 26일 21시,화요일,강원도 원주시 태장동,중상사고,0,1,0,0,차대차 - 측면직각충돌,교차로운행방법위반,습기,비,단일로 - 기타,승용,남,48세,상해없음,이륜,남,18세,중상
2013112600100624,2013년 11월 26일 22시,화요일,강원도 원주시 학성동,경상사고,0,0,1,0,차대차 - 기타,안전운전불이행,건조,흐림,교차로 - 교차로안,화물,남,27세,상해없음,승용,여,50세,경상
2013112600100625,2013년 11월 26일 22시,화요일,강원도 속초시 영랑동,경상사고,0,0,1,0,차대차 - 측면직각충돌,직진우회전진행방해,건조,맑음,교차로 - 교차로안,승용,남,56세,상해없음,승용,남,47세,경상
2013112700100013,2013년 11월 27일 00시,수요일,강원도 춘천시 퇴계동,경상사고,0,0,1,0,차대사람 - 횡단중,안전운전불이행,습기,비,단일로 - 기타,승용,남,41세,상해없음,보행자,여,17세,경상
2013112700100062,2013년 11월 27일 04시,수요일,강원도 정선군 고한읍,중상사고,0,3,0,0,차대차 - 기타,안전거리미확보,적설,눈,단일로 - 터널,승합,남,35세,중상,건설기계,남,49세,중상
2013112700100083,2013년 11월 27일 06시,수요일,강원도 평창군 봉평면,경상사고,0,0,2,0,차대차 - 추돌 - 주정차중,안전운전불이행,적설,눈,단일로 - 기타,승용,남,29세,상해없음,승용,남,20세,경상
2013112700100105,2013년 11월 27일 07시,수요일,강원도 강릉시 포남동,경상사고,0,0,1,0,차대차 - 측면직각충돌,안전운전불이행,건조,맑음,교차로 - 교차로안,승용,남,50세,상해없음,승용,여,52세,경상
2013112700100106,2013년 11월 27일 07시,수요일,강원도 철원군 김화읍,경상사고,0,0,4,0,차대차 - 측면직각충돌,신호위반,결빙,눈,교차로 - 교차로안,승용,여,49세,경상,승용,남,38세,경상
2013112700100126,2013년 11월 27일 08시,수요일,강원도 삼척시 남양동,경상사고,0,0,1,0,차대차 - 측면직각충돌,신호위반,건조,맑음,교차로 - 교차로안,승용,남,68세,상해없음,자전거,남,14세,경상
2013112700100159,2013년 11월 27일 09시,수요일,강원도 고성군 죽왕면,중상사고,0,1,0,0,차대사람 - 횡단중,안전운전불이행,습기,맑음,단일로 - 횡단보도상,승용,여,36세,상해없음,보행자,여,88세,중상
2013112700100194,2013년 11월 27일 11시,수요일,강원도 홍천군 홍천읍,중상사고,0,1,1,0,차대차 - 기타,교차로운행방법위반,습기,흐림,교차로 - 교차로안,승용,여,63세,상해없음,승용,여,38세,경상
2013112700100226,2013년 11월 27일 12시,수요일,강원도 춘천시 중앙로3가,중상사고,0,2,1,0,차대차 - 기타,안전운전불이행,건조,맑음,교차로 - 교차로안,건설기계,남,40세,상해없음,승용,남,55세,경상
2013112700100227,2013년 11월 27일 12시,수요일,강원도 삼척시 남양동,경상사고,0,0,1,0,차대차 - 추돌 - 진행중,안전운전불이행,건조,맑음,교차로 - 교차로부근,승용,여,52세,경상,화물,남,60세,상해없음
2013112700100281,2013년 11월 27일 14시,수요일,강원도 강릉시 포남동,경상사고,0,0,1,0,차대사람 - 기타,안전운전불이행,건조,맑음,단일로 - 기타,승용,남,67세,상해없음,보행자,남,38세,경상
2013112700100282,2013년 11월 27일 14시,수요일,강원도 원주시 무실동,경상사고,0,0,3,0,차대차 - 정면충돌,안전운전불이행,습기,비,단일로 - 기타,승용,남,51세,상해없음,승용,남,49세,경상
2013112700100283,2013년 11월 27일 14시,수요일,강원도 원주시 학성동,중상사고,0,1,0,0,차대차 - 측면직각충돌,신호위반,습기,눈,교차로 - 교차로안,승용,남,34세,상해없음,승용,남,52세,중상
2013112700100313,2013년 11월 27일 15시,수요일,강원도 강릉시 입암동,경상사고,0,0,2,0,차대차 - 기타,중앙선침범,건조,맑음,교차로 - 교차로안,승용,남,51세,상해없음,승용,여,50세,경상
2013112700100314,2013년 11월 27일 15시,수요일,강원도 홍천군 홍천읍,중상사고,0,1,0,0,차대차 - 기타,교차로운행방법위반,습기,맑음,교차로 - 교차로안,승용,남,51세,상해없음,승용,여,59세,중상
2013112700100315,2013년 11월 27일 15시,수요일,강원도 고성군 토성면,경상사고,0,0,1,0,차대차 - 추돌 - 주정차중,안전운전불이행,건조,맑음,교차로 - 교차로안,화물,남,45세,상해없음,승용,남,58세,경상
2013112700100349,2013년 11월 27일 16시,수요일,강원도 춘천시 교동,경상사고,0,0,3,0,차대차 - 측면직각충돌,중앙선침범,건조,맑음,단일로 - 기타,승용,남,41세,상해없음,승용,남,31세,경상
2013112700100350,2013년 11월 27일 16시,수요일,강원도 원주시 단구동,경상사고,0,0,1,0,차대차 - 측면직각충돌,안전운전불이행,습기,비,교차로 - 교차로안,승용,여,39세,상해없음,화물,남,42세,경상
2013112700100383,2013년 11월 27일 17시,수요일,강원도 원주시 단계동,경상사고,0,0,1,0,차대차 - 측면직각충돌,안전거리미확보,건조,맑음,교차로 - 교차로안,화물,남,41세,상해없음,승용,여,54세,경상
2013112700100384,2013년 11월 27일 17시,수요일,강원도 영월군 영월읍,경상사고,0,0,1,0,차대차 - 추돌 - 진행중,안전거리미확보,결빙,눈,단일로 - 교량,승용,여,51세,상해없음,화물,남,44세,경상
2013112700100385,2013년 11월 27일 17시,수요일,강원도 고성군 토성면,중상사고,0,1,2,0,차대차 - 추돌 - 진행중,안전운전불이행,결빙,맑음,단일로 - 기타,승용,남,30세,상해없음,승용,남,46세,경상
2013112700100386,2013년 11월 27일 17시,수요일,강원도 고성군 토성면,경상사고,0,0,1,0,차대차 - 추돌 - 주정차중,안전운전불이행,건조,흐림,단일로 - 기타,화물,남,46세,상해없음,승용,남,37세,경상
2013112700100437,2013년 11월 27일 18시,수요일,강원도 태백시 화전동,경상사고,0,0,2,0,차대차 - 추돌 - 주정차중,안전거리미확보,적설,눈,단일로 - 기타,승용,남,31세,상해없음,승용,남,61세,경상
2013112700100438,2013년 11월 27일 18시,수요일,강원도 인제군 북면,중상사고,0,3,0,0,차대차 - 측면직각충돌,중앙선침범,결빙,눈,단일로 - 기타,화물,남,54세,상해없음,승용,남,48세,중상
2013112700100493,2013년 11월 27일 19시,수요일,강원도 춘천시 석사동,중상사고,0,1,2,0,차대차 - 측면직각충돌,안전운전불이행,건조,맑음,단일로 - 기타,화물,남,36세,상해없음,승용,여,39세,중상
2013112700100494,2013년 11월 27일 19시,수요일,강원도 원주시 단구동,중상사고,0,1,0,0,차대차 - 추돌 - 주정차중,안전거리미확보,습기,비,단일로 - 기타,승용,남,40세,상해없음,승용,남,43세,중상
2013112700100495,2013년 11월 27일 19시,수요일,강원도 원주시 태장동,경상사고,0,0,1,1,차대차 - 추돌 - 주정차중,안전거리미확보,건조,맑음,교차로 - 교차로부근,기타불명,기타불명,기타불명,기타불명,승용,남,36세,부상신고
2013112700100529,2013년 11월 27일 20시,수요일,강원도 춘천시 온의동,중상사고,0,1,0,0,차대차 - 정면충돌,신호위반,건조,맑음,교차로 - 교차로안,승용,여,56세,상해없음,승용,남,45세,중상
2013112700100530,2013년 11월 27일 20시,수요일,강원도 원주시 흥업면,중상사고,0,1,0,0,차대사람 - 횡단중,신호위반,건조,맑음,교차로 - 교차로부근,승용,남,20세,상해없음,보행자,남,23세,중상
2013112700100603,2013년 11월 27일 22시,수요일,강원도 원주시 단계동,경상사고,0,0,4,0,차대차 - 추돌 - 진행중,안전운전불이행,건조,맑음,교차로 - 교차로부근,승용,남,32세,상해없음,승용,남,32세,경상
2013112800100090,2013년 11월 28일 07시,목요일,강원도 춘천시 교동,중상사고,0,1,0,0,차대사람 - 기타,보행자보호의무위반,건조,맑음,단일로 - 기타,승용,남,60세,상해없음,보행자,남,29세,중상
2013112800100091,2013년 11월 28일 07시,목요일,강원도 원주시 소초면,중상사고,0,1,16,0,차대차 - 추돌 - 진행중,안전거리미확보,건조,맑음,단일로 - 기타,승합,남,43세,상해없음,화물,남,42세,상해없음
2013112800100123,2013년 11월 28일 08시,목요일,강원도 강릉시 노암동,경상사고,0,0,1,0,차대차 - 기타,안전운전불이행,건조,맑음,단일로 - 기타,승용,남,73세,상해없음,이륜,남,47세,경상
2013112800100124,2013년 11월 28일 08시,목요일,강원도 횡성군 안흥면,경상사고,0,0,2,0,차대차 - 기타,안전운전불이행,습기,맑음,단일로 - 기타,화물,남,47세,상해없음,승용,남,75세,경상
2013112800100215,2013년 11월 28일 11시,목요일,강원도 원주시 단계동,경상사고,0,0,1,0,차대차 - 추돌 - 진행중,안전거리미확보,건조,맑음,교차로 - 교차로부근,화물,남,40세,상해없음,승용,여,57세,경상
2013112800100238,2013년 11월 28일 12시,목요일,강원도 강릉시 교동,경상사고,0,0,2,0,차대차 - 측면직각충돌,신호위반,건조,흐림,교차로 - 교차로안,승용,여,20세,상해없음,승용,남,52세,경상
2013112800100239,2013년 11월 28일 12시,목요일,강원도 태백시 황지동,중상사고,0,1,0,0,차대사람 - 보도통행중,보행자보호의무위반,건조,맑음,교차로 - 교차로부근,승용,여,51세,상해없음,보행자,여,18세,중상
2013112800100264,2013년 11월 28일 13시,목요일,강원도 원주시 인동,경상사고,0,0,1,0,차대사람 - 보도통행중,안전운전불이행,건조,맑음,단일로 - 기타,승용,여,48세,상해없음,보행자,여,71세,경상
2013112800100265,2013년 11월 28일 13시,목요일,강원도 홍천군 홍천읍,경상사고,0,0,3,0,차대차 - 추돌 - 진행중,안전운전불이행,건조,맑음,단일로 - 기타,승용,여,39세,경상,화물,남,34세,경상
2013112800100290,2013년 11월 28일 14시,목요일,강원도 철원군 갈말읍,경상사고,0,0,1,0,차대차 - 측면직각충돌,안전운전불이행,건조,맑음,단일로 - 기타,승용,여,39세,상해없음,승용,여,56세,경상
2013112800100316,2013년 11월 28일 15시,목요일,강원도 원주시 단계동,경상사고,0,0,2,0,차대차 - 기타,안전거리미확보,건조,맑음,단일로 - 기타,승용,남,42세,경상,승용,남,56세,경상
2013112800100317,2013년 11월 28일 15시,목요일,강원도 평창군 대관령면,경상사고,0,0,2,0,차대차 - 측면직각충돌,안전운전불이행,적설,맑음,단일로 - 기타,승용,여,55세,상해없음,승용,여,35세,경상
2013112800100347,2013년 11월 28일 16시,목요일,강원도 속초시 영랑동,경상사고,0,0,1,0,차대사람 - 횡단중,안전운전불이행,건조,맑음,단일로 - 기타,승용,남,47세,상해없음,보행자,남,7세,경상
2013112800100376,2013년 11월 28일 17시,목요일,강원도 춘천시 효자동,부상신고사고,0,0,0,1,차대사람 - 기타,안전운전불이행,건조,맑음,단일로 - 기타,승합,남,67세,상해없음,보행자,여,42세,부상신고
2013112800100377,2013년 11월 28일 17시,목요일,강원도 원주시 단계동,경상사고,0,0,1,0,차대차 - 측면직각충돌,신호위반,건조,맑음,교차로 - 교차로안,승용,남,66세,상해없음,승용,남,53세,경상
2013112800100378,2013년 11월 28일 17시,목요일,강원도 동해시 송정동,경상사고,0,0,1,0,차대차 - 측면직각충돌,교차로운행방법위반,건조,맑음,교차로 - 교차로안,승용,남,37세,상해없음,승용,여,39세,경상
2013112800100422,2013년 11월 28일 18시,목요일,강원도 춘천시 후평동,경상사고,0,0,2,0,차대차 - 기타,안전운전불이행,건조,맑음,단일로 - 기타,승합,남,52세,상해없음,승용,여,52세,경상
2013112800100423,2013년 11월 28일 18시,목요일,강원도 강릉시 내곡동,중상사고,0,1,0,0,차대사람 - 기타,안전운전불이행,건조,맑음,교차로 - 교차로부근,승용,남,38세,상해없음,보행자,남,17세,중상
2013112800100481,2013년 11월 28일 19시,목요일,강원도 원주시 태장동,경상사고,0,0,1,0,차대차 - 기타,교차로운행방법위반,건조,맑음,교차로 - 교차로안,화물,남,45세,기타불명,승용,남,35세,경상
2013112800100482,2013년 11월 28일 19시,목요일,강원도 속초시 대포동,경상사고,0,0,3,0,차대차 - 추돌 - 주정차중,안전운전불이행,건조,맑음,단일로 - 기타,승용,남,53세,상해없음,승합,남,28세,경상
2013112800100515,2013년 11월 28일 20시,목요일,강원도 원주시 소초면,경상사고,0,0,4,0,차대차 - 측면직각충돌,중앙선침범,건조,맑음,단일로 - 기타,화물,남,36세,상해없음,화물,남,38세,경상
2013112800100578,2013년 11월 28일 22시,목요일,강원도 삼척시 남양동,중상사고,0,1,0,0,차대사람 - 횡단중,안전운전불이행,건조,맑음,교차로 - 교차로안,승용,여,35세,상해없음,보행자,남,41세,중상
2013112800100579,2013년 11월 28일 22시,목요일,강원도 홍천군 홍천읍,경상사고,0,0,1,0,차대차 - 기타,교차로운행방법위반,건조,흐림,교차로 - 교차로안,승용,남,35세,상해없음,승용,남,59세,경상
2013112900100009,2013년 11월 29일 00시,금요일,강원도 춘천시 효자동,경상사고,0,0,2,0,차대차 - 측면직각충돌,안전운전불이행,건조,맑음,교차로 - 교차로안,승용,남,34세,상해없음,승용,남,36세,경상
2013112900100010,2013년 11월 29일 00시,금요일,강원도 춘천시 운교동,경상사고,0,0,2,0,차대차 - 정면충돌,안전운전불이행,건조,맑음,교차로 - 교차로안,화물,남,44세,상해없음,승용,남,56세,경상
2013112900100131,2013년 11월 29일 08시,금요일,강원도 원주시 태장동,경상사고,0,0,2,0,차대차 - 정면충돌,중앙선침범,건조,맑음,교차로 - 교차로부근,승용,남,46세,상해없음,승용,남,45세,경상
2013112900100132,2013년 11월 29일 08시,금요일,강원도 평창군 대화면,경상사고,0,0,2,0,차대차 - 측면직각충돌,중앙선침범,건조,맑음,단일로 - 기타,화물,남,36세,상해없음,승용,여,29세,경상
2013112900100133,2013년 11월 29일 08시,금요일,강원도 태백시 황지동,경상사고,0,0,1,0,차대차 - 추돌 - 진행중,안전운전불이행,건조,맑음,단일로 - 기타,승용,남,60세,상해없음,자전거,남,58세,경상
2013112900100134,2013년 11월 29일 08시,금요일,강원도 양구군 양구읍,경상사고,0,0,3,0,차대차 - 측면직각충돌,직진우회전진행방해,건조,맑음,교차로 - 교차로안,승용,여,28세,상해없음,승용,여,39세,경상
2013112900100179,2013년 11월 29일 09시,금요일,강원도 인제군 남면,경상사고,0,0,1,0,차대차 - 측면직각충돌,안전운전불이행,건조,맑음,교차로 - 교차로안,승용,남,47세,상해없음,화물,남,65세,경상
2013112900100204,2013년 11월 29일 10시,금요일,강원도 원주시 우산동,경상사고,0,0,1,0,차대차 - 측면직각충돌,교차로운행방법위반,건조,맑음,교차로 - 교차로안,화물,남,66세,상해없음,승용,남,32세,경상
2013112900100235,2013년 11월 29일 11시,금요일,강원도 춘천시 동면,중상사고,0,1,0,0,차대사람 - 기타,안전운전불이행,건조,맑음,교차로 - 교차로부근,승용,여,33세,상해없음,보행자,여,95세,중상
2013112900100236,2013년 11월 29일 11시,금요일,강원도 춘천시 남면,중상사고,0,1,0,1,차대차 - 측면직각충돌,안전운전불이행,결빙,맑음,단일로 - 기타,승용,남,47세,기타불명,승용,여,42세,부상신고
2013112900100237,2013년 11월 29일 11시,금요일,강원도 춘천시 사농동,중상사고,0,1,0,0,차대차 - 측면직각충돌,안전운전불이행,건조,맑음,교차로 - 교차로부근,승용,여,53세,상해없음,승합,남,58세,중상
2013112900100272,2013년 11월 29일 12시,금요일,강원도 춘천시 퇴계동,경상사고,0,0,2,0,차대차 - 측면직각충돌,신호위반,건조,맑음,교차로 - 교차로안,승합,여,47세,상해없음,승용,남,54세,경상
2013112900100273,2013년 11월 29일 12시,금요일,강원도 강릉시 교동,중상사고,0,1,1,0,차대차 - 측면직각충돌,안전운전불이행,기타,기타,교차로 - 교차로안,이륜,남,53세,중상,승용,남,32세,경상
2013112900100330,2013년 11월 29일 14시,금요일,강원도 강릉시 옥천동,경상사고,0,0,1,0,차대사람 - 횡단중,보행자보호의무위반,건조,맑음,교차로 - 교차로부근,승용,여,42세,상해없음,보행자,여,44세,경상
2013112900100331,2013년 11월 29일 14시,금요일,강원도 동해시 천곡동,경상사고,0,0,1,0,차대사람 - 횡단중,안전운전불이행,건조,맑음,단일로 - 기타,화물,남,51세,상해없음,보행자,남,9세,경상
2013112900100391,2013년 11월 29일 16시,금요일,강원도 원주시 호저면,중상사고,0,1,0,0,차대차 - 측면직각충돌,신호위반,건조,맑음,교차로 - 교차로안,화물,남,56세,상해없음,화물,남,77세,중상
2013112900100435,2013년 11월 29일 17시,금요일,강원도 춘천시 퇴계동,경상사고,0,0,1,0,차대차 - 측면직각충돌,교차로운행방법위반,건조,맑음,교차로 - 교차로안,승합,남,47세,상해없음,화물,남,48세,경상
2013112900100436,2013년 11월 29일 17시,금요일,강원도 강릉시 주문진읍,중상사고,0,1,0,0,차대사람 - 횡단중,안전운전불이행,건조,맑음,단일로 - 횡단보도상,승용,남,53세,상해없음,보행자,여,10세,중상
2013112900100437,2013년 11월 29일 17시,금요일,강원도 태백시 문곡동,경상사고,0,0,1,0,차대차 - 측면직각충돌,안전운전불이행,건조,맑음,기타 - 기타,승용,여,41세,상해없음,승용,남,56세,경상
2013112900100438,2013년 11월 29일 17시,금요일,강원도 동해시 발한동,경상사고,0,0,1,0,차대차 - 측면직각충돌,차로위반,건조,맑음,교차로 - 교차로안,승용,남,62세,상해없음,승용,남,61세,경상
2013112900100480,2013년 11월 29일 18시,금요일,강원도 춘천시 신동,경상사고,0,0,1,0,차대차 - 측면직각충돌,안전운전불이행,건조,맑음,교차로 - 교차로부근,승용,남,48세,상해없음,승용,남,45세,경상
2013112900100481,2013년 11월 29일 18시,금요일,강원도 강릉시 교동,경상사고,0,0,1,0,차대차 - 측면직각충돌,안전운전불이행,건조,맑음,교차로 - 교차로안,승용,남,25세,상해없음,승용,여,59세,경상
2013112900100482,2013년 11월 29일 18시,금요일,강원도 고성군 거진읍,경상사고,0,0,1,0,차량단독 - 공작물충돌,안전운전불이행,건조,맑음,단일로 - 기타,승용,남,42세,상해없음,,,,
2013112900100594,2013년 11월 29일 21시,금요일,강원도 동해시 천곡동,중상사고,0,1,0,0,차대사람 - 기타,안전운전불이행,건조,맑음,단일로 - 기타,승용,남,26세,상해없음,보행자,남,50세,중상
2013112900100635,2013년 11월 29일 22시,금요일,강원도 원주시 단구동,경상사고,0,0,1,0,차대사람 - 길가장자리구역통행중,안전운전불이행,건조,맑음,교차로 - 교차로부근,기타불명,기타불명,기타불명,기타불명,보행자,남,16세,경상
2013112900100636,2013년 11월 29일 22시,금요일,강원도 삼척시 원덕읍,경상사고,0,0,1,0,차량단독 - 공작물충돌,안전운전불이행,건조,맑음,단일로 - 기타,화물,남,28세,상해없음,,,,
2013112900100675,2013년 11월 29일 23시,금요일,강원도 강릉시 안현동,중상사고,0,1,0,0,차대사람 - 기타,안전운전불이행,건조,맑음,단일로 - 기타,승용,남,29세,상해없음,보행자,남,51세,중상
2013113000100039,2013년 11월 30일 01시,토요일,강원도 원주시 단계동,중상사고,0,1,1,0,차대차 - 측면직각충돌,신호위반,건조,맑음,교차로 - 교차로안,승용,남,39세,상해없음,승용,남,53세,중상
2013113000100061,2013년 11월 30일 02시,토요일,강원도 원주시 우산동,경상사고,0,0,1,0,차대차 - 측면직각충돌,신호위반,건조,맑음,교차로 - 교차로안,승용,남,60세,상해없음,승용,남,60세,상해없음
2013113000100062,2013년 11월 30일 02시,토요일,강원도 원주시 단구동,경상사고,0,0,1,0,차대사람 - 기타,안전운전불이행,건조,맑음,교차로 - 교차로부근,승용,여,59세,상해없음,보행자,여,46세,경상
2013113000100079,2013년 11월 30일 03시,토요일,강원도 원주시 문막읍,경상사고,0,0,1,0,차량단독 - 공작물충돌,안전운전불이행,건조,맑음,단일로 - 기타,승용,남,32세,경상,,,,
2013113000100086,2013년 11월 30일 04시,토요일,강원도 원주시 단구동,경상사고,0,0,1,0,차대차 - 정면충돌,중앙선침범,건조,맑음,단일로 - 기타,승용,남,36세,상해없음,승용,여,47세,경상
2013113000100106,2013년 11월 30일 06시,토요일,강원도 원주시 태장동,중상사고,0,1,0,0,차대차 - 추돌 - 주정차중,안전거리미확보,건조,맑음,교차로 - 교차로부근,화물,남,45세,상해없음,승용,남,62세,중상
2013113000100107,2013년 11월 30일 06시,토요일,강원도 동해시 부곡동,중상사고,0,1,0,0,차대사람 - 횡단중,보행자보호의무위반,건조,맑음,단일로 - 횡단보도상,승용,남,61세,상해없음,보행자,여,51세,중상
2013113000100122,2013년 11월 30일 07시,토요일,강원도 원주시 단구동,경상사고,0,0,4,0,차대차 - 추돌 - 진행중,안전거리미확보,건조,맑음,단일로 - 기타,화물,남,37세,상해없음,승용,남,49세,경상
2013113000100179,2013년 11월 30일 10시,토요일,강원도 춘천시 퇴계동,경상사고,0,0,3,0,차대차 - 측면직각충돌,기타,건조,맑음,교차로 - 교차로안,승용,여,62세,상해없음,승용,남,72세,경상
2013113000100215,2013년 11월 30일 11시,토요일,강원도 홍천군 두촌면,중상사고,0,4,0,0,차대차 - 기타,안전거리미확보,건조,맑음,교차로 - 교차로부근,승용,남,36세,상해없음,승용,남,56세,중상
2013113000100216,2013년 11월 30일 11시,토요일,강원도 정선군 사북읍,경상사고,0,0,1,0,차대차 - 측면직각충돌,안전운전불이행,습기,맑음,교차로 - 교차로안,승용,남,25세,상해없음,승용,여,45세,경상
2013113000100253,2013년 11월 30일 12시,토요일,강원도 강릉시 노암동,중상사고,0,1,0,0,차대사람 - 기타,안전운전불이행,건조,맑음,기타 - 기타,화물,남,54세,상해없음,보행자,여,65세,중상
2013113000100254,2013년 11월 30일 12시,토요일,강원도 속초시 청학동,중상사고,0,1,0,0,차대차 - 추돌 - 진행중,안전운전불이행,건조,맑음,단일로 - 기타,화물,남,68세,상해없음,자전거,남,71세,중상
2013113000100255,2013년 11월 30일 12시,토요일,강원도 속초시 교동,중상사고,0,1,0,0,차대차 - 측면직각충돌,안전운전불이행,건조,맑음,교차로 - 교차로안,승용,남,47세,상해없음,화물,남,55세,중상
2013113000100256,2013년 11월 30일 12시,토요일,강원도 홍천군 북방면,경상사고,0,0,1,0,차대차 - 기타,중앙선침범,건조,맑음,기타 - 기타,이륜,남,76세,상해없음,승용,여,52세,상해없음
2013113000100288,2013년 11월 30일 13시,토요일,강원도 춘천시 후평동,경상사고,0,0,1,0,차대사람 - 기타,기타,건조,맑음,기타 - 기타,승용,남,55세,상해없음,보행자,여,16세,경상