사고번호,사고일시,요일,시군구,사고내용,사망자수,중상자수,경상자수,부상신고자수,사고유형,법규위반,노면상태,기상상태,도로형태,가해운전자 차종,가해운전자 성별,가해운전자 연령,가해운전자 상해정도,피해운전자 차종,피해운전자 성별,피해운전자 연령,피해운전자 상해정도
2013113000100289,2013년 11월 30일 13시,토요일,강원도 원주시 태장동,경상사고,0,0,1,0,차대사람 - 횡단중,신호위반,건조,맑음,단일로 - 기타,승용,여,26세,상해없음,보행자,남,13세,경상
2013113000100318,2013년 11월 30일 14시,토요일,강원도 원주시 학성동,경상사고,0,0,1,0,차대차 - 기타,신호위반,건조,맑음,교차로 - 교차로안,승용,남,61세,상해없음,자전거,남,58세,경상
2013113000100319,2013년 11월 30일 14시,토요일,강원도 삼척시 도계읍,경상사고,0,0,1,0,차량단독 - 전도전복,안전운전불이행,건조,맑음,단일로 - 기타,화물,남,63세,경상,,,,
2013113000100320,2013년 11월 30일 14시,토요일,강원도 동해시 부곡동,중상사고,0,1,0,0,차대차 - 기타,직진우회전진행방해,건조,맑음,교차로 - 교차로안,화물,남,43세,상해없음,원동기,남,64세,중상
2013113000100356,2013년 11월 30일 15시,토요일,강원도 강릉시 포남동,중상사고,0,1,0,0,차대사람 - 기타,보행자보호의무위반,건조,맑음,단일로 - 기타,승용,여,32세,상해없음,보행자,남,7세,중상
2013113000100379,2013년 11월 30일 16시,토요일,강원도 강릉시 주문진읍,경상사고,0,0,1,0,차대차 - 추돌 - 진행중,안전운전불이행,건조,맑음,단일로 - 기타,승용,여,49세,상해없음,승용,남,50세,경상
2013113000100411,2013년 11월 30일 17시,토요일,강원도 강릉시 주문진읍,경상사고,0,0,5,0,차대차 - 기타,안전운전불이행,건조,맑음,단일로 - 기타,승용,남,46세,상해없음,승용,남,58세,경상
2013113000100412,2013년 11월 30일 17시,토요일,강원도 양양군 강현면,경상사고,0,0,1,0,차대차 - 측면직각충돌,안전운전불이행,건조,맑음,단일로 - 기타,화물,남,58세,상해없음,승용,남,40세,경상
2013113000100460,2013년 11월 30일 18시,토요일,강원도 원주시 흥업면,경상사고,0,0,1,0,차대차 - 측면직각충돌,교차로운행방법위반,건조,맑음,교차로 - 교차로안,승용,여,44세,상해없음,승용,남,46세,경상
2013113000100461,2013년 11월 30일 18시,토요일,강원도 원주시 명륜동,경상사고,0,0,2,0,차대차 - 기타,안전운전불이행,건조,맑음,교차로 - 교차로부근,승용,남,35세,상해없음,승용,남,57세,경상
2013113000100462,2013년 11월 30일 18시,토요일,강원도 속초시 조양동,경상사고,0,0,6,0,차대차 - 측면직각충돌,안전운전불이행,건조,맑음,단일로 - 기타,승용,남,39세,상해없음,승용,남,33세,경상
2013113000100510,2013년 11월 30일 19시,토요일,강원도 속초시 노학동,중상사고,0,1,2,0,차대차 - 측면직각충돌,신호위반,건조,맑음,교차로 - 교차로안,화물,남,30세,상해없음,승합,남,63세,경상
2013113000100542,2013년 11월 30일 20시,토요일,강원도 동해시 발한동,중상사고,0,2,0,0,차대사람 - 기타,안전운전불이행,건조,맑음,단일로 - 기타,화물,남,71세,상해없음,보행자,여,65세,중상
2013113000100577,2013년 11월 30일 21시,토요일,강원도 강릉시 포남동,경상사고,0,0,1,0,차대차 - 측면직각충돌,신호위반,기타,기타,교차로 - 교차로안,이륜,남,20세,기타불명,승용,남,52세,경상
2013113000100578,2013년 11월 30일 21시,토요일,강원도 원주시 태장동,중상사고,0,1,3,0,차대차 - 기타,안전거리미확보,건조,맑음,단일로 - 기타,승용,남,43세,상해없음,승용,남,32세,중상
2013113000100579,2013년 11월 30일 21시,토요일,강원도 속초시 조양동,경상사고,0,0,2,0,차대차 - 측면직각충돌,직진우회전진행방해,건조,맑음,교차로 - 교차로안,승용,남,64세,상해없음,승용,남,48세,경상
2013113000100580,2013년 11월 30일 21시,토요일,강원도 홍천군 홍천읍,경상사고,0,0,1,0,차량단독 - 기타,안전운전불이행,건조,맑음,단일로 - 기타,승용,남,59세,경상,,,,
2013113000100608,2013년 11월 30일 22시,토요일,강원도 원주시 단계동,경상사고,0,0,1,0,차대차 - 추돌 - 진행중,안전거리미확보,건조,맑음,단일로 - 기타,승합,남,21세,상해없음,승용,여,56세,경상
2013113000100637,2013년 11월 30일 23시,토요일,강원도 원주시 단구동,중상사고,0,1,0,0,차대사람 - 기타,안전운전불이행,건조,맑음,교차로 - 교차로안,승용,남,41세,상해없음,보행자,남,26세,중상
2013113000100638,2013년 11월 30일 23시,토요일,강원도 삼척시 교동,경상사고,0,0,1,0,차대차 - 측면직각충돌,중앙선침범,건조,맑음,교차로 - 교차로안,승용,남,58세,상해없음,승용,남,61세,경상
2013120100100053,2013년 12월 1일 02시,일요일,강원도 강릉시 견소동,경상사고,0,0,2,0,차대차 - 추돌 - 주정차중,안전운전불이행,건조,맑음,단일로 - 기타,승용,남,40세,상해없음,승용,남,36세,상해없음
2013120100100096,2013년 12월 1일 05시,일요일,강원도 원주시 단계동,부상신고사고,0,0,0,1,차대사람 - 횡단중,교차로운행방법위반,건조,맑음,교차로 - 교차로안,승용,남,26세,상해없음,보행자,남,21세,부상신고
2013120100100136,2013년 12월 1일 09시,일요일,강원도 삼척시 도계읍,경상사고,0,0,4,0,차대차 - 측면직각충돌,안전운전불이행,건조,맑음,교차로 - 교차로안,승용,여,31세,경상,승용,남,57세,경상
2013120100100137,2013년 12월 1일 09시,일요일,강원도 횡성군 안흥면,경상사고,0,0,1,0,차대사람 - 기타,안전운전불이행,건조,맑음,기타 - 기타,승용,남,51세,상해없음,보행자,남,51세,경상
2013120100100159,2013년 12월 1일 10시,일요일,강원도 삼척시 원덕읍,경상사고,0,0,1,0,차대차 - 측면직각충돌,안전운전불이행,건조,맑음,교차로 - 교차로안,화물,남,53세,상해없음,승용,남,66세,상해없음
2013120100100181,2013년 12월 1일 11시,일요일,강원도 동해시 송정동,경상사고,0,0,1,0,차대차 - 기타,직진우회전진행방해,건조,맑음,교차로 - 교차로안,승용,남,45세,상해없음,이륜,남,76세,경상
2013120100100201,2013년 12월 1일 12시,일요일,강원도 원주시 호저면,경상사고,0,0,2,0,차대차 - 추돌 - 주정차중,안전거리미확보,건조,맑음,단일로 - 기타,승합,남,56세,상해없음,승용,여,28세,경상
2013120100100202,2013년 12월 1일 12시,일요일,강원도 태백시 황지동,중상사고,0,1,0,0,차대사람 - 횡단중,보행자보호의무위반,건조,맑음,교차로 - 교차로안,승용,여,40세,상해없음,보행자,여,80세,중상
2013120100100203,2013년 12월 1일 12시,일요일,강원도 철원군 동송읍,경상사고,0,0,1,0,차대차 - 측면직각충돌,교차로운행방법위반,건조,맑음,교차로 - 교차로안,승용,남,48세,경상,농기계,남,48세,상해없음
2013120100100234,2013년 12월 1일 13시,일요일,강원도 고성군 토성면,경상사고,0,0,4,0,차량단독 - 기타,안전운전불이행,건조,맑음,단일로 - 기타,승합,남,37세,상해없음,,,,
2013120100100252,2013년 12월 1일 14시,일요일,강원도 속초시 영랑동,경상사고,0,0,1,0,차대차 - 측면직각충돌,교차로운행방법위반,건조,맑음,교차로 - 교차로안,승용,남,53세,상해없음,승용,여,59세,경상
2013120100100325,2013년 12월 1일 17시,일요일,강원도 강릉시 임당동,경상사고,0,0,3,0,차대사람 - 기타,보행자보호의무위반,건조,맑음,교차로 - 교차로안,승용,남,55세,상해없음,보행자,남,11세,경상
2013120100100359,2013년 12월 1일 18시,일요일,강원도 춘천시 퇴계동,중상사고,0,1,0,0,차대사람 - 기타,보행자보호의무위반,건조,맑음,교차로 - 교차로안,승용,여,26세,상해없음,보행자,여,38세,중상
2013120100100360,2013년 12월 1일 18시,일요일,강원도 원주시 중앙동,중상사고,0,1,0,0,차대차 - 측면직각충돌,안전운전불이행,건조,맑음,교차로 - 교차로안,승용,남,25세,상해없음,이륜,남,23세,중상
2013120100100426,2013년 12월 1일 20시,일요일,강원도 춘천시 서면,사망사고,1,0,2,0,차대차 - 측면직각충돌,안전운전불이행,건조,맑음,단일로 - 기타,화물,남,50세,사망,승용,남,49세,경상
2013120100100427,2013년 12월 1일 20시,일요일,강원도 동해시 천곡동,경상사고,0,0,1,0,차대차 - 추돌 - 주정차중,안전운전불이행,건조,맑음,교차로 - 교차로부근,승용,남,45세,상해없음,승용,남,37세,경상
2013120100100448,2013년 12월 1일 21시,일요일,강원도 횡성군 둔내면,경상사고,0,0,2,0,차대차 - 기타,중앙선침범,건조,맑음,단일로 - 기타,화물,남,31세,상해없음,승용,남,36세,경상
2013120200100058,2013년 12월 2일 06시,월요일,강원도 정선군 사북읍,경상사고,0,0,3,0,차대차 - 추돌 - 진행중,안전운전불이행,습기,맑음,교차로 - 교차로안,승용,남,47세,상해없음,승합,남,41세,경상
2013120200100150,2013년 12월 2일 09시,월요일,강원도 원주시 단계동,경상사고,0,0,1,0,차대사람 - 보도통행중,보행자보호의무위반,건조,맑음,단일로 - 횡단보도상,기타불명,기타불명,기타불명,기타불명,보행자,남,13세,경상
2013120200100171,2013년 12월 2일 10시,월요일,강원도 삼척시 근덕면,중상사고,0,2,1,0,차대차 - 추돌 - 주정차중,안전운전불이행,건조,맑음,단일로 - 기타,화물,남,35세,경상,승용,여,44세,중상
2013120200100221,2013년 12월 2일 12시,월요일,강원도 삼척시 남양동,중상사고,0,1,1,0,차대차 - 측면직각충돌,안전운전불이행,건조,맑음,교차로 - 교차로부근,승용,남,72세,중상,화물,남,23세,경상
2013120200100252,2013년 12월 2일 13시,월요일,강원도 춘천시 효자동,중상사고,0,1,1,0,차대차 - 추돌 - 진행중,안전운전불이행,건조,흐림,단일로 - 기타,승용,남,61세,상해없음,승용,여,46세,경상
2013120200100253,2013년 12월 2일 13시,월요일,강원도 강릉시 성남동,중상사고,0,1,0,0,차대사람 - 기타,안전운전불이행,건조,맑음,단일로 - 기타,승용,남,66세,상해없음,보행자,여,67세,중상
2013120200100276,2013년 12월 2일 14시,월요일,강원도 양양군 손양면,경상사고,0,0,1,0,차량단독 - 공작물충돌,안전운전불이행,건조,맑음,단일로 - 기타,화물,남,47세,상해없음,,,,
2013120200100305,2013년 12월 2일 15시,월요일,강원도 춘천시 신북읍,경상사고,0,0,8,1,차대차 - 추돌 - 진행중,안전거리미확보,건조,맑음,단일로 - 기타,화물,남,44세,상해없음,승합,남,48세,경상
2013120200100306,2013년 12월 2일 15시,월요일,강원도 원주시 봉산동,경상사고,0,0,4,0,차대차 - 측면직각충돌,차로위반,건조,맑음,교차로 - 교차로안,승용,남,67세,상해없음,승용,남,50세,경상
2013120200100333,2013년 12월 2일 16시,월요일,강원도 강릉시 교동,경상사고,0,0,1,0,차대사람 - 기타,신호위반,건조,맑음,교차로 - 교차로안,승용,남,58세,상해없음,보행자,남,69세,경상
2013120200100334,2013년 12월 2일 16시,월요일,강원도 원주시 반곡동,경상사고,0,0,1,0,차대차 - 기타,신호위반,건조,맑음,교차로 - 교차로안,승용,남,41세,상해없음,화물,남,51세,경상
2013120200100335,2013년 12월 2일 16시,월요일,강원도 속초시 중앙동,중상사고,0,1,0,0,차대사람 - 보도통행중,기타,건조,맑음,단일로 - 기타,승용,남,29세,상해없음,보행자,여,70세,중상
2013120200100336,2013년 12월 2일 16시,월요일,강원도 동해시 송정동,경상사고,0,0,1,0,차대차 - 기타,교차로운행방법위반,건조,맑음,교차로 - 교차로안,승용,남,61세,상해없음,승용,여,44세,경상
2013120200100361,2013년 12월 2일 17시,월요일,강원도 춘천시 남면,사망사고,1,1,0,0,차대차 - 정면충돌,중앙선침범,건조,맑음,단일로 - 기타,승용,여,25세,사망,승합,남,62세,중상
2013120200100362,2013년 12월 2일 17시,월요일,강원도 강릉시 사천면,경상사고,0,0,2,0,차대차 - 추돌 - 주정차중,안전거리미확보,건조,맑음,단일로 - 기타,화물,남,51세,상해없음,승용,남,69세,경상
2013120200100406,2013년 12월 2일 18시,월요일,강원도 홍천군 남면,중상사고,0,1,3,0,차대차 - 기타,교차로운행방법위반,건조,맑음,교차로 - 교차로안,화물,남,36세,중상,승용,남,55세,경상
2013120200100407,2013년 12월 2일 18시,월요일,강원도 태백시 통동,경상사고,0,0,3,0,차대차 - 기타,안전운전불이행,결빙,맑음,단일로 - 기타,승용,남,56세,상해없음,승용,남,51세,경상
2013120200100458,2013년 12월 2일 19시,월요일,강원도 원주시 흥업면,경상사고,0,0,2,0,차대차 - 기타,안전거리미확보,건조,맑음,교차로 - 교차로부근,승용,남,63세,상해없음,승용,여,52세,경상
2013120200100459,2013년 12월 2일 19시,월요일,강원도 횡성군 횡성읍,사망사고,1,0,0,0,차대사람 - 길가장자리구역통행중,안전운전불이행,건조,맑음,단일로 - 기타,화물,남,55세,상해없음,보행자,남,85세,사망
2013120200100513,2013년 12월 2일 21시,월요일,강원도 동해시 천곡동,경상사고,0,0,3,0,차대차 - 기타,교차로운행방법위반,건조,맑음,교차로 - 교차로안,승용,여,45세,상해없음,승용,남,43세,경상
2013120200100536,2013년 12월 2일 22시,월요일,강원도 동해시 동회동,경상사고,0,0,1,0,차대사람 - 보도통행중,보행자보호의무위반,건조,맑음,단일로 - 횡단보도상,승용,여,64세,상해없음,보행자,여,41세,경상
2013120200100561,2013년 12월 2일 23시,월요일,강원도 원주시 학성동,중상사고,0,1,1,0,차대차 - 측면직각충돌,안전거리미확보,건조,맑음,단일로 - 기타,승용,남,56세,상해없음,승용,남,25세,중상
2013120300100076,2013년 12월 3일 07시,화요일,강원도 춘천시 효자동,부상신고사고,0,0,0,1,차대차 - 측면직각충돌,안전운전불이행,건조,맑음,교차로 - 교차로부근,화물,남,29세,상해없음,원동기,남,68세,부상신고
2013120300100103,2013년 12월 3일 08시,화요일,강원도 철원군 동송읍,경상사고,0,0,3,0,차대차 - 측면직각충돌,교차로운행방법위반,건조,맑음,교차로 - 교차로안,승용,여,55세,경상,화물,남,67세,경상
2013120300100163,2013년 12월 3일 10시,화요일,강원도 원주시 일산동,중상사고,0,1,0,0,차대사람 - 기타,안전운전불이행,건조,맑음,기타 - 기타,승용,여,55세,상해없음,보행자,남,54세,중상
2013120300100164,2013년 12월 3일 10시,화요일,강원도 삼척시 남양동,경상사고,0,0,1,0,차대차 - 기타,안전운전불이행,건조,맑음,교차로 - 교차로부근,원동기,남,85세,경상,화물,남,61세,상해없음
2013120300100165,2013년 12월 3일 10시,화요일,강원도 홍천군 홍천읍,중상사고,0,1,0,0,차대사람 - 기타,보행자보호의무위반,건조,맑음,단일로 - 횡단보도상,승용,여,33세,상해없음,보행자,여,85세,중상
2013120300100166,2013년 12월 3일 10시,화요일,강원도 평창군 평창읍,경상사고,0,0,1,0,차대차 - 측면직각충돌,안전운전불이행,건조,맑음,교차로 - 교차로안,승용,남,43세,상해없음,승용,남,45세,경상
2013120300100215,2013년 12월 3일 12시,화요일,강원도 강릉시 주문진읍,경상사고,0,0,2,0,차대차 - 추돌 - 주정차중,안전운전불이행,기타,기타,단일로 - 기타,승용,남,49세,상해없음,승용,여,39세,경상
2013120300100216,2013년 12월 3일 12시,화요일,강원도 원주시 관설동,경상사고,0,0,1,0,차대차 - 추돌 - 진행중,안전운전불이행,건조,맑음,기타 - 기타,승용,여,25세,상해없음,승용,여,34세,경상
2013120300100217,2013년 12월 3일 12시,화요일,강원도 원주시 단구동,경상사고,0,0,1,0,차대사람 - 기타,안전거리미확보,건조,맑음,단일로 - 기타,기타불명,기타불명,기타불명,기타불명,보행자,여,39세,경상
2013120300100236,2013년 12월 3일 13시,화요일,강원도 원주시 우산동,경상사고,0,0,1,0,차대사람 - 보도통행중,보행자보호의무위반,건조,맑음,단일로 - 횡단보도상,화물,남,55세,상해없음,보행자,여,22세,경상
2013120300100237,2013년 12월 3일 13시,화요일,강원도 동해시 송정동,중상사고,0,1,2,0,차대차 - 측면직각충돌,안전운전불이행,건조,맑음,교차로 - 교차로안,승용,여,51세,경상,승용,남,54세,경상
2013120300100261,2013년 12월 3일 14시,화요일,강원도 평창군 용평면,경상사고,0,0,1,0,차량단독 - 전도전복,안전운전불이행,적설,맑음,단일로 - 기타,원동기,남,67세,경상,,,,
2013120300100289,2013년 12월 3일 15시,화요일,강원도 원주시 우산동,경상사고,0,0,1,0,차대사람 - 횡단중,안전운전불이행,건조,맑음,기타 - 기타,승용,남,22세,상해없음,보행자,남,19세,경상
2013120300100343,2013년 12월 3일 17시,화요일,강원도 강릉시 성남동,경상사고,0,0,1,0,차대차 - 측면직각충돌,안전운전불이행,건조,맑음,단일로 - 기타,승용,남,64세,상해없음,승용,여,51세,경상
2013120300100384,2013년 12월 3일 18시,화요일,강원도 춘천시 효자동,중상사고,0,1,0,0,차대차 - 측면직각충돌,교차로운행방법위반,건조,맑음,교차로 - 교차로안,승용,여,43세,상해없음,이륜,남,25세,중상
2013120300100436,2013년 12월 3일 19시,화요일,강원도 강릉시 강동면,사망사고,1,0,0,0,차대사람 - 기타,안전운전불이행,건조,맑음,단일로 - 기타,승용,남,25세,상해없음,보행자,남,66세,사망
2013120300100466,2013년 12월 3일 20시,화요일,강원도 춘천시 효자동,경상사고,0,0,2,0,차대차 - 기타,안전운전불이행,건조,맑음,기타 - 기타,승용,남,73세,상해없음,승용,여,51세,경상
2013120300100467,2013년 12월 3일 20시,화요일,강원도 동해시 용정동,경상사고,0,0,1,0,차대차 - 추돌 - 주정차중,안전운전불이행,건조,맑음,교차로 - 교차로부근,승용,여,46세,상해없음,승용,여,42세,경상
2013120300100497,2013년 12월 3일 21시,화요일,강원도 원주시 호저면,사망사고,1,0,0,0,차대차 - 추돌 - 진행중,과속,건조,맑음,단일로 - 기타,승용,남,28세,상해없음,자전거,여,29세,사망
2013120300100527,2013년 12월 3일 22시,화요일,강원도 춘천시 우두동,경상사고,0,0,1,0,차대사람 - 기타,안전운전불이행,건조,맑음,단일로 - 기타,화물,남,45세,상해없음,보행자,남,54세,경상
2013120300100528,2013년 12월 3일 22시,화요일,강원도 삼척시 남양동,중상사고,0,1,1,0,차대사람 - 기타,안전운전불이행,건조,흐림,교차로 - 교차로안,승합,남,52세,상해없음,보행자,남,50세,중상
2013120300100529,2013년 12월 3일 22시,화요일,강원도 정선군 고한읍,경상사고,0,0,1,0,차대차 - 추돌 - 주정차중,안전운전불이행,건조,맑음,단일로 - 횡단보도부근,승용,남,66세,상해없음,승용,남,54세,경상
2013120300100559,2013년 12월 3일 23시,화요일,강원도 원주시 무실동,경상사고,0,0,2,0,차대차 - 측면직각충돌,신호위반,건조,맑음,교차로 - 교차로안,승용,남,23세,경상,화물,남,55세,경상
2013120300100560,2013년 12월 3일 23시,화요일,강원도 원주시 단계동,중상사고,0,1,0,0,차대차 - 추돌 - 진행중,차로위반,건조,맑음,단일로 - 기타,승용,여,39세,상해없음,이륜,남,18세,중상
2013120300100561,2013년 12월 3일 23시,화요일,강원도 인제군 인제읍,중상사고,0,1,1,0,차대차 - 측면직각충돌,안전운전불이행,건조,맑음,교차로 - 교차로안,승용,여,38세,상해없음,승용,남,41세,경상
2013120400100128,2013년 12월 4일 08시,수요일,강원도 강릉시 왕산면,경상사고,0,0,1,0,차대차 - 측면직각충돌,중앙선침범,결빙,맑음,단일로 - 기타,화물,남,52세,상해없음,승용,남,47세,경상
2013120400100195,2013년 12월 4일 10시,수요일,강원도 춘천시 효자동,경상사고,0,0,1,0,차대차 - 측면직각충돌,안전운전불이행,건조,맑음,단일로 - 기타,승용,여,56세,상해없음,승용,여,59세,경상
2013120400100263,2013년 12월 4일 13시,수요일,강원도 원주시 단계동,경상사고,0,0,1,0,차량단독 - 기타,안전운전불이행,건조,맑음,단일로 - 기타,승합,남,53세,상해없음,,,,
2013120400100362,2013년 12월 4일 17시,수요일,강원도 강릉시 주문진읍,경상사고,0,0,1,0,차대차 - 측면직각충돌,안전운전불이행,건조,맑음,단일로 - 기타,화물,남,54세,상해없음,승용,여,45세,경상
2013120400100363,2013년 12월 4일 17시,수요일,강원도 강릉시 입암동,중상사고,0,1,0,0,차대사람 - 횡단중,보행자보호의무위반,건조,맑음,단일로 - 횡단보도상,승용,남,54세,상해없음,보행자,여,54세,중상
2013120400100364,2013년 12월 4일 17시,수요일,강원도 삼척시 미로면,경상사고,0,0,1,0,차대차 - 측면직각충돌,안전운전불이행,건조,맑음,단일로 - 교량,승용,여,37세,상해없음,화물,남,40세,경상
2013120400100408,2013년 12월 4일 18시,수요일,강원도 춘천시 효자동,중상사고,0,1,0,0,차대사람 - 횡단중,보행자보호의무위반,건조,맑음,단일로 - 횡단보도상,승용,여,63세,상해없음,보행자,여,71세,중상
2013120400100409,2013년 12월 4일 18시,수요일,강원도 춘천시 조양동,경상사고,0,0,3,0,차대차 - 추돌 - 진행중,안전거리미확보,건조,맑음,교차로 - 교차로안,승용,남,47세,상해없음,승용,여,27세,경상
2013120400100451,2013년 12월 4일 19시,수요일,강원도 춘천시 석사동,경상사고,0,0,1,0,차대차 - 측면직각충돌,교차로운행방법위반,건조,맑음,교차로 - 교차로안,승용,여,65세,상해없음,이륜,남,18세,경상
2013120400100452,2013년 12월 4일 19시,수요일,강원도 횡성군 횡성읍,사망사고,1,0,0,0,차대차 - 측면직각충돌,교차로운행방법위반,건조,맑음,교차로 - 교차로안,화물,남,37세,상해없음,원동기,남,70세,사망
2013120400100477,2013년 12월 4일 20시,수요일,강원도 춘천시 동내면,경상사고,0,0,1,0,차대차 - 추돌 - 진행중,안전거리미확보,건조,맑음,단일로 - 기타,승용,남,33세,상해없음,승용,남,77세,경상
2013120400100512,2013년 12월 4일 21시,수요일,강원도 강릉시 내곡동,경상사고,0,0,1,0,차대차 - 측면직각충돌,안전운전불이행,기타,기타,교차로 - 교차로안,승용,남,73세,상해없음,이륜,남,20세,경상
2013120500100024,2013년 12월 5일 01시,목요일,강원도 강릉시 홍제동,중상사고,0,1,1,0,차량단독 - 공작물충돌,안전운전불이행,건조,맑음,교차로 - 교차로부근,승용,남,44세,경상,,,,
2013120500100039,2013년 12월 5일 02시,목요일,강원도 원주시 단계동,중상사고,0,1,2,0,차대차 - 추돌 - 주정차중,안전거리미확보,습기,안개,교차로 - 교차로부근,승용,남,25세,상해없음,승용,남,58세,중상
2013120500100120,2013년 12월 5일 08시,목요일,강원도 원주시 원동,경상사고,0,0,1,0,차대차 - 측면직각충돌,안전운전불이행,건조,흐림,교차로 - 교차로부근,기타불명,기타불명,기타불명,기타불명,기타불명,기타불명,기타불명,기타불명
2013120500100121,2013년 12월 5일 08시,목요일,강원도 양구군 남면,중상사고,0,2,2,0,차량단독 - 공작물충돌,과속,습기,안개,단일로 - 기타,화물,남,45세,상해없음,,,,
2013120500100159,2013년 12월 5일 09시,목요일,강원도 강릉시 성남동,중상사고,0,1,0,0,차대차 - 측면직각충돌,안전운전불이행,건조,맑음,교차로 - 교차로안,승용,남,67세,상해없음,자전거,여,78세,중상
2013120500100201,2013년 12월 5일 11시,목요일,강원도 춘천시 후평동,경상사고,0,0,1,0,차대차 - 측면직각충돌,신호위반,건조,맑음,교차로 - 교차로안,승용,남,74세,상해없음,승합,남,42세,경상
2013120500100202,2013년 12월 5일 11시,목요일,강원도 고성군 죽왕면,경상사고,0,0,1,0,차대차 - 정면충돌,중앙선침범,건조,맑음,단일로 - 기타,화물,남,46세,상해없음,승용,남,68세,경상
2013120500100223,2013년 12월 5일 12시,목요일,강원도 강릉시 교동,중상사고,0,1,0,0,차대차 - 추돌 - 진행중,기타,건조,맑음,단일로 - 기타,승용,남,60세,상해없음,승용,여,52세,중상
2013120500100224,2013년 12월 5일 12시,목요일,강원도 원주시 원동,경상사고,0,0,3,0,차대차 - 추돌 - 주정차중,안전운전불이행,건조,맑음,교차로 - 교차로부근,승용,여,53세,상해없음,승용,여,48세,경상
2013120500100225,2013년 12월 5일 12시,목요일,강원도 원주시 중앙동,중상사고,0,1,0,0,차대차 - 측면직각충돌,신호위반,건조,맑음,교차로 - 교차로안,승용,남,54세,상해없음,원동기,남,63세,중상
2013120500100262,2013년 12월 5일 14시,목요일,강원도 강릉시 포남동,경상사고,0,0,1,0,차대차 - 측면직각충돌,안전운전불이행,건조,맑음,교차로 - 교차로안,이륜,남,22세,상해없음,승용,여,56세,경상
2013120500100294,2013년 12월 5일 15시,목요일,강원도 춘천시 운교동,경상사고,0,0,1,0,차대사람 - 기타,안전운전불이행,건조,맑음,단일로 - 기타,승용,남,65세,상해없음,보행자,남,21세,경상
2013120500100295,2013년 12월 5일 15시,목요일,강원도 원주시 봉산동,경상사고,0,0,1,0,차대차 - 추돌 - 주정차중,안전운전불이행,건조,맑음,단일로 - 기타,승용,여,44세,상해없음,승용,남,58세,경상
2013120500100349,2013년 12월 5일 17시,목요일,강원도 강릉시 교동,경상사고,0,0,1,0,차대차 - 측면직각충돌,안전운전불이행,건조,맑음,교차로 - 교차로안,승용,여,69세,상해없음,승용,남,61세,경상
2013120500100350,2013년 12월 5일 17시,목요일,강원도 홍천군 홍천읍,중상사고,0,1,0,0,차대사람 - 기타,보행자보호의무위반,건조,맑음,교차로 - 교차로부근,승용,남,80세,상해없음,보행자,여,79세,중상
2013120500100397,2013년 12월 5일 18시,목요일,강원도 원주시 단계동,중상사고,0,1,1,0,차대차 - 측면직각충돌,안전운전불이행,건조,맑음,단일로 - 기타,승용,남,26세,경상,승용,남,34세,중상
2013120500100398,2013년 12월 5일 18시,목요일,강원도 원주시 단계동,중상사고,0,1,1,0,차대사람 - 기타,안전운전불이행,건조,맑음,단일로 - 기타,원동기,남,40세,중상,보행자,여,42세,경상
2013120500100399,2013년 12월 5일 18시,목요일,강원도 고성군 토성면,경상사고,0,0,1,0,차대차 - 추돌 - 주정차중,안전운전불이행,건조,맑음,교차로 - 교차로부근,승용,남,55세,상해없음,승용,남,65세,경상
2013120500100445,2013년 12월 5일 19시,목요일,강원도 춘천시 사농동,부상신고사고,0,0,0,1,차대사람 - 기타,안전운전불이행,건조,맑음,단일로 - 기타,승용,여,61세,상해없음,보행자,여,64세,부상신고
2013120500100446,2013년 12월 5일 19시,목요일,강원도 원주시 관설동,중상사고,0,1,0,0,차대차 - 측면직각충돌,안전운전불이행,건조,맑음,단일로 - 기타,승합,남,40세,상해없음,자전거,남,14세,중상
2013120500100447,2013년 12월 5일 19시,목요일,강원도 원주시 무실동,중상사고,0,1,1,0,차대차 - 기타,신호위반,건조,흐림,교차로 - 교차로안,승용,여,32세,경상,승용,여,42세,중상
2013120500100448,2013년 12월 5일 19시,목요일,강원도 동해시 쇄운동,경상사고,0,0,3,0,차대차 - 측면직각충돌,교차로운행방법위반,건조,맑음,교차로 - 교차로안,승용,남,37세,상해없음,승용,여,45세,경상
2013120500100525,2013년 12월 5일 21시,목요일,강원도 강릉시 포남동,경상사고,0,0,1,0,차대차 - 추돌 - 진행중,안전운전불이행,건조,맑음,단일로 - 기타,화물,남,54세,상해없음,승용,여,41세,경상
2013120500100546,2013년 12월 5일 22시,목요일,강원도 강릉시 성남동,중상사고,0,1,0,0,차대사람 - 기타,안전운전불이행,건조,맑음,단일로 - 기타,승용,여,35세,상해없음,보행자,남,72세,중상
2013120500100547,2013년 12월 5일 22시,목요일,강원도 강릉시 교동,중상사고,0,1,0,0,차대사람 - 기타,안전운전불이행,건조,맑음,단일로 - 기타,기타불명,기타불명,기타불명,기타불명,보행자,여,58세,중상
2013120600100121,2013년 12월 6일 08시,금요일,강원도 춘천시 동면,경상사고,0,0,1,0,차대차 - 측면직각충돌,교차로운행방법위반,습기,흐림,교차로 - 교차로안,승용,남,23세,상해없음,승용,남,54세,경상
2013120600100122,2013년 12월 6일 08시,금요일,강원도 춘천시 후평동,중상사고,0,1,3,2,차대차 - 측면직각충돌,교차로운행방법위반,건조,맑음,교차로 - 교차로안,승용,여,38세,중상,승용,여,45세,경상
2013120600100123,2013년 12월 6일 08시,금요일,강원도 동해시 북평동,경상사고,0,0,2,0,차대차 - 기타,직진우회전진행방해,건조,맑음,교차로 - 교차로안,승용,여,38세,상해없음,승용,남,43세,경상