사고번호,사고일시,요일,시군구,사고내용,사망자수,중상자수,경상자수,부상신고자수,사고유형,법규위반,노면상태,기상상태,도로형태,가해운전자 차종,가해운전자 성별,가해운전자 연령,가해운전자 상해정도,피해운전자 차종,피해운전자 성별,피해운전자 연령,피해운전자 상해정도
2013121600100292,2013년 12월 16일 17시,월요일,강원도 강릉시 입암동,경상사고,0,0,2,0,차대차 - 기타,안전운전불이행,결빙,맑음,기타 - 기타,승용,여,47세,상해없음,승용,여,33세,경상
2013121600100293,2013년 12월 16일 17시,월요일,강원도 원주시 태장동,중상사고,0,1,0,0,차대사람 - 기타,안전운전불이행,건조,맑음,단일로 - 교량,화물,남,56세,상해없음,보행자,남,77세,중상
2013121600100294,2013년 12월 16일 17시,월요일,강원도 속초시 조양동,경상사고,0,0,2,0,차대차 - 추돌 - 진행중,안전운전불이행,건조,맑음,교차로 - 교차로부근,승용,남,65세,상해없음,승용,여,42세,경상
2013121600100295,2013년 12월 16일 17시,월요일,강원도 삼척시 원덕읍,중상사고,0,4,1,0,차대차 - 추돌 - 진행중,안전운전불이행,건조,흐림,단일로 - 기타,승용,남,26세,경상,승용,남,56세,중상
2013121600100339,2013년 12월 16일 18시,월요일,강원도 춘천시 효자동,경상사고,0,0,1,0,차대사람 - 기타,보행자보호의무위반,건조,맑음,단일로 - 횡단보도상,승용,남,66세,상해없음,보행자,남,22세,경상
2013121600100340,2013년 12월 16일 18시,월요일,강원도 원주시 단계동,경상사고,0,0,2,0,차대차 - 추돌 - 주정차중,안전거리미확보,건조,맑음,단일로 - 기타,화물,남,33세,상해없음,승용,여,48세,경상
2013121600100341,2013년 12월 16일 18시,월요일,강원도 원주시 단계동,중상사고,0,1,0,0,차대사람 - 횡단중,보행자보호의무위반,건조,맑음,단일로 - 횡단보도상,승용,남,42세,상해없음,보행자,여,42세,중상
2013121600100342,2013년 12월 16일 18시,월요일,강원도 삼척시 원덕읍,중상사고,0,2,2,0,차대차 - 기타,중앙선침범,건조,맑음,교차로 - 교차로부근,승용,여,55세,상해없음,화물,남,73세,중상
2013121600100343,2013년 12월 16일 18시,월요일,강원도 철원군 동송읍,중상사고,0,1,0,0,차대차 - 측면직각충돌,안전운전불이행,건조,맑음,교차로 - 교차로안,기타불명,기타불명,기타불명,기타불명,승용,여,47세,중상
2013121600100344,2013년 12월 16일 18시,월요일,강원도 동해시 천곡동,경상사고,0,0,1,0,차대차 - 기타,신호위반,건조,맑음,교차로 - 교차로안,승용,남,33세,상해없음,승용,남,49세,경상
2013121600100373,2013년 12월 16일 19시,월요일,강원도 원주시 단계동,경상사고,0,0,1,0,차대차 - 기타,신호위반,건조,맑음,교차로 - 교차로안,승용,여,48세,상해없음,승용,남,25세,경상
2013121600100397,2013년 12월 16일 20시,월요일,강원도 원주시 문막읍,경상사고,0,0,1,0,차대차 - 측면직각충돌,교차로운행방법위반,건조,맑음,교차로 - 교차로안,승용,여,45세,상해없음,이륜,남,44세,경상
2013121600100423,2013년 12월 16일 21시,월요일,강원도 동해시 부곡동,경상사고,0,0,1,0,차대사람 - 길가장자리구역통행중,안전운전불이행,건조,맑음,단일로 - 기타,승용,남,41세,상해없음,보행자,남,49세,경상
2013121600100457,2013년 12월 16일 22시,월요일,강원도 춘천시 효자동,경상사고,0,0,1,0,차대사람 - 기타,안전운전불이행,결빙,맑음,단일로 - 기타,승용,남,26세,상해없음,보행자,남,22세,경상
2013121600100458,2013년 12월 16일 22시,월요일,강원도 속초시 노학동,중상사고,0,1,1,0,차대차 - 측면직각충돌,안전운전불이행,건조,맑음,교차로 - 교차로안,승용,여,45세,상해없음,승용,여,42세,경상
2013121600100459,2013년 12월 16일 22시,월요일,강원도 속초시 조양동,경상사고,0,0,2,0,차대차 - 추돌 - 진행중,안전운전불이행,습기,맑음,단일로 - 기타,승용,남,22세,상해없음,승용,여,51세,경상
2013121600100484,2013년 12월 16일 23시,월요일,강원도 양구군 양구읍,중상사고,0,1,0,0,차대사람 - 기타,안전운전불이행,건조,맑음,단일로 - 기타,승용,남,45세,상해없음,보행자,남,19세,중상
2013121700100007,2013년 12월 17일 00시,화요일,강원도 춘천시 퇴계동,경상사고,0,0,3,0,차대차 - 측면직각충돌,신호위반,건조,흐림,교차로 - 교차로안,기타불명,기타불명,기타불명,기타불명,승용,남,41세,경상
2013121700100020,2013년 12월 17일 01시,화요일,강원도 원주시 단계동,중상사고,0,2,0,0,차대차 - 기타,중앙선침범,습기,흐림,교차로 - 교차로부근,승용,남,28세,상해없음,승용,남,50세,중상
2013121700100048,2013년 12월 17일 04시,화요일,강원도 강릉시 주문진읍,중상사고,0,1,0,0,차대사람 - 기타,안전운전불이행,건조,맑음,단일로 - 기타,화물,남,69세,상해없음,보행자,여,92세,중상
2013121700100116,2013년 12월 17일 08시,화요일,강원도 원주시 무실동,중상사고,0,1,1,0,차대차 - 추돌 - 주정차중,안전거리미확보,건조,맑음,단일로 - 기타,승용,남,47세,상해없음,승용,남,46세,중상
2013121700100154,2013년 12월 17일 09시,화요일,강원도 강릉시 강동면,경상사고,0,0,3,3,차량단독 - 공작물충돌,안전운전불이행,결빙,맑음,단일로 - 기타,승합,여,45세,상해없음,,,,
2013121700100155,2013년 12월 17일 09시,화요일,강원도 삼척시 원덕읍,경상사고,0,0,1,0,차대차 - 추돌 - 진행중,불법유턴,건조,맑음,단일로 - 기타,화물,남,60세,상해없음,건설기계,남,33세,경상
2013121700100290,2013년 12월 17일 15시,화요일,강원도 원주시 개운동,중상사고,0,1,0,0,차대차 - 추돌 - 진행중,안전운전불이행,건조,맑음,교차로 - 교차로부근,승용,여,51세,상해없음,승용,여,42세,중상
2013121700100320,2013년 12월 17일 16시,화요일,강원도 속초시 교동,경상사고,0,0,1,0,차대차 - 측면직각충돌,교차로운행방법위반,건조,맑음,단일로 - 기타,승용,여,44세,상해없음,승용,남,57세,경상
2013121700100355,2013년 12월 17일 17시,화요일,강원도 춘천시 석사동,경상사고,0,0,2,0,차대차 - 측면직각충돌,교차로운행방법위반,건조,맑음,교차로 - 교차로안,승합,남,58세,상해없음,승합,남,55세,상해없음
2013121700100356,2013년 12월 17일 17시,화요일,강원도 춘천시 효자동,경상사고,0,0,1,0,차대차 - 추돌 - 진행중,안전거리미확보,건조,맑음,단일로 - 기타,승용,여,40세,상해없음,승용,남,32세,경상
2013121700100357,2013년 12월 17일 17시,화요일,강원도 강릉시 입암동,중상사고,0,1,1,0,차대차 - 추돌 - 주정차중,안전운전불이행,건조,맑음,교차로 - 교차로안,승합,남,66세,상해없음,승용,남,41세,중상
2013121700100358,2013년 12월 17일 17시,화요일,강원도 원주시 봉산동,경상사고,0,0,1,0,차대차 - 기타,교차로운행방법위반,건조,맑음,교차로 - 교차로안,승용,남,60세,상해없음,승용,남,28세,경상
2013121700100359,2013년 12월 17일 17시,화요일,강원도 원주시 무실동,중상사고,0,1,2,0,차대차 - 추돌 - 주정차중,안전거리미확보,건조,맑음,교차로 - 교차로부근,승용,남,58세,상해없음,승용,여,53세,중상
2013121700100360,2013년 12월 17일 17시,화요일,강원도 원주시 태장동,경상사고,0,0,1,1,차대차 - 측면직각충돌,안전거리미확보,건조,맑음,교차로 - 교차로부근,승합,남,54세,상해없음,승용,여,26세,경상
2013121700100361,2013년 12월 17일 17시,화요일,강원도 양양군 양양읍,사망사고,1,0,0,0,차대사람 - 횡단중,안전운전불이행,습기,비,교차로 - 교차로부근,화물,남,20세,상해없음,보행자,여,67세,사망
2013121700100362,2013년 12월 17일 17시,화요일,강원도 화천군 간동면,부상신고사고,0,0,0,1,차대차 - 추돌 - 진행중,안전거리미확보,건조,기타,단일로 - 터널,화물,남,47세,상해없음,승용,남,20세,상해없음
2013121700100401,2013년 12월 17일 18시,화요일,강원도 강릉시 포남동,경상사고,0,0,1,0,차대차 - 추돌 - 진행중,신호위반,습기,비,교차로 - 교차로안,승합,여,31세,상해없음,승용,여,39세,경상
2013121700100447,2013년 12월 17일 19시,화요일,강원도 강릉시 포남동,경상사고,0,0,2,0,차대차 - 측면직각충돌,안전운전불이행,습기,비,단일로 - 기타,승용,남,23세,상해없음,승용,남,43세,경상
2013121700100448,2013년 12월 17일 19시,화요일,강원도 원주시 단구동,경상사고,0,0,1,0,차대차 - 측면직각충돌,안전운전불이행,건조,맑음,단일로 - 기타,승용,여,30세,상해없음,이륜,남,39세,경상
2013121700100449,2013년 12월 17일 19시,화요일,강원도 양양군 서면,경상사고,0,0,1,0,차대차 - 추돌 - 진행중,안전운전불이행,습기,흐림,단일로 - 기타,화물,남,61세,상해없음,건설기계,남,45세,경상
2013121700100481,2013년 12월 17일 20시,화요일,강원도 강릉시 금학동,중상사고,0,1,0,0,차대사람 - 횡단중,안전운전불이행,습기,비,교차로 - 교차로안,승용,남,31세,상해없음,보행자,남,59세,중상
2013121700100509,2013년 12월 17일 21시,화요일,강원도 원주시 단계동,경상사고,0,0,3,0,차대차 - 정면충돌,중앙선침범,건조,맑음,교차로 - 교차로안,화물,남,50세,상해없음,화물,남,56세,경상
2013121700100545,2013년 12월 17일 22시,화요일,강원도 철원군 동송읍,중상사고,0,1,2,0,차대차 - 측면직각충돌,교차로운행방법위반,습기,맑음,교차로 - 교차로안,화물,남,60세,상해없음,승용,남,26세,경상
2013121800100087,2013년 12월 18일 05시,수요일,강원도 춘천시 신북읍,사망사고,1,0,0,0,차량단독 - 공작물충돌,안전운전불이행,습기,맑음,단일로 - 기타,화물,남,53세,사망,,,,
2013121800100104,2013년 12월 18일 06시,수요일,강원도 원주시 호저면,경상사고,0,0,1,0,차대차 - 추돌 - 진행중,안전운전불이행,결빙,맑음,단일로 - 기타,승용,남,50세,상해없음,승용,남,47세,경상
2013121800100105,2013년 12월 18일 06시,수요일,강원도 강릉시 강동면,사망사고,4,25,7,0,차대차 - 추돌 - 주정차중,안전운전불이행,습기,눈,단일로 - 기타,승합,남,49세,사망,승합,남,43세,상해없음
2013121800100138,2013년 12월 18일 07시,수요일,강원도 동해시 발한동,경상사고,0,0,1,0,차대차 - 측면직각충돌,직진우회전진행방해,습기,비,교차로 - 교차로안,승용,남,42세,상해없음,승용,남,52세,경상
2013121800100162,2013년 12월 18일 08시,수요일,강원도 강릉시 강동면,중상사고,0,1,0,0,차량단독 - 도로외이탈 - 추락,안전운전불이행,결빙,눈,단일로 - 기타,승용,여,55세,상해없음,,,,
2013121800100163,2013년 12월 18일 08시,수요일,강원도 삼척시 남양동,경상사고,0,0,1,0,차대차 - 추돌 - 주정차중,안전운전불이행,건조,맑음,단일로 - 기타,승용,남,28세,상해없음,승용,여,35세,경상
2013121800100164,2013년 12월 18일 08시,수요일,강원도 화천군 간동면,경상사고,0,0,2,0,차대차 - 기타,안전운전불이행,건조,맑음,단일로 - 기타,화물,남,81세,상해없음,화물,남,73세,경상
2013121800100202,2013년 12월 18일 09시,수요일,강원도 원주시 평원동,경상사고,0,0,1,0,차대차 - 기타,안전거리미확보,건조,맑음,단일로 - 기타,승합,남,47세,상해없음,승용,남,47세,경상
2013121800100203,2013년 12월 18일 09시,수요일,강원도 정선군 정선읍,경상사고,0,0,1,0,차대차 - 측면직각충돌,안전운전불이행,습기,흐림,교차로 - 교차로안,특수,남,55세,상해없음,승용,남,21세,경상
2013121800100263,2013년 12월 18일 11시,수요일,강원도 원주시 문막읍,중상사고,0,1,1,0,차대차 - 측면직각충돌,신호위반,건조,맑음,교차로 - 교차로안,승용,여,54세,경상,승용,남,63세,중상
2013121800100304,2013년 12월 18일 13시,수요일,강원도 원주시 일산동,중상사고,0,1,0,0,차대차 - 기타,직진우회전진행방해,건조,맑음,교차로 - 교차로안,기타불명,기타불명,기타불명,기타불명,승합,남,38세,상해없음
2013121800100305,2013년 12월 18일 13시,수요일,강원도 철원군 동송읍,경상사고,0,0,2,0,차대차 - 측면직각충돌,교차로운행방법위반,건조,맑음,교차로 - 교차로안,승용,남,56세,상해없음,승용,여,49세,경상
2013121800100329,2013년 12월 18일 14시,수요일,강원도 평창군 대화면,중상사고,0,1,2,0,차대차 - 추돌 - 주정차중,과속,건조,맑음,단일로 - 기타,건설기계,남,45세,경상,승용,남,57세,경상
2013121800100330,2013년 12월 18일 14시,수요일,강원도 태백시 황지동,경상사고,0,0,1,0,차대차 - 기타,안전운전불이행,습기,눈,교차로 - 교차로안,승용,남,53세,상해없음,원동기,남,21세,경상
2013121800100331,2013년 12월 18일 14시,수요일,강원도 횡성군 횡성읍,중상사고,0,1,0,0,차대차 - 기타,교차로운행방법위반,건조,맑음,교차로 - 교차로안,승용,남,71세,상해없음,화물,남,72세,중상
2013121800100351,2013년 12월 18일 15시,수요일,강원도 춘천시 우두동,경상사고,0,0,1,0,차대사람 - 기타,안전운전불이행,건조,맑음,단일로 - 기타,승용,여,40세,상해없음,보행자,여,82세,경상
2013121800100352,2013년 12월 18일 15시,수요일,강원도 양양군 손양면,사망사고,1,0,0,0,차량단독 - 공작물충돌,안전운전불이행,습기,흐림,단일로 - 기타,승용,남,54세,사망,,,,
2013121800100353,2013년 12월 18일 15시,수요일,강원도 속초시 청호동,경상사고,0,0,1,0,차대차 - 측면직각충돌,불법유턴,건조,맑음,단일로 - 교량,승용,남,42세,상해없음,승용,남,44세,경상
2013121800100354,2013년 12월 18일 15시,수요일,강원도 삼척시 신기면,중상사고,0,1,0,0,차량단독 - 도로외이탈 - 추락,안전운전불이행,적설,눈,단일로 - 기타,승용,여,52세,중상,,,,
2013121800100410,2013년 12월 18일 17시,수요일,강원도 강릉시 옥천동,중상사고,0,1,0,0,차대사람 - 기타,안전운전불이행,건조,맑음,교차로 - 교차로부근,원동기,남,60세,상해없음,보행자,여,73세,중상
2013121800100411,2013년 12월 18일 17시,수요일,강원도 원주시 단계동,경상사고,0,0,2,0,차대차 - 측면직각충돌,교차로운행방법위반,건조,맑음,교차로 - 교차로안,승용,남,46세,상해없음,승용,남,68세,경상
2013121800100412,2013년 12월 18일 17시,수요일,강원도 원주시 명륜동,경상사고,0,0,1,0,차대차 - 측면직각충돌,차로위반,건조,맑음,기타 - 기타,승합,남,48세,상해없음,승용,남,20세,경상
2013121800100413,2013년 12월 18일 17시,수요일,강원도 속초시 조양동,경상사고,0,0,1,0,차대차 - 추돌 - 진행중,교차로운행방법위반,건조,맑음,교차로 - 교차로안,승용,남,63세,상해없음,화물,남,42세,경상
2013121800100462,2013년 12월 18일 18시,수요일,강원도 춘천시 동면,경상사고,0,0,1,0,차대차 - 기타,교차로운행방법위반,건조,맑음,교차로 - 교차로안,승용,남,57세,상해없음,승용,남,41세,경상
2013121800100463,2013년 12월 18일 18시,수요일,강원도 춘천시 온의동,경상사고,0,0,1,0,차대사람 - 기타,안전운전불이행,결빙,흐림,기타 - 기타,화물,남,66세,상해없음,보행자,남,30세,경상
2013121800100464,2013년 12월 18일 18시,수요일,강원도 인제군 북면,중상사고,0,1,0,0,차대사람 - 길가장자리구역통행중,중앙선침범,건조,맑음,단일로 - 기타,화물,남,67세,상해없음,보행자,남,51세,중상
2013121800100539,2013년 12월 18일 20시,수요일,강원도 춘천시 효자동,경상사고,0,0,3,0,차대차 - 기타,안전운전불이행,습기,흐림,단일로 - 기타,승용,남,32세,상해없음,승합,남,56세,경상
2013121800100581,2013년 12월 18일 21시,수요일,강원도 강릉시 사천면,경상사고,0,0,1,0,차대차 - 측면직각충돌,신호위반,건조,맑음,교차로 - 교차로안,승용,남,32세,상해없음,승용,여,39세,경상
2013121800100582,2013년 12월 18일 21시,수요일,강원도 강릉시 입암동,중상사고,0,1,0,0,차대사람 - 기타,안전운전불이행,건조,맑음,단일로 - 기타,승용,남,25세,상해없음,보행자,여,51세,중상
2013121800100583,2013년 12월 18일 21시,수요일,강원도 원주시 명륜동,중상사고,0,1,0,0,차대사람 - 보도통행중,신호위반,건조,맑음,단일로 - 횡단보도상,승용,남,40세,상해없음,보행자,남,13세,중상
2013121800100618,2013년 12월 18일 22시,수요일,강원도 원주시 단구동,경상사고,0,0,4,0,차대차 - 추돌 - 진행중,안전운전불이행,건조,맑음,교차로 - 교차로부근,화물,남,57세,상해없음,승용,남,47세,경상
2013121800100659,2013년 12월 18일 23시,수요일,강원도 춘천시 운교동,중상사고,0,2,4,0,차대사람 - 기타,보행자보호의무위반,건조,맑음,단일로 - 횡단보도상,승용,남,31세,기타불명,보행자,남,39세,중상
2013121900100046,2013년 12월 19일 01시,목요일,강원도 원주시 단계동,경상사고,0,0,2,0,차대차 - 추돌 - 주정차중,교차로운행방법위반,건조,맑음,교차로 - 교차로안,승용,여,40세,상해없음,승용,남,45세,경상
2013121900100047,2013년 12월 19일 01시,목요일,강원도 속초시 조양동,경상사고,0,0,4,0,차대차 - 추돌 - 주정차중,안전운전불이행,습기,흐림,교차로 - 교차로부근,승용,남,39세,상해없음,승용,남,47세,경상
2013121900100067,2013년 12월 19일 02시,목요일,강원도 춘천시 효자동,경상사고,0,0,2,0,차대차 - 추돌 - 주정차중,안전운전불이행,습기,눈,단일로 - 기타,승용,여,51세,상해없음,승용,남,55세,경상
2013121900100099,2013년 12월 19일 05시,목요일,강원도 동해시 천곡동,중상사고,0,1,0,0,차대사람 - 기타,안전운전불이행,건조,맑음,교차로 - 교차로안,승용,남,59세,상해없음,보행자,여,80세,중상
2013121900100140,2013년 12월 19일 07시,목요일,강원도 강릉시 강동면,사망사고,1,0,0,0,차대차 - 정면충돌,중앙선침범,건조,맑음,단일로 - 기타,승용,여,52세,상해없음,승용,여,72세,사망
2013121900100189,2013년 12월 19일 08시,목요일,강원도 양양군 양양읍,경상사고,0,0,3,0,차대차 - 추돌 - 주정차중,안전운전불이행,건조,맑음,단일로 - 기타,승용,여,28세,상해없음,승용,남,61세,경상
2013121900100190,2013년 12월 19일 08시,목요일,강원도 평창군 대관령면,중상사고,0,1,1,0,차대차 - 정면충돌,안전운전불이행,결빙,맑음,단일로 - 기타,승용,남,43세,상해없음,승용,남,27세,중상
2013121900100219,2013년 12월 19일 09시,목요일,강원도 춘천시 남면,경상사고,0,0,2,0,차대차 - 측면직각충돌,중앙선침범,습기,흐림,단일로 - 기타,승용,남,66세,상해없음,승합,남,41세,경상
2013121900100220,2013년 12월 19일 09시,목요일,강원도 홍천군 서석면,중상사고,0,1,0,0,차대차 - 기타,중앙선침범,결빙,맑음,기타 - 기타,승용,남,44세,상해없음,승용,남,56세,중상
2013121900100273,2013년 12월 19일 12시,목요일,강원도 영월군 영월읍,부상신고사고,0,0,0,1,차대사람 - 차도통행중,안전운전불이행,건조,맑음,단일로 - 기타,기타불명,기타불명,기타불명,기타불명,보행자,여,16세,부상신고
2013121900100299,2013년 12월 19일 13시,목요일,강원도 춘천시 효자동,중상사고,0,1,0,0,차대차 - 측면직각충돌,안전운전불이행,건조,맑음,단일로 - 기타,승용,남,71세,상해없음,자전거,남,73세,중상
2013121900100314,2013년 12월 19일 14시,목요일,강원도 춘천시 효자동,경상사고,0,0,1,0,차대차 - 측면직각충돌,안전거리미확보,건조,맑음,교차로 - 교차로부근,승용,여,65세,상해없음,승용,남,54세,경상
2013121900100339,2013년 12월 19일 15시,목요일,강원도 홍천군 북방면,중상사고,0,1,0,0,차대사람 - 기타,안전운전불이행,건조,맑음,단일로 - 기타,화물,남,35세,상해없음,보행자,여,12세,중상
2013121900100340,2013년 12월 19일 15시,목요일,강원도 동해시 발한동,경상사고,0,0,1,0,차대차 - 기타,안전운전불이행,건조,맑음,교차로 - 교차로부근,승용,남,41세,상해없음,승용,남,71세,경상
2013121900100370,2013년 12월 19일 16시,목요일,강원도 철원군 동송읍,경상사고,0,0,1,0,차대차 - 측면직각충돌,중앙선침범,적설,흐림,단일로 - 기타,승용,남,40세,상해없음,화물,남,46세,경상
2013121900100402,2013년 12월 19일 17시,목요일,강원도 춘천시 후평동,중상사고,0,1,0,0,차대차 - 측면직각충돌,안전운전불이행,건조,맑음,교차로 - 교차로안,승용,남,55세,상해없음,승용,여,33세,중상
2013121900100438,2013년 12월 19일 18시,목요일,강원도 춘천시 온의동,경상사고,0,0,1,0,차대차 - 측면직각충돌,안전운전불이행,건조,맑음,교차로 - 교차로안,승용,남,46세,상해없음,승용,여,56세,경상
2013121900100482,2013년 12월 19일 19시,목요일,강원도 강릉시 강문동,중상사고,0,2,0,0,차대차 - 기타,안전운전불이행,건조,맑음,교차로 - 교차로부근,승용,남,44세,기타불명,승용,남,65세,중상
2013121900100585,2013년 12월 19일 22시,목요일,강원도 춘천시 효자동,경상사고,0,0,1,0,차대사람 - 기타,보행자보호의무위반,건조,맑음,단일로 - 기타,승용,남,39세,상해없음,보행자,여,26세,경상
2013122000100136,2013년 12월 20일 07시,금요일,강원도 원주시 우산동,경상사고,0,0,3,0,차대차 - 측면직각충돌,직진우회전진행방해,결빙,맑음,교차로 - 교차로안,승용,여,58세,상해없음,승용,남,37세,경상
2013122000100137,2013년 12월 20일 07시,금요일,강원도 춘천시 남면,경상사고,0,0,1,0,차대차 - 측면직각충돌,안전운전불이행,건조,흐림,단일로 - 기타,화물,남,27세,상해없음,화물,남,56세,경상
2013122000100170,2013년 12월 20일 08시,금요일,강원도 속초시 교동,경상사고,0,0,2,0,차대차 - 측면직각충돌,안전운전불이행,적설,눈,교차로 - 교차로부근,승용,남,36세,상해없음,승용,남,44세,상해없음
2013122000100171,2013년 12월 20일 08시,금요일,강원도 고성군 죽왕면,경상사고,0,0,1,0,차대차 - 추돌 - 주정차중,안전운전불이행,적설,흐림,교차로 - 교차로부근,승용,남,55세,상해없음,승용,남,21세,경상
2013122000100204,2013년 12월 20일 09시,금요일,강원도 원주시 무실동,경상사고,0,0,1,0,차대차 - 정면충돌,안전운전불이행,결빙,맑음,단일로 - 기타,승용,남,41세,상해없음,승용,남,33세,경상
2013122000100255,2013년 12월 20일 12시,금요일,강원도 춘천시 석사동,경상사고,0,0,7,1,차대차 - 추돌 - 주정차중,안전운전불이행,건조,맑음,단일로 - 교량,화물,남,72세,상해없음,승용,남,43세,경상
2013122000100256,2013년 12월 20일 12시,금요일,강원도 평창군 평창읍,중상사고,0,1,0,0,차대차 - 측면직각충돌,안전운전불이행,건조,맑음,교차로 - 교차로안,승용,여,45세,상해없음,자전거,여,59세,중상
2013122000100281,2013년 12월 20일 13시,금요일,강원도 춘천시 동내면,경상사고,0,0,3,0,차대차 - 추돌 - 주정차중,안전운전불이행,건조,맑음,단일로 - 기타,승용,여,44세,상해없음,화물,남,41세,경상
2013122000100282,2013년 12월 20일 13시,금요일,강원도 강릉시 옥천동,경상사고,0,0,1,0,차대차 - 기타,안전운전불이행,습기,맑음,교차로 - 교차로안,승용,남,67세,상해없음,승용,남,35세,상해없음
2013122000100283,2013년 12월 20일 13시,금요일,강원도 강릉시 교동,경상사고,0,0,1,0,차대차 - 측면직각충돌,중앙선침범,건조,맑음,단일로 - 기타,승용,여,47세,상해없음,승용,남,65세,경상
2013122000100309,2013년 12월 20일 14시,금요일,강원도 춘천시 효자동,경상사고,0,0,1,0,차대차 - 측면직각충돌,안전운전불이행,건조,맑음,교차로 - 교차로안,승용,여,55세,상해없음,승용,남,38세,경상
2013122000100310,2013년 12월 20일 14시,금요일,강원도 춘천시 근화동,경상사고,0,0,1,0,차대차 - 추돌 - 진행중,신호위반,건조,맑음,교차로 - 교차로안,승용,남,49세,상해없음,화물,남,52세,경상
2013122000100328,2013년 12월 20일 15시,금요일,강원도 속초시 동명동,경상사고,0,0,1,0,차대차 - 추돌 - 주정차중,안전운전불이행,건조,맑음,교차로 - 교차로부근,승용,남,25세,상해없음,승용,남,35세,경상
2013122000100366,2013년 12월 20일 16시,금요일,강원도 춘천시 동내면,부상신고사고,0,0,0,2,차대차 - 측면직각충돌,안전운전불이행,결빙,흐림,단일로 - 기타,화물,남,39세,부상신고,화물,남,60세,부상신고
2013122000100367,2013년 12월 20일 16시,금요일,강원도 홍천군 북방면,경상사고,0,0,1,1,차대차 - 측면직각충돌,교차로운행방법위반,건조,맑음,교차로 - 교차로안,승용,여,33세,부상신고,화물,남,57세,경상
2013122000100400,2013년 12월 20일 17시,금요일,강원도 원주시 문막읍,경상사고,0,0,2,0,차대차 - 측면직각충돌,신호위반,건조,맑음,교차로 - 교차로안,승용,여,54세,상해없음,승용,여,31세,경상
2013122000100401,2013년 12월 20일 17시,금요일,강원도 평창군 대화면,경상사고,0,0,1,0,차대차 - 측면직각충돌,안전운전불이행,건조,맑음,교차로 - 교차로안,화물,남,56세,상해없음,화물,남,39세,경상
2013122000100452,2013년 12월 20일 18시,금요일,강원도 춘천시 동내면,경상사고,0,0,1,0,차대사람 - 기타,안전운전불이행,건조,맑음,교차로 - 교차로안,승용,여,64세,상해없음,보행자,여,19세,경상
2013122000100453,2013년 12월 20일 18시,금요일,강원도 원주시 관설동,중상사고,0,1,0,0,차대사람 - 차도통행중,안전운전불이행,건조,맑음,교차로 - 교차로부근,승합,여,45세,상해없음,보행자,남,35세,중상
2013122000100454,2013년 12월 20일 18시,금요일,강원도 삼척시 원덕읍,중상사고,0,1,0,0,차대사람 - 길가장자리구역통행중,안전운전불이행,건조,맑음,교차로 - 교차로부근,특수,남,32세,상해없음,보행자,남,50세,중상
2013122000100492,2013년 12월 20일 19시,금요일,강원도 춘천시 약사동,경상사고,0,0,1,0,차대차 - 측면직각충돌,안전운전불이행,건조,맑음,교차로 - 교차로안,기타불명,기타불명,기타불명,기타불명,이륜,남,20세,경상
2013122000100493,2013년 12월 20일 19시,금요일,강원도 춘천시 칠전동,경상사고,0,0,1,0,차대차 - 추돌 - 진행중,안전거리미확보,적설,맑음,교차로 - 교차로부근,승합,남,34세,상해없음,승용,남,46세,경상
2013122000100494,2013년 12월 20일 19시,금요일,강원도 동해시 동회동,경상사고,0,0,2,0,차대차 - 기타,중앙선침범,건조,흐림,단일로 - 기타,승용,남,21세,상해없음,승용,남,48세,경상
2013122000100536,2013년 12월 20일 20시,금요일,강원도 원주시 단계동,중상사고,0,1,0,0,차대사람 - 횡단중,보행자보호의무위반,건조,맑음,단일로 - 횡단보도상,화물,여,48세,상해없음,보행자,남,60세,중상
2013122000100573,2013년 12월 20일 21시,금요일,강원도 원주시 관설동,경상사고,0,0,1,0,차대차 - 기타,직진우회전진행방해,건조,맑음,교차로 - 교차로안,승용,남,57세,상해없음,이륜,남,16세,경상
2013122000100617,2013년 12월 20일 22시,금요일,강원도 춘천시 퇴계동,경상사고,0,0,5,0,차대차 - 측면직각충돌,중앙선침범,건조,맑음,단일로 - 기타,승용,남,58세,상해없음,승용,남,42세,경상
2013122000100618,2013년 12월 20일 22시,금요일,강원도 원주시 원동,중상사고,0,1,0,0,차대사람 - 길가장자리구역통행중,안전운전불이행,건조,맑음,단일로 - 기타,승용,남,54세,상해없음,보행자,남,62세,중상
2013122000100619,2013년 12월 20일 22시,금요일,강원도 원주시 단구동,경상사고,0,0,2,0,차대차 - 기타,안전거리미확보,건조,맑음,단일로 - 기타,승용,여,48세,상해없음,승용,남,52세,상해없음
2013122000100620,2013년 12월 20일 22시,금요일,강원도 원주시 단계동,경상사고,0,0,1,0,차대차 - 기타,교차로운행방법위반,건조,흐림,교차로 - 교차로안,승용,남,34세,상해없음,승용,남,25세,경상
2013122000100621,2013년 12월 20일 22시,금요일,강원도 홍천군 홍천읍,중상사고,0,1,0,0,차대사람 - 기타,안전운전불이행,건조,맑음,단일로 - 기타,승용,기타불명,기타불명,기타불명,보행자,남,52세,중상
2013122000100622,2013년 12월 20일 22시,금요일,강원도 동해시 효가동,중상사고,0,1,2,0,차대차 - 추돌 - 주정차중,안전운전불이행,습기,눈,교차로 - 교차로부근,승용,남,43세,중상,승용,남,29세,경상