사고번호,사고일시,요일,시군구,사고내용,사망자수,중상자수,경상자수,부상신고자수,사고유형,법규위반,노면상태,기상상태,도로형태,가해운전자 차종,가해운전자 성별,가해운전자 연령,가해운전자 상해정도,피해운전자 차종,피해운전자 성별,피해운전자 연령,피해운전자 상해정도
2013122600100222,2013년 12월 26일 12시,목요일,강원도 태백시 혈동,중상사고,0,2,1,0,차대차 - 기타,중앙선침범,건조,맑음,단일로 - 기타,승용,남,47세,상해없음,화물,남,57세,중상
2013122600100277,2013년 12월 26일 14시,목요일,강원도 춘천시 후평동,경상사고,0,0,1,0,차대차 - 측면직각충돌,신호위반,건조,맑음,교차로 - 교차로안,승용,남,49세,상해없음,승용,여,39세,경상
2013122600100297,2013년 12월 26일 15시,목요일,강원도 강릉시 교동,경상사고,0,0,3,0,차대차 - 측면직각충돌,직진우회전진행방해,건조,맑음,교차로 - 교차로안,승용,여,49세,경상,승용,남,58세,경상
2013122600100325,2013년 12월 26일 16시,목요일,강원도 강릉시 포남동,부상신고사고,0,0,0,1,차대차 - 측면직각충돌,안전운전불이행,건조,맑음,단일로 - 기타,기타불명,기타불명,기타불명,기타불명,자전거,남,9세,부상신고
2013122600100326,2013년 12월 26일 16시,목요일,강원도 고성군 거진읍,중상사고,0,1,0,0,차대차 - 측면직각충돌,중앙선침범,건조,흐림,교차로 - 교차로부근,화물,남,45세,상해없음,승용,남,39세,중상
2013122600100396,2013년 12월 26일 18시,목요일,강원도 원주시 단계동,중상사고,0,1,1,0,차대차 - 측면직각충돌,신호위반,습기,흐림,교차로 - 교차로안,화물,남,41세,상해없음,승용,남,65세,경상
2013122600100440,2013년 12월 26일 19시,목요일,강원도 원주시 가현동,경상사고,0,0,2,0,차대차 - 추돌 - 진행중,안전운전불이행,건조,맑음,단일로 - 기타,승용,남,38세,상해없음,승용,남,38세,경상
2013122600100465,2013년 12월 26일 20시,목요일,강원도 원주시 단계동,경상사고,0,0,2,0,차대차 - 기타,신호위반,건조,맑음,교차로 - 교차로안,승용,여,31세,상해없음,승용,남,50세,경상
2013122600100522,2013년 12월 26일 22시,목요일,강원도 춘천시 효자동,경상사고,0,0,1,0,차대사람 - 기타,안전운전불이행,건조,맑음,단일로 - 기타,승용,남,44세,상해없음,보행자,남,15세,경상
2013122600100523,2013년 12월 26일 22시,목요일,강원도 춘천시 퇴계동,경상사고,0,0,2,0,차대차 - 측면직각충돌,교차로운행방법위반,건조,맑음,교차로 - 교차로안,승용,여,48세,기타불명,승용,여,46세,경상
2013122600100524,2013년 12월 26일 22시,목요일,강원도 원주시 단계동,경상사고,0,0,1,0,차대차 - 추돌 - 주정차중,안전운전불이행,건조,흐림,교차로 - 교차로부근,승용,남,54세,상해없음,승용,여,54세,경상
2013122700100012,2013년 12월 27일 00시,금요일,강원도 삼척시 원덕읍,중상사고,0,1,0,0,차량단독 - 공작물충돌,안전운전불이행,건조,맑음,단일로 - 기타,승용,남,31세,중상,,,,
2013122700100108,2013년 12월 27일 08시,금요일,강원도 원주시 문막읍,경상사고,0,0,1,0,차대차 - 정면충돌,안전운전불이행,건조,맑음,단일로 - 기타,특수,남,51세,상해없음,특수,남,50세,경상
2013122700100204,2013년 12월 27일 12시,금요일,강원도 강릉시 성산면,경상사고,0,0,2,0,차대차 - 측면직각충돌,중앙선침범,건조,흐림,단일로 - 기타,승용,여,38세,상해없음,승용,남,50세,경상
2013122700100205,2013년 12월 27일 12시,금요일,강원도 강릉시 옥천동,중상사고,0,1,0,0,차대차 - 측면직각충돌,안전운전불이행,기타,기타,교차로 - 교차로안,승용,여,47세,상해없음,이륜,남,47세,중상
2013122700100206,2013년 12월 27일 12시,금요일,강원도 속초시 노학동,경상사고,0,0,1,0,차대차 - 측면직각충돌,교차로운행방법위반,건조,맑음,교차로 - 교차로안,승용,남,67세,상해없음,승용,남,67세,상해없음
2013122700100207,2013년 12월 27일 12시,금요일,강원도 동해시 평릉동,경상사고,0,0,1,0,차대차 - 측면직각충돌,신호위반,건조,맑음,교차로 - 교차로안,승용,남,73세,상해없음,승용,남,44세,경상
2013122700100250,2013년 12월 27일 14시,금요일,강원도 원주시 단계동,경상사고,0,0,1,0,차대차 - 기타,신호위반,건조,맑음,교차로 - 교차로안,승용,남,31세,상해없음,자전거,남,10세,경상
2013122700100251,2013년 12월 27일 14시,금요일,강원도 원주시 무실동,경상사고,0,0,1,0,차대사람 - 기타,보행자보호의무위반,건조,맑음,교차로 - 교차로부근,기타불명,기타불명,기타불명,기타불명,보행자,여,13세,경상
2013122700100252,2013년 12월 27일 14시,금요일,강원도 동해시 효가동,경상사고,0,0,1,0,차대사람 - 기타,안전운전불이행,건조,맑음,단일로 - 기타,화물,남,42세,상해없음,보행자,남,53세,경상
2013122700100278,2013년 12월 27일 15시,금요일,강원도 평창군 용평면,중상사고,0,1,1,0,차대차 - 추돌 - 진행중,안전운전불이행,건조,맑음,기타 - 기타,승용,남,42세,상해없음,승용,여,66세,중상
2013122700100297,2013년 12월 27일 16시,금요일,강원도 춘천시 퇴계동,경상사고,0,0,1,0,차대차 - 추돌 - 진행중,안전거리미확보,건조,맑음,단일로 - 기타,승용,여,53세,상해없음,승용,남,55세,경상
2013122700100298,2013년 12월 27일 16시,금요일,강원도 춘천시 온의동,경상사고,0,0,1,0,차대차 - 추돌 - 주정차중,안전운전불이행,건조,맑음,단일로 - 기타,승용,남,78세,상해없음,승용,남,75세,경상
2013122700100299,2013년 12월 27일 16시,금요일,강원도 원주시 단계동,경상사고,0,0,1,0,차대차 - 추돌 - 주정차중,안전운전불이행,건조,맑음,교차로 - 교차로부근,승용,여,63세,상해없음,특수,남,40세,경상
2013122700100360,2013년 12월 27일 18시,금요일,강원도 춘천시 조양동,경상사고,0,0,1,0,차대차 - 추돌 - 진행중,안전거리미확보,건조,맑음,단일로 - 기타,승용,남,56세,상해없음,승용,여,42세,경상
2013122700100439,2013년 12월 27일 20시,금요일,강원도 원주시 단구동,경상사고,0,0,1,0,차대차 - 측면직각충돌,안전운전불이행,건조,맑음,단일로 - 기타,화물,남,58세,상해없음,승용,남,50세,경상
2013122700100440,2013년 12월 27일 20시,금요일,강원도 횡성군 둔내면,중상사고,0,1,4,0,차대차 - 추돌 - 진행중,안전운전불이행,습기,맑음,단일로 - 기타,승용,남,18세,상해없음,승용,남,49세,중상
2013122700100476,2013년 12월 27일 21시,금요일,강원도 원주시 단계동,중상사고,0,1,2,1,차대차 - 추돌 - 주정차중,안전운전불이행,건조,맑음,단일로 - 기타,승용,여,30세,경상,승용,남,47세,중상
2013122700100549,2013년 12월 27일 23시,금요일,강원도 속초시 조양동,경상사고,0,0,1,0,차대차 - 측면직각충돌,안전운전불이행,건조,맑음,단일로 - 기타,승용,남,33세,상해없음,원동기,남,18세,경상
2013122800100020,2013년 12월 28일 00시,토요일,강원도 춘천시 온의동,경상사고,0,0,2,0,차대차 - 측면직각충돌,안전운전불이행,건조,맑음,교차로 - 교차로안,승용,남,53세,상해없음,승용,남,33세,경상
2013122800100159,2013년 12월 28일 07시,토요일,강원도 원주시 단계동,경상사고,0,0,1,0,차대차 - 측면직각충돌,안전운전불이행,건조,맑음,단일로 - 기타,승용,남,28세,상해없음,승용,남,30세,경상
2013122800100175,2013년 12월 28일 08시,토요일,강원도 철원군 서면,중상사고,0,1,1,0,차대차 - 측면직각충돌,교차로운행방법위반,건조,맑음,교차로 - 교차로안,승용,여,45세,상해없음,화물,남,52세,경상
2013122800100261,2013년 12월 28일 12시,토요일,강원도 속초시 동명동,중상사고,0,1,0,0,차대사람 - 횡단중,안전운전불이행,건조,맑음,단일로 - 기타,승용,남,36세,상해없음,보행자,남,57세,중상
2013122800100291,2013년 12월 28일 13시,토요일,강원도 춘천시 온의동,경상사고,0,0,1,1,차대차 - 기타,안전거리미확보,습기,맑음,단일로 - 기타,승용,여,49세,상해없음,승용,남,57세,상해없음
2013122800100292,2013년 12월 28일 13시,토요일,강원도 속초시 교동,중상사고,0,1,0,0,차대사람 - 횡단중,안전운전불이행,건조,맑음,단일로 - 기타,승용,남,70세,상해없음,보행자,여,68세,중상
2013122800100293,2013년 12월 28일 13시,토요일,강원도 영월군 영월읍,부상신고사고,0,0,0,1,차대차 - 측면직각충돌,교차로운행방법위반,건조,맑음,교차로 - 교차로안,승합,남,26세,상해없음,승용,남,60세,상해없음
2013122800100316,2013년 12월 28일 14시,토요일,강원도 원주시 태장동,경상사고,0,0,1,0,차대사람 - 기타,안전운전불이행,건조,맑음,단일로 - 기타,승용,여,34세,상해없음,보행자,여,69세,경상
2013122800100317,2013년 12월 28일 14시,토요일,강원도 홍천군 홍천읍,경상사고,0,0,1,0,차대사람 - 기타,보행자보호의무위반,건조,맑음,교차로 - 교차로부근,화물,남,37세,상해없음,보행자,여,67세,경상
2013122800100366,2013년 12월 28일 16시,토요일,강원도 정선군 고한읍,사망사고,1,1,1,0,차대차 - 측면직각충돌,중앙선침범,건조,맑음,단일로 - 기타,승용,여,36세,중상,승합,남,38세,경상
2013122800100430,2013년 12월 28일 18시,토요일,강원도 춘천시 동면,경상사고,0,0,1,2,차대차 - 기타,중앙선침범,건조,맑음,기타 - 기타,승용,여,41세,상해없음,승용,남,56세,경상
2013122800100431,2013년 12월 28일 18시,토요일,강원도 원주시 개운동,경상사고,0,0,1,0,차대차 - 측면직각충돌,안전거리미확보,건조,맑음,단일로 - 기타,승용,남,57세,상해없음,이륜,남,57세,경상
2013122800100432,2013년 12월 28일 18시,토요일,강원도 속초시 교동,경상사고,0,0,1,0,차대사람 - 횡단중,안전운전불이행,건조,맑음,단일로 - 기타,승용,남,65세,상해없음,보행자,여,60세,경상
2013122800100469,2013년 12월 28일 19시,토요일,강원도 원주시 단계동,경상사고,0,0,1,0,차대차 - 기타,안전운전불이행,건조,맑음,교차로 - 교차로부근,승용,남,49세,상해없음,승용,남,28세,경상
2013122800100470,2013년 12월 28일 19시,토요일,강원도 원주시 명륜동,경상사고,0,0,1,0,차대차 - 기타,안전운전불이행,건조,맑음,단일로 - 기타,승용,남,55세,상해없음,이륜,남,55세,경상
2013122800100499,2013년 12월 28일 20시,토요일,강원도 철원군 동송읍,경상사고,0,0,1,0,차대사람 - 보도통행중,기타,건조,맑음,단일로 - 기타,승용,남,57세,상해없음,보행자,남,23세,경상
2013122800100555,2013년 12월 28일 22시,토요일,강원도 춘천시 온의동,경상사고,0,0,1,0,차대사람 - 횡단중,보행자보호의무위반,건조,맑음,단일로 - 횡단보도상,자전거,남,21세,상해없음,보행자,여,53세,경상
2013122800100556,2013년 12월 28일 22시,토요일,강원도 속초시 장사동,경상사고,0,0,1,0,차대차 - 측면직각충돌,안전운전불이행,건조,맑음,단일로 - 기타,승용,남,33세,상해없음,승용,남,22세,경상
2013122800100578,2013년 12월 28일 23시,토요일,강원도 원주시 단계동,중상사고,0,1,0,0,차대차 - 추돌 - 진행중,안전운전불이행,건조,맑음,단일로 - 기타,승용,남,18세,상해없음,승용,남,47세,중상
2013122900100007,2013년 12월 29일 00시,일요일,강원도 원주시 단계동,중상사고,0,3,0,0,차대차 - 기타,안전운전불이행,건조,맑음,단일로 - 기타,승용,남,43세,상해없음,승용,남,23세,중상
2013122900100029,2013년 12월 29일 01시,일요일,강원도 춘천시 석사동,경상사고,0,0,2,0,차대차 - 추돌 - 진행중,안전운전불이행,건조,맑음,교차로 - 교차로부근,승용,남,32세,상해없음,승용,여,25세,경상
2013122900100030,2013년 12월 29일 01시,일요일,강원도 원주시 단계동,경상사고,0,0,2,0,차대차 - 기타,안전운전불이행,건조,맑음,단일로 - 기타,승용,남,29세,상해없음,승용,남,22세,경상
2013122900100031,2013년 12월 29일 01시,일요일,강원도 원주시 단계동,경상사고,0,0,1,0,차대사람 - 기타,안전운전불이행,건조,맑음,단일로 - 기타,승용,남,29세,상해없음,보행자,여,23세,경상
2013122900100060,2013년 12월 29일 02시,일요일,강원도 춘천시 남면,경상사고,0,0,4,0,차대차 - 측면직각충돌,중앙선침범,건조,흐림,단일로 - 기타,승용,남,31세,상해없음,승용,남,28세,경상
2013122900100099,2013년 12월 29일 05시,일요일,강원도 춘천시 석사동,경상사고,0,0,1,0,차대차 - 측면직각충돌,교차로운행방법위반,건조,맑음,교차로 - 교차로안,승용,남,48세,상해없음,승용,남,55세,경상
2013122900100125,2013년 12월 29일 07시,일요일,강원도 춘천시 석사동,경상사고,0,0,1,2,차대차 - 측면직각충돌,안전운전불이행,건조,맑음,기타 - 기타,승용,남,66세,부상신고,승합,남,58세,경상
2013122900100141,2013년 12월 29일 08시,일요일,강원도 강릉시 노암동,경상사고,0,0,2,0,차대차 - 측면직각충돌,안전운전불이행,건조,맑음,교차로 - 교차로안,건설기계,남,55세,상해없음,승용,남,28세,경상
2013122900100149,2013년 12월 29일 09시,일요일,강원도 원주시 평원동,중상사고,0,1,0,0,차대차 - 측면직각충돌,신호위반,건조,맑음,교차로 - 교차로안,원동기,여,69세,중상,화물,남,59세,상해없음
2013122900100162,2013년 12월 29일 10시,일요일,강원도 원주시 개운동,경상사고,0,0,1,0,차대차 - 추돌 - 주정차중,안전거리미확보,건조,맑음,단일로 - 기타,원동기,남,18세,상해없음,승용,여,47세,경상
2013122900100203,2013년 12월 29일 13시,일요일,강원도 강릉시 교동,경상사고,0,0,1,0,차대차 - 측면직각충돌,중앙선침범,건조,맑음,교차로 - 교차로부근,승용,남,48세,상해없음,승용,여,27세,경상
2013122900100236,2013년 12월 29일 15시,일요일,강원도 강릉시 노암동,경상사고,0,0,1,0,차대차 - 측면직각충돌,중앙선침범,건조,맑음,단일로 - 기타,승용,남,25세,상해없음,승용,남,42세,경상
2013122900100237,2013년 12월 29일 15시,일요일,강원도 강릉시 연곡면,경상사고,0,0,1,0,차대차 - 측면직각충돌,안전운전불이행,건조,맑음,단일로 - 기타,화물,남,36세,상해없음,승용,여,46세,경상
2013122900100275,2013년 12월 29일 17시,일요일,강원도 원주시 우산동,경상사고,0,0,3,0,차대차 - 추돌 - 진행중,안전거리미확보,건조,맑음,단일로 - 기타,승용,남,43세,상해없음,승용,여,38세,경상
2013122900100314,2013년 12월 29일 18시,일요일,강원도 강릉시 교동,경상사고,0,0,3,1,차대차 - 추돌 - 주정차중,안전운전불이행,건조,맑음,단일로 - 기타,승용,남,27세,상해없음,승용,남,32세,경상
2013122900100315,2013년 12월 29일 18시,일요일,강원도 속초시 조양동,경상사고,0,0,2,0,차대차 - 추돌 - 진행중,교차로운행방법위반,건조,맑음,교차로 - 교차로안,승용,남,58세,상해없음,승용,남,61세,경상
2013122900100351,2013년 12월 29일 19시,일요일,강원도 춘천시 교동,중상사고,0,2,0,0,차대차 - 추돌 - 진행중,안전운전불이행,건조,맑음,단일로 - 기타,승용,남,49세,상해없음,승용,남,35세,중상
2013122900100352,2013년 12월 29일 19시,일요일,강원도 원주시 단계동,경상사고,0,0,1,0,차대사람 - 횡단중,안전운전불이행,건조,맑음,단일로 - 기타,승용,여,49세,상해없음,보행자,남,18세,경상
2013122900100375,2013년 12월 29일 20시,일요일,강원도 춘천시 동면,중상사고,0,1,0,0,차대차 - 측면직각충돌,안전운전불이행,건조,맑음,교차로 - 교차로안,승용,여,53세,상해없음,이륜,남,29세,중상
2013122900100376,2013년 12월 29일 20시,일요일,강원도 양양군 양양읍,중상사고,0,7,2,0,차량단독 - 공작물충돌,안전운전불이행,건조,맑음,교차로 - 교차로부근,승합,남,59세,중상,,,,
2013122900100405,2013년 12월 29일 21시,일요일,강원도 강릉시 교동,중상사고,0,1,1,0,차대차 - 기타,안전운전불이행,건조,맑음,교차로 - 교차로부근,승용,남,27세,상해없음,승용,남,60세,경상
2013122900100406,2013년 12월 29일 21시,일요일,강원도 강릉시 입암동,경상사고,0,0,1,0,차대차 - 추돌 - 주정차중,안전운전불이행,건조,맑음,단일로 - 기타,승용,남,28세,상해없음,승용,여,37세,경상
2013122900100429,2013년 12월 29일 22시,일요일,강원도 원주시 단구동,경상사고,0,0,1,0,차대차 - 기타,안전운전불이행,건조,맑음,교차로 - 교차로안,승용,남,43세,상해없음,원동기,남,22세,경상
2013122900100440,2013년 12월 29일 23시,일요일,강원도 원주시 무실동,중상사고,0,1,1,0,차대차 - 측면직각충돌,교차로운행방법위반,습기,눈,교차로 - 교차로안,승용,남,31세,상해없음,승용,남,56세,경상
2013122900100441,2013년 12월 29일 23시,일요일,강원도 원주시 무실동,중상사고,0,2,0,0,차대차 - 측면직각충돌,차로위반,건조,맑음,단일로 - 기타,승용,남,30세,상해없음,승용,남,38세,중상
2013123000100113,2013년 12월 30일 08시,월요일,강원도 춘천시 효자동,경상사고,0,0,1,0,차대차 - 측면직각충돌,안전거리미확보,건조,맑음,교차로 - 교차로부근,승용,남,36세,상해없음,승용,남,28세,경상
2013123000100114,2013년 12월 30일 08시,월요일,강원도 원주시 무실동,중상사고,0,1,0,0,차대사람 - 기타,안전운전불이행,습기,맑음,단일로 - 기타,승용,남,44세,상해없음,보행자,여,37세,중상
2013123000100140,2013년 12월 30일 09시,월요일,강원도 홍천군 홍천읍,경상사고,0,0,1,0,차대사람 - 기타,안전운전불이행,건조,맑음,교차로 - 교차로안,승용,남,36세,상해없음,보행자,여,55세,경상
2013123000100160,2013년 12월 30일 10시,월요일,강원도 횡성군 횡성읍,경상사고,0,0,1,0,차대사람 - 기타,안전운전불이행,건조,맑음,교차로 - 교차로안,승용,남,43세,상해없음,보행자,남,50세,경상
2013123000100185,2013년 12월 30일 11시,월요일,강원도 춘천시 퇴계동,부상신고사고,0,0,0,1,차대차 - 측면직각충돌,안전운전불이행,건조,맑음,교차로 - 교차로부근,승용,남,31세,상해없음,화물,남,55세,부상신고
2013123000100186,2013년 12월 30일 11시,월요일,강원도 강릉시 포남동,중상사고,0,1,1,0,차대차 - 측면직각충돌,안전운전불이행,건조,맑음,교차로 - 교차로안,승용,남,38세,중상,승용,남,43세,경상
2013123000100187,2013년 12월 30일 11시,월요일,강원도 속초시 조양동,중상사고,0,1,0,0,차대차 - 측면직각충돌,안전거리미확보,건조,맑음,단일로 - 기타,승합,남,64세,상해없음,원동기,남,72세,중상
2013123000100214,2013년 12월 30일 12시,월요일,강원도 춘천시 퇴계동,중상사고,0,1,0,0,차대차 - 측면직각충돌,안전운전불이행,건조,맑음,단일로 - 기타,승용,남,70세,상해없음,승용,남,55세,중상
2013123000100241,2013년 12월 30일 13시,월요일,강원도 강릉시 옥천동,중상사고,0,1,0,0,차대사람 - 차도통행중,안전운전불이행,건조,맑음,단일로 - 기타,화물,남,44세,상해없음,보행자,여,53세,중상
2013123000100242,2013년 12월 30일 13시,월요일,강원도 화천군 화천읍,경상사고,0,0,1,0,차대사람 - 기타,안전운전불이행,건조,맑음,단일로 - 기타,승용,남,44세,상해없음,보행자,여,36세,경상
2013123000100270,2013년 12월 30일 14시,월요일,강원도 양양군 현남면,경상사고,0,0,2,0,차대차 - 측면직각충돌,안전운전불이행,건조,맑음,단일로 - 기타,화물,여,55세,상해없음,승용,남,53세,경상
2013123000100355,2013년 12월 30일 17시,월요일,강원도 원주시 무실동,경상사고,0,0,4,0,차대차 - 기타,안전운전불이행,건조,맑음,교차로 - 교차로부근,승용,남,55세,상해없음,승용,남,56세,경상
2013123000100356,2013년 12월 30일 17시,월요일,강원도 원주시 문막읍,중상사고,0,1,0,0,차대차 - 기타,안전운전불이행,건조,흐림,교차로 - 교차로부근,승용,남,43세,상해없음,승용,남,76세,중상
2013123000100357,2013년 12월 30일 17시,월요일,강원도 원주시 판부면,중상사고,0,1,0,0,차대사람 - 기타,안전운전불이행,건조,맑음,교차로 - 교차로안,화물,남,59세,상해없음,보행자,여,21세,중상
2013123000100408,2013년 12월 30일 18시,월요일,강원도 양구군 양구읍,사망사고,1,0,0,0,차대사람 - 횡단중,안전운전불이행,건조,흐림,단일로 - 기타,승용,남,52세,상해없음,보행자,남,61세,사망
2013123000100409,2013년 12월 30일 18시,월요일,강원도 동해시 쇄운동,경상사고,0,0,2,0,차대차 - 측면직각충돌,차로위반,건조,맑음,단일로 - 기타,승용,여,58세,상해없음,승용,여,48세,경상
2013123000100448,2013년 12월 30일 19시,월요일,강원도 원주시 단계동,경상사고,0,0,2,0,차대차 - 측면직각충돌,교차로운행방법위반,건조,맑음,교차로 - 교차로안,화물,남,61세,상해없음,승용,남,42세,경상
2013123000100449,2013년 12월 30일 19시,월요일,강원도 속초시 대포동,중상사고,0,2,0,0,차대차 - 측면직각충돌,안전운전불이행,건조,맑음,교차로 - 교차로부근,승용,남,48세,상해없음,승용,남,38세,중상
2013123000100494,2013년 12월 30일 20시,월요일,강원도 강릉시 강문동,경상사고,0,0,4,0,차대차 - 추돌 - 주정차중,안전운전불이행,건조,맑음,교차로 - 교차로부근,승합,남,57세,기타불명,승용,여,54세,경상
2013123000100534,2013년 12월 30일 21시,월요일,강원도 강릉시 포남동,경상사고,0,0,1,0,차대차 - 측면직각충돌,안전운전불이행,건조,맑음,교차로 - 교차로안,승용,남,57세,상해없음,승용,여,54세,경상
2013123000100581,2013년 12월 30일 22시,월요일,강원도 춘천시 온의동,경상사고,0,0,2,0,차대차 - 추돌 - 진행중,안전운전불이행,건조,맑음,교차로 - 교차로부근,승용,남,30세,상해없음,승용,여,25세,경상
2013123100100145,2013년 12월 31일 07시,화요일,강원도 원주시 소초면,경상사고,0,0,1,0,차대차 - 추돌 - 진행중,안전운전불이행,건조,맑음,교차로 - 교차로부근,화물,남,46세,상해없음,승용,여,30세,경상
2013123100100167,2013년 12월 31일 08시,화요일,강원도 춘천시 교동,중상사고,0,1,1,0,차대차 - 측면직각충돌,교차로운행방법위반,건조,맑음,교차로 - 교차로안,승용,남,66세,상해없음,승용,남,51세,경상
2013123100100168,2013년 12월 31일 08시,화요일,강원도 강릉시 주문진읍,경상사고,0,0,1,0,차대차 - 측면직각충돌,교차로운행방법위반,건조,맑음,교차로 - 교차로안,승용,남,33세,상해없음,자전거,남,17세,경상
2013123100100192,2013년 12월 31일 09시,화요일,강원도 철원군 갈말읍,경상사고,0,0,1,0,차대차 - 측면직각충돌,안전운전불이행,건조,맑음,단일로 - 기타,승용,여,32세,경상,화물,남,21세,상해없음
2013123100100216,2013년 12월 31일 10시,화요일,강원도 동해시 용정동,중상사고,0,1,2,0,차대차 - 측면직각충돌,안전거리미확보,건조,맑음,단일로 - 기타,건설기계,남,37세,상해없음,승용,여,26세,경상
2013123100100238,2013년 12월 31일 11시,화요일,강원도 삼척시 남양동,경상사고,0,0,1,0,차대사람 - 보도통행중,신호위반,건조,맑음,교차로 - 교차로부근,승용,남,68세,상해없음,보행자,남,57세,경상
2013123100100265,2013년 12월 31일 12시,화요일,강원도 강릉시 교동,경상사고,0,0,1,0,차대차 - 기타,안전운전불이행,건조,맑음,단일로 - 기타,승용,남,74세,상해없음,승용,여,24세,경상
2013123100100286,2013년 12월 31일 13시,화요일,강원도 춘천시 석사동,경상사고,0,0,2,0,차대차 - 측면직각충돌,신호위반,건조,맑음,교차로 - 교차로안,승용,남,65세,상해없음,승용,여,42세,경상
2013123100100312,2013년 12월 31일 14시,화요일,강원도 속초시 중앙동,경상사고,0,0,1,0,차대차 - 추돌 - 진행중,안전운전불이행,건조,흐림,단일로 - 기타,승합,남,67세,상해없음,이륜,남,39세,경상
2013123100100313,2013년 12월 31일 14시,화요일,강원도 속초시 중앙동,경상사고,0,0,1,0,차대사람 - 길가장자리구역통행중,안전운전불이행,건조,맑음,단일로 - 기타,화물,남,56세,상해없음,보행자,남,56세,경상
2013123100100345,2013년 12월 31일 15시,화요일,강원도 원주시 흥업면,경상사고,0,0,2,0,차대차 - 정면충돌,안전운전불이행,건조,맑음,교차로 - 교차로안,승용,여,57세,경상,승용,남,22세,경상
2013123100100346,2013년 12월 31일 15시,화요일,강원도 속초시 노학동,경상사고,0,0,4,0,차대차 - 측면직각충돌,신호위반,건조,맑음,교차로 - 교차로안,승용,남,52세,상해없음,승용,남,51세,경상
2013123100100370,2013년 12월 31일 16시,화요일,강원도 춘천시 석사동,부상신고사고,0,0,0,1,차대사람 - 기타,안전운전불이행,건조,맑음,기타 - 기타,기타불명,기타불명,기타불명,기타불명,보행자,여,47세,부상신고
2013123100100397,2013년 12월 31일 17시,화요일,강원도 강릉시 죽헌동,경상사고,0,0,3,0,차대차 - 기타,안전운전불이행,기타,기타,단일로 - 기타,화물,남,58세,상해없음,승용,여,37세,경상
2013123100100398,2013년 12월 31일 17시,화요일,강원도 양양군 양양읍,경상사고,0,0,3,0,차대차 - 측면직각충돌,안전운전불이행,건조,맑음,단일로 - 기타,승용,남,78세,상해없음,승용,여,50세,경상
2013123100100444,2013년 12월 31일 18시,화요일,강원도 춘천시 퇴계동,경상사고,0,0,3,0,차대차 - 측면직각충돌,신호위반,건조,맑음,교차로 - 교차로안,화물,남,55세,상해없음,승용,남,43세,경상
2013123100100445,2013년 12월 31일 18시,화요일,강원도 원주시 문막읍,경상사고,0,0,1,0,차대차 - 측면직각충돌,차로위반,건조,맑음,단일로 - 기타,화물,남,58세,상해없음,이륜,남,16세,경상
2013123100100496,2013년 12월 31일 19시,화요일,강원도 춘천시 석사동,중상사고,0,1,0,0,차대차 - 측면직각충돌,중앙선침범,건조,맑음,단일로 - 기타,원동기,남,19세,상해없음,원동기,남,19세,중상
2013123100100497,2013년 12월 31일 19시,화요일,강원도 춘천시 석사동,경상사고,0,0,1,0,차대차 - 측면직각충돌,안전거리미확보,건조,맑음,단일로 - 기타,승용,남,42세,상해없음,원동기,남,42세,경상
2013123100100498,2013년 12월 31일 19시,화요일,강원도 춘천시 석사동,중상사고,0,1,1,0,차대차 - 측면직각충돌,신호위반,건조,맑음,교차로 - 교차로안,승용,여,54세,기타불명,승용,남,29세,경상
2013123100100499,2013년 12월 31일 19시,화요일,강원도 원주시 소초면,경상사고,0,0,2,0,차대차 - 추돌 - 진행중,안전운전불이행,건조,맑음,교차로 - 교차로부근,화물,남,41세,상해없음,승용,여,56세,경상
2013123100100500,2013년 12월 31일 19시,화요일,강원도 속초시 장사동,경상사고,0,0,1,0,차대차 - 측면직각충돌,안전운전불이행,건조,맑음,교차로 - 교차로부근,승용,여,51세,상해없음,승용,남,29세,경상
2013123100100501,2013년 12월 31일 19시,화요일,강원도 삼척시 원덕읍,중상사고,0,2,0,0,차대차 - 추돌 - 진행중,안전운전불이행,건조,맑음,단일로 - 기타,특수,남,53세,상해없음,화물,남,41세,중상
2013123100100502,2013년 12월 31일 19시,화요일,강원도 삼척시 교동,중상사고,0,1,0,0,차대사람 - 보도통행중,보행자보호의무위반,건조,맑음,단일로 - 기타,승용,남,47세,상해없음,보행자,여,72세,중상
2013123100100555,2013년 12월 31일 20시,화요일,강원도 화천군 간동면,경상사고,0,0,1,0,차대사람 - 길가장자리구역통행중,안전운전불이행,건조,기타,단일로 - 기타,승용,남,57세,상해없음,보행자,남,58세,경상
2013123100100585,2013년 12월 31일 21시,화요일,강원도 강릉시 교동,경상사고,0,0,2,0,차대차 - 기타,안전운전불이행,건조,맑음,단일로 - 기타,승용,남,53세,상해없음,승용,남,49세,경상
2013123100100586,2013년 12월 31일 21시,화요일,강원도 강릉시 주문진읍,부상신고사고,0,0,0,1,차대사람 - 기타,안전운전불이행,건조,맑음,단일로 - 기타,기타불명,기타불명,기타불명,기타불명,보행자,여,59세,부상신고
2013123100100658,2013년 12월 31일 23시,화요일,강원도 정선군 사북읍,경상사고,0,0,1,0,차대차 - 측면직각충돌,안전운전불이행,건조,맑음,교차로 - 교차로부근,승용,남,44세,상해없음,승용,남,26세,경상